[0.379s] DEBUG:colcon:Command line arguments: ['/usr/bin/colcon', 'build']
[0.380s] DEBUG:colcon:Parsed command line arguments: Namespace(log_base=None, log_level=None, verb_name='build', build_base='build', install_base='install', merge_install=False, symlink_install=False, test_result_base=None, continue_on_error=False, executor='parallel', parallel_workers=8, event_handlers=None, ignore_user_meta=False, metas=['./colcon.meta'], base_paths=['.'], packages_ignore=None, packages_ignore_regex=None, paths=None, packages_up_to=None, packages_up_to_regex=None, packages_above=None, packages_above_and_dependencies=None, packages_above_depth=None, packages_select_by_dep=None, packages_skip_by_dep=None, packages_skip_up_to=None, packages_select_build_failed=False, packages_skip_build_finished=False, packages_select_test_failures=False, packages_skip_test_passed=False, packages_select=None, packages_skip=None, packages_select_regex=None, packages_skip_regex=None, packages_start=None, packages_end=None, allow_overriding=[], cmake_args=None, cmake_target=None, cmake_target_skip_unavailable=False, cmake_clean_cache=False, cmake_clean_first=False, cmake_force_configure=False, ament_cmake_args=None, catkin_cmake_args=None, catkin_skip_building_tests=False, mixin_files=None, mixin=None, verb_parser=<colcon_mixin.mixin.mixin_argument.MixinArgumentDecorator object at 0x721fae12dc90>, verb_extension=<colcon_core.verb.build.BuildVerb object at 0x721fae2cf400>, main=<bound method BuildVerb.main of <colcon_core.verb.build.BuildVerb object at 0x721fae2cf400>>, mixin_verb=('build',))
[0.931s] Level 1:colcon.colcon_core.package_discovery:discover_packages(colcon_meta) check parameters
[0.931s] Level 1:colcon.colcon_core.package_discovery:discover_packages(recursive) check parameters
[0.931s] Level 1:colcon.colcon_core.package_discovery:discover_packages(ignore) check parameters
[0.931s] Level 1:colcon.colcon_core.package_discovery:discover_packages(path) check parameters
[0.931s] Level 1:colcon.colcon_core.package_discovery:discover_packages(colcon_meta) discover
[0.932s] Level 1:colcon.colcon_core.package_discovery:discover_packages(recursive) discover
[0.932s] INFO:colcon.colcon_core.package_discovery:Crawling recursively for packages in '/home/tajw/git/team25_rs1/RS1-Gr25'
[0.932s] Level 1:colcon.colcon_core.package_identification:_identify(.) by extensions ['ignore', 'ignore_ament_install']
[0.932s] Level 1:colcon.colcon_core.package_identification:_identify(.) by extension 'ignore'
[0.932s] Level 1:colcon.colcon_core.package_identification:_identify(.) by extension 'ignore_ament_install'
[0.932s] Level 1:colcon.colcon_core.package_identification:_identify(.) by extensions ['colcon_pkg']
[0.932s] Level 1:colcon.colcon_core.package_identification:_identify(.) by extension 'colcon_pkg'
[0.932s] Level 1:colcon.colcon_core.package_identification:_identify(.) by extensions ['colcon_meta']
[0.933s] Level 1:colcon.colcon_core.package_identification:_identify(.) by extension 'colcon_meta'
[0.933s] Level 1:colcon.colcon_core.package_identification:_identify(.) by extensions ['ros']
[0.933s] Level 1:colcon.colcon_core.package_identification:_identify(.) by extension 'ros'
[0.955s] Level 1:colcon.colcon_core.package_identification:_identify(.) by extensions ['cmake', 'python']
[0.956s] Level 1:colcon.colcon_core.package_identification:_identify(.) by extension 'cmake'
[0.956s] Level 1:colcon.colcon_core.package_identification:_identify(.) by extension 'python'
[0.956s] Level 1:colcon.colcon_core.package_identification:_identify(.) by extensions ['python_setup_py']
[0.956s] Level 1:colcon.colcon_core.package_identification:_identify(.) by extension 'python_setup_py'
[0.956s] Level 1:colcon.colcon_core.package_identification:_identify(build) by extensions ['ignore', 'ignore_ament_install']
[0.956s] Level 1:colcon.colcon_core.package_identification:_identify(build) by extension 'ignore'
[0.956s] Level 1:colcon.colcon_core.package_identification:_identify(build) ignored
[0.956s] Level 1:colcon.colcon_core.package_identification:_identify(install) by extensions ['ignore', 'ignore_ament_install']
[0.957s] Level 1:colcon.colcon_core.package_identification:_identify(install) by extension 'ignore'
[0.957s] Level 1:colcon.colcon_core.package_identification:_identify(install) ignored
[0.957s] Level 1:colcon.colcon_core.package_identification:_identify(log) by extensions ['ignore', 'ignore_ament_install']
[0.957s] Level 1:colcon.colcon_core.package_identification:_identify(log) by extension 'ignore'
[0.957s] Level 1:colcon.colcon_core.package_identification:_identify(log) ignored
[0.957s] Level 1:colcon.colcon_core.package_identification:_identify(src) by extensions ['ignore', 'ignore_ament_install']
[0.957s] Level 1:colcon.colcon_core.package_identification:_identify(src) by extension 'ignore'
[0.957s] Level 1:colcon.colcon_core.package_identification:_identify(src) by extension 'ignore_ament_install'
[0.957s] Level 1:colcon.colcon_core.package_identification:_identify(src) by extensions ['colcon_pkg']
[0.958s] Level 1:colcon.colcon_core.package_identification:_identify(src) by extension 'colcon_pkg'
[0.958s] Level 1:colcon.colcon_core.package_identification:_identify(src) by extensions ['colcon_meta']
[0.958s] Level 1:colcon.colcon_core.package_identification:_identify(src) by extension 'colcon_meta'
[0.958s] Level 1:colcon.colcon_core.package_identification:_identify(src) by extensions ['ros']
[0.958s] Level 1:colcon.colcon_core.package_identification:_identify(src) by extension 'ros'
[0.958s] Level 1:colcon.colcon_core.package_identification:_identify(src) by extensions ['cmake', 'python']
[0.958s] Level 1:colcon.colcon_core.package_identification:_identify(src) by extension 'cmake'
[0.958s] Level 1:colcon.colcon_core.package_identification:_identify(src) by extension 'python'
[0.958s] Level 1:colcon.colcon_core.package_identification:_identify(src) by extensions ['python_setup_py']
[0.958s] Level 1:colcon.colcon_core.package_identification:_identify(src) by extension 'python_setup_py'
[0.958s] Level 1:colcon.colcon_core.package_identification:_identify(src/41068_ignition_bringup_v1) by extensions ['ignore', 'ignore_ament_install']
[0.959s] Level 1:colcon.colcon_core.package_identification:_identify(src/41068_ignition_bringup_v1) by extension 'ignore'
[0.959s] Level 1:colcon.colcon_core.package_identification:_identify(src/41068_ignition_bringup_v1) by extension 'ignore_ament_install'
[0.959s] Level 1:colcon.colcon_core.package_identification:_identify(src/41068_ignition_bringup_v1) by extensions ['colcon_pkg']
[0.959s] Level 1:colcon.colcon_core.package_identification:_identify(src/41068_ignition_bringup_v1) by extension 'colcon_pkg'
[0.959s] Level 1:colcon.colcon_core.package_identification:_identify(src/41068_ignition_bringup_v1) by extensions ['colcon_meta']
[0.959s] Level 1:colcon.colcon_core.package_identification:_identify(src/41068_ignition_bringup_v1) by extension 'colcon_meta'
[0.959s] Level 1:colcon.colcon_core.package_identification:_identify(src/41068_ignition_bringup_v1) by extensions ['ros']
[0.959s] Level 1:colcon.colcon_core.package_identification:_identify(src/41068_ignition_bringup_v1) by extension 'ros'
[0.959s] Level 1:colcon.colcon_core.package_identification:_identify(src/41068_ignition_bringup_v1) by extensions ['cmake', 'python']
[0.959s] Level 1:colcon.colcon_core.package_identification:_identify(src/41068_ignition_bringup_v1) by extension 'cmake'
[0.959s] Level 1:colcon.colcon_core.package_identification:_identify(src/41068_ignition_bringup_v1) by extension 'python'
[0.959s] Level 1:colcon.colcon_core.package_identification:_identify(src/41068_ignition_bringup_v1) by extensions ['python_setup_py']
[0.960s] Level 1:colcon.colcon_core.package_identification:_identify(src/41068_ignition_bringup_v1) by extension 'python_setup_py'
[0.960s] Level 1:colcon.colcon_core.package_identification:_identify(src/41068_ignition_bringup_v1/41068_ignition_bringup) by extensions ['ignore', 'ignore_ament_install']
[0.960s] Level 1:colcon.colcon_core.package_identification:_identify(src/41068_ignition_bringup_v1/41068_ignition_bringup) by extension 'ignore'
[0.960s] Level 1:colcon.colcon_core.package_identification:_identify(src/41068_ignition_bringup_v1/41068_ignition_bringup) by extension 'ignore_ament_install'
[0.960s] Level 1:colcon.colcon_core.package_identification:_identify(src/41068_ignition_bringup_v1/41068_ignition_bringup) by extensions ['colcon_pkg']
[0.960s] Level 1:colcon.colcon_core.package_identification:_identify(src/41068_ignition_bringup_v1/41068_ignition_bringup) by extension 'colcon_pkg'
[0.960s] Level 1:colcon.colcon_core.package_identification:_identify(src/41068_ignition_bringup_v1/41068_ignition_bringup) by extensions ['colcon_meta']
[0.960s] Level 1:colcon.colcon_core.package_identification:_identify(src/41068_ignition_bringup_v1/41068_ignition_bringup) by extension 'colcon_meta'
[0.960s] Level 1:colcon.colcon_core.package_identification:_identify(src/41068_ignition_bringup_v1/41068_ignition_bringup) by extensions ['ros']
[0.961s] Level 1:colcon.colcon_core.package_identification:_identify(src/41068_ignition_bringup_v1/41068_ignition_bringup) by extension 'ros'
[0.972s] DEBUG:colcon.colcon_core.package_identification:Package 'src/41068_ignition_bringup_v1/41068_ignition_bringup' with type 'ros.ament_cmake' and name '41068_ignition_bringup'
[0.972s] Level 1:colcon.colcon_core.package_identification:_identify(src/build) by extensions ['ignore', 'ignore_ament_install']
[0.973s] Level 1:colcon.colcon_core.package_identification:_identify(src/build) by extension 'ignore'
[0.973s] Level 1:colcon.colcon_core.package_identification:_identify(src/build) by extension 'ignore_ament_install'
[0.973s] Level 1:colcon.colcon_core.package_identification:_identify(src/build) by extensions ['colcon_pkg']
[0.973s] Level 1:colcon.colcon_core.package_identification:_identify(src/build) by extension 'colcon_pkg'
[0.973s] Level 1:colcon.colcon_core.package_identification:_identify(src/build) by extensions ['colcon_meta']
[0.973s] Level 1:colcon.colcon_core.package_identification:_identify(src/build) by extension 'colcon_meta'
[0.973s] Level 1:colcon.colcon_core.package_identification:_identify(src/build) by extensions ['ros']
[0.973s] Level 1:colcon.colcon_core.package_identification:_identify(src/build) by extension 'ros'
[0.974s] Level 1:colcon.colcon_core.package_identification:_identify(src/build) by extensions ['cmake', 'python']
[0.974s] Level 1:colcon.colcon_core.package_identification:_identify(src/build) by extension 'cmake'
[0.974s] Level 1:colcon.colcon_core.package_identification:_identify(src/build) by extension 'python'
[0.974s] Level 1:colcon.colcon_core.package_identification:_identify(src/build) by extensions ['python_setup_py']
[0.974s] Level 1:colcon.colcon_core.package_identification:_identify(src/build) by extension 'python_setup_py'
[0.974s] Level 1:colcon.colcon_core.package_identification:_identify(src/build/41068_ignition_bringup) by extensions ['ignore', 'ignore_ament_install']
[0.974s] Level 1:colcon.colcon_core.package_identification:_identify(src/build/41068_ignition_bringup) by extension 'ignore'
[0.975s] Level 1:colcon.colcon_core.package_identification:_identify(src/build/41068_ignition_bringup) by extension 'ignore_ament_install'
[0.975s] Level 1:colcon.colcon_core.package_identification:_identify(src/build/41068_ignition_bringup) by extensions ['colcon_pkg']
[0.975s] Level 1:colcon.colcon_core.package_identification:_identify(src/build/41068_ignition_bringup) by extension 'colcon_pkg'
[0.975s] Level 1:colcon.colcon_core.package_identification:_identify(src/build/41068_ignition_bringup) by extensions ['colcon_meta']
[0.975s] Level 1:colcon.colcon_core.package_identification:_identify(src/build/41068_ignition_bringup) by extension 'colcon_meta'
[0.975s] Level 1:colcon.colcon_core.package_identification:_identify(src/build/41068_ignition_bringup) by extensions ['ros']
[0.975s] Level 1:colcon.colcon_core.package_identification:_identify(src/build/41068_ignition_bringup) by extension 'ros'
[0.975s] Level 1:colcon.colcon_core.package_identification:_identify(src/build/41068_ignition_bringup) by extensions ['cmake', 'python']
[0.975s] Level 1:colcon.colcon_core.package_identification:_identify(src/build/41068_ignition_bringup) by extension 'cmake'
[0.975s] Level 1:colcon.colcon_core.package_identification:_identify(src/build/41068_ignition_bringup) by extension 'python'
[0.975s] Level 1:colcon.colcon_core.package_identification:_identify(src/build/41068_ignition_bringup) by extensions ['python_setup_py']
[0.975s] Level 1:colcon.colcon_core.package_identification:_identify(src/build/41068_ignition_bringup) by extension 'python_setup_py'
[0.976s] Level 1:colcon.colcon_core.package_identification:_identify(src/build/41068_ignition_bringup/CMakeFiles) by extensions ['ignore', 'ignore_ament_install']
[0.976s] Level 1:colcon.colcon_core.package_identification:_identify(src/build/41068_ignition_bringup/CMakeFiles) by extension 'ignore'
[0.976s] Level 1:colcon.colcon_core.package_identification:_identify(src/build/41068_ignition_bringup/CMakeFiles) by extension 'ignore_ament_install'
[0.976s] Level 1:colcon.colcon_core.package_identification:_identify(src/build/41068_ignition_bringup/CMakeFiles) by extensions ['colcon_pkg']
[0.976s] Level 1:colcon.colcon_core.package_identification:_identify(src/build/41068_ignition_bringup/CMakeFiles) by extension 'colcon_pkg'
[0.976s] Level 1:colcon.colcon_core.package_identification:_identify(src/build/41068_ignition_bringup/CMakeFiles) by extensions ['colcon_meta']
[0.976s] Level 1:colcon.colcon_core.package_identification:_identify(src/build/41068_ignition_bringup/CMakeFiles) by extension 'colcon_meta'
[0.976s] Level 1:colcon.colcon_core.package_identification:_identify(src/build/41068_ignition_bringup/CMakeFiles) by extensions ['ros']
[0.976s] Level 1:colcon.colcon_core.package_identification:_identify(src/build/41068_ignition_bringup/CMakeFiles) by extension 'ros'
[0.976s] Level 1:colcon.colcon_core.package_identification:_identify(src/build/41068_ignition_bringup/CMakeFiles) by extensions ['cmake', 'python']
[0.976s] Level 1:colcon.colcon_core.package_identification:_identify(src/build/41068_ignition_bringup/CMakeFiles) by extension 'cmake'
[0.976s] Level 1:colcon.colcon_core.package_identification:_identify(src/build/41068_ignition_bringup/CMakeFiles) by extension 'python'
[0.977s] Level 1:colcon.colcon_core.package_identification:_identify(src/build/41068_ignition_bringup/CMakeFiles) by extensions ['python_setup_py']
[0.977s] Level 1:colcon.colcon_core.package_identification:_identify(src/build/41068_ignition_bringup/CMakeFiles) by extension 'python_setup_py'
[0.977s] Level 1:colcon.colcon_core.package_identification:_identify(src/build/41068_ignition_bringup/CMakeFiles/3.22.1) by extensions ['ignore', 'ignore_ament_install']
[0.977s] Level 1:colcon.colcon_core.package_identification:_identify(src/build/41068_ignition_bringup/CMakeFiles/3.22.1) by extension 'ignore'
[0.977s] Level 1:colcon.colcon_core.package_identification:_identify(src/build/41068_ignition_bringup/CMakeFiles/3.22.1) by extension 'ignore_ament_install'
[0.977s] Level 1:colcon.colcon_core.package_identification:_identify(src/build/41068_ignition_bringup/CMakeFiles/3.22.1) by extensions ['colcon_pkg']
[0.977s] Level 1:colcon.colcon_core.package_identification:_identify(src/build/41068_ignition_bringup/CMakeFiles/3.22.1) by extension 'colcon_pkg'
[0.977s] Level 1:colcon.colcon_core.package_identification:_identify(src/build/41068_ignition_bringup/CMakeFiles/3.22.1) by extensions ['colcon_meta']
[0.977s] Level 1:colcon.colcon_core.package_identification:_identify(src/build/41068_ignition_bringup/CMakeFiles/3.22.1) by extension 'colcon_meta'
[0.977s] Level 1:colcon.colcon_core.package_identification:_identify(src/build/41068_ignition_bringup/CMakeFiles/3.22.1) by extensions ['ros']
[0.977s] Level 1:colcon.colcon_core.package_identification:_identify(src/build/41068_ignition_bringup/CMakeFiles/3.22.1) by extension 'ros'
[0.978s] Level 1:colcon.colcon_core.package_identification:_identify(src/build/41068_ignition_bringup/CMakeFiles/3.22.1) by extensions ['cmake', 'python']
[0.978s] Level 1:colcon.colcon_core.package_identification:_identify(src/build/41068_ignition_bringup/CMakeFiles/3.22.1) by extension 'cmake'
[0.978s] Level 1:colcon.colcon_core.package_identification:_identify(src/build/41068_ignition_bringup/CMakeFiles/3.22.1) by extension 'python'
[0.978s] Level 1:colcon.colcon_core.package_identification:_identify(src/build/41068_ignition_bringup/CMakeFiles/3.22.1) by extensions ['python_setup_py']
[0.978s] Level 1:colcon.colcon_core.package_identification:_identify(src/build/41068_ignition_bringup/CMakeFiles/3.22.1) by extension 'python_setup_py'
[0.978s] Level 1:colcon.colcon_core.package_identification:_identify(src/build/41068_ignition_bringup/CMakeFiles/3.22.1/CompilerIdC) by extensions ['ignore', 'ignore_ament_install']
[0.978s] Level 1:colcon.colcon_core.package_identification:_identify(src/build/41068_ignition_bringup/CMakeFiles/3.22.1/CompilerIdC) by extension 'ignore'
[0.979s] Level 1:colcon.colcon_core.package_identification:_identify(src/build/41068_ignition_bringup/CMakeFiles/3.22.1/CompilerIdC) by extension 'ignore_ament_install'
[0.979s] Level 1:colcon.colcon_core.package_identification:_identify(src/build/41068_ignition_bringup/CMakeFiles/3.22.1/CompilerIdC) by extensions ['colcon_pkg']
[0.979s] Level 1:colcon.colcon_core.package_identification:_identify(src/build/41068_ignition_bringup/CMakeFiles/3.22.1/CompilerIdC) by extension 'colcon_pkg'
[0.979s] Level 1:colcon.colcon_core.package_identification:_identify(src/build/41068_ignition_bringup/CMakeFiles/3.22.1/CompilerIdC) by extensions ['colcon_meta']
[0.979s] Level 1:colcon.colcon_core.package_identification:_identify(src/build/41068_ignition_bringup/CMakeFiles/3.22.1/CompilerIdC) by extension 'colcon_meta'
[0.979s] Level 1:colcon.colcon_core.package_identification:_identify(src/build/41068_ignition_bringup/CMakeFiles/3.22.1/CompilerIdC) by extensions ['ros']
[0.979s] Level 1:colcon.colcon_core.package_identification:_identify(src/build/41068_ignition_bringup/CMakeFiles/3.22.1/CompilerIdC) by extension 'ros'
[0.979s] Level 1:colcon.colcon_core.package_identification:_identify(src/build/41068_ignition_bringup/CMakeFiles/3.22.1/CompilerIdC) by extensions ['cmake', 'python']
[0.979s] Level 1:colcon.colcon_core.package_identification:_identify(src/build/41068_ignition_bringup/CMakeFiles/3.22.1/CompilerIdC) by extension 'cmake'
[0.979s] Level 1:colcon.colcon_core.package_identification:_identify(src/build/41068_ignition_bringup/CMakeFiles/3.22.1/CompilerIdC) by extension 'python'
[0.979s] Level 1:colcon.colcon_core.package_identification:_identify(src/build/41068_ignition_bringup/CMakeFiles/3.22.1/CompilerIdC) by extensions ['python_setup_py']
[0.979s] Level 1:colcon.colcon_core.package_identification:_identify(src/build/41068_ignition_bringup/CMakeFiles/3.22.1/CompilerIdC) by extension 'python_setup_py'
[0.980s] Level 1:colcon.colcon_core.package_identification:_identify(src/build/41068_ignition_bringup/CMakeFiles/3.22.1/CompilerIdC/tmp) by extensions ['ignore', 'ignore_ament_install']
[0.980s] Level 1:colcon.colcon_core.package_identification:_identify(src/build/41068_ignition_bringup/CMakeFiles/3.22.1/CompilerIdC/tmp) by extension 'ignore'
[0.980s] Level 1:colcon.colcon_core.package_identification:_identify(src/build/41068_ignition_bringup/CMakeFiles/3.22.1/CompilerIdC/tmp) by extension 'ignore_ament_install'
[0.980s] Level 1:colcon.colcon_core.package_identification:_identify(src/build/41068_ignition_bringup/CMakeFiles/3.22.1/CompilerIdC/tmp) by extensions ['colcon_pkg']
[0.980s] Level 1:colcon.colcon_core.package_identification:_identify(src/build/41068_ignition_bringup/CMakeFiles/3.22.1/CompilerIdC/tmp) by extension 'colcon_pkg'
[0.980s] Level 1:colcon.colcon_core.package_identification:_identify(src/build/41068_ignition_bringup/CMakeFiles/3.22.1/CompilerIdC/tmp) by extensions ['colcon_meta']
[0.980s] Level 1:colcon.colcon_core.package_identification:_identify(src/build/41068_ignition_bringup/CMakeFiles/3.22.1/CompilerIdC/tmp) by extension 'colcon_meta'
[0.980s] Level 1:colcon.colcon_core.package_identification:_identify(src/build/41068_ignition_bringup/CMakeFiles/3.22.1/CompilerIdC/tmp) by extensions ['ros']
[0.980s] Level 1:colcon.colcon_core.package_identification:_identify(src/build/41068_ignition_bringup/CMakeFiles/3.22.1/CompilerIdC/tmp) by extension 'ros'
[0.981s] Level 1:colcon.colcon_core.package_identification:_identify(src/build/41068_ignition_bringup/CMakeFiles/3.22.1/CompilerIdC/tmp) by extensions ['cmake', 'python']
[0.981s] Level 1:colcon.colcon_core.package_identification:_identify(src/build/41068_ignition_bringup/CMakeFiles/3.22.1/CompilerIdC/tmp) by extension 'cmake'
[0.981s] Level 1:colcon.colcon_core.package_identification:_identify(src/build/41068_ignition_bringup/CMakeFiles/3.22.1/CompilerIdC/tmp) by extension 'python'
[0.981s] Level 1:colcon.colcon_core.package_identification:_identify(src/build/41068_ignition_bringup/CMakeFiles/3.22.1/CompilerIdC/tmp) by extensions ['python_setup_py']
[0.981s] Level 1:colcon.colcon_core.package_identification:_identify(src/build/41068_ignition_bringup/CMakeFiles/3.22.1/CompilerIdC/tmp) by extension 'python_setup_py'
[0.981s] Level 1:colcon.colcon_core.package_identification:_identify(src/build/41068_ignition_bringup/CMakeFiles/3.22.1/CompilerIdCXX) by extensions ['ignore', 'ignore_ament_install']
[0.982s] Level 1:colcon.colcon_core.package_identification:_identify(src/build/41068_ignition_bringup/CMakeFiles/3.22.1/CompilerIdCXX) by extension 'ignore'
[0.982s] Level 1:colcon.colcon_core.package_identification:_identify(src/build/41068_ignition_bringup/CMakeFiles/3.22.1/CompilerIdCXX) by extension 'ignore_ament_install'
[0.983s] Level 1:colcon.colcon_core.package_identification:_identify(src/build/41068_ignition_bringup/CMakeFiles/3.22.1/CompilerIdCXX) by extensions ['colcon_pkg']
[0.983s] Level 1:colcon.colcon_core.package_identification:_identify(src/build/41068_ignition_bringup/CMakeFiles/3.22.1/CompilerIdCXX) by extension 'colcon_pkg'
[0.983s] Level 1:colcon.colcon_core.package_identification:_identify(src/build/41068_ignition_bringup/CMakeFiles/3.22.1/CompilerIdCXX) by extensions ['colcon_meta']
[0.984s] Level 1:colcon.colcon_core.package_identification:_identify(src/build/41068_ignition_bringup/CMakeFiles/3.22.1/CompilerIdCXX) by extension 'colcon_meta'
[0.984s] Level 1:colcon.colcon_core.package_identification:_identify(src/build/41068_ignition_bringup/CMakeFiles/3.22.1/CompilerIdCXX) by extensions ['ros']
[0.984s] Level 1:colcon.colcon_core.package_identification:_identify(src/build/41068_ignition_bringup/CMakeFiles/3.22.1/CompilerIdCXX) by extension 'ros'
[0.984s] Level 1:colcon.colcon_core.package_identification:_identify(src/build/41068_ignition_bringup/CMakeFiles/3.22.1/CompilerIdCXX) by extensions ['cmake', 'python']
[0.984s] Level 1:colcon.colcon_core.package_identification:_identify(src/build/41068_ignition_bringup/CMakeFiles/3.22.1/CompilerIdCXX) by extension 'cmake'
[0.984s] Level 1:colcon.colcon_core.package_identification:_identify(src/build/41068_ignition_bringup/CMakeFiles/3.22.1/CompilerIdCXX) by extension 'python'
[0.984s] Level 1:colcon.colcon_core.package_identification:_identify(src/build/41068_ignition_bringup/CMakeFiles/3.22.1/CompilerIdCXX) by extensions ['python_setup_py']
[0.984s] Level 1:colcon.colcon_core.package_identification:_identify(src/build/41068_ignition_bringup/CMakeFiles/3.22.1/CompilerIdCXX) by extension 'python_setup_py'
[0.985s] Level 1:colcon.colcon_core.package_identification:_identify(src/build/41068_ignition_bringup/CMakeFiles/3.22.1/CompilerIdCXX/tmp) by extensions ['ignore', 'ignore_ament_install']
[0.985s] Level 1:colcon.colcon_core.package_identification:_identify(src/build/41068_ignition_bringup/CMakeFiles/3.22.1/CompilerIdCXX/tmp) by extension 'ignore'
[0.985s] Level 1:colcon.colcon_core.package_identification:_identify(src/build/41068_ignition_bringup/CMakeFiles/3.22.1/CompilerIdCXX/tmp) by extension 'ignore_ament_install'
[0.985s] Level 1:colcon.colcon_core.package_identification:_identify(src/build/41068_ignition_bringup/CMakeFiles/3.22.1/CompilerIdCXX/tmp) by extensions ['colcon_pkg']
[0.985s] Level 1:colcon.colcon_core.package_identification:_identify(src/build/41068_ignition_bringup/CMakeFiles/3.22.1/CompilerIdCXX/tmp) by extension 'colcon_pkg'
[0.986s] Level 1:colcon.colcon_core.package_identification:_identify(src/build/41068_ignition_bringup/CMakeFiles/3.22.1/CompilerIdCXX/tmp) by extensions ['colcon_meta']
[0.986s] Level 1:colcon.colcon_core.package_identification:_identify(src/build/41068_ignition_bringup/CMakeFiles/3.22.1/CompilerIdCXX/tmp) by extension 'colcon_meta'
[0.986s] Level 1:colcon.colcon_core.package_identification:_identify(src/build/41068_ignition_bringup/CMakeFiles/3.22.1/CompilerIdCXX/tmp) by extensions ['ros']
[0.986s] Level 1:colcon.colcon_core.package_identification:_identify(src/build/41068_ignition_bringup/CMakeFiles/3.22.1/CompilerIdCXX/tmp) by extension 'ros'
[0.986s] Level 1:colcon.colcon_core.package_identification:_identify(src/build/41068_ignition_bringup/CMakeFiles/3.22.1/CompilerIdCXX/tmp) by extensions ['cmake', 'python']
[0.986s] Level 1:colcon.colcon_core.package_identification:_identify(src/build/41068_ignition_bringup/CMakeFiles/3.22.1/CompilerIdCXX/tmp) by extension 'cmake'
[0.987s] Level 1:colcon.colcon_core.package_identification:_identify(src/build/41068_ignition_bringup/CMakeFiles/3.22.1/CompilerIdCXX/tmp) by extension 'python'
[0.987s] Level 1:colcon.colcon_core.package_identification:_identify(src/build/41068_ignition_bringup/CMakeFiles/3.22.1/CompilerIdCXX/tmp) by extensions ['python_setup_py']
[0.987s] Level 1:colcon.colcon_core.package_identification:_identify(src/build/41068_ignition_bringup/CMakeFiles/3.22.1/CompilerIdCXX/tmp) by extension 'python_setup_py'
[0.987s] Level 1:colcon.colcon_core.package_identification:_identify(src/build/41068_ignition_bringup/CMakeFiles/CMakeTmp) by extensions ['ignore', 'ignore_ament_install']
[0.987s] Level 1:colcon.colcon_core.package_identification:_identify(src/build/41068_ignition_bringup/CMakeFiles/CMakeTmp) by extension 'ignore'
[0.987s] Level 1:colcon.colcon_core.package_identification:_identify(src/build/41068_ignition_bringup/CMakeFiles/CMakeTmp) by extension 'ignore_ament_install'
[0.987s] Level 1:colcon.colcon_core.package_identification:_identify(src/build/41068_ignition_bringup/CMakeFiles/CMakeTmp) by extensions ['colcon_pkg']
[0.987s] Level 1:colcon.colcon_core.package_identification:_identify(src/build/41068_ignition_bringup/CMakeFiles/CMakeTmp) by extension 'colcon_pkg'
[0.988s] Level 1:colcon.colcon_core.package_identification:_identify(src/build/41068_ignition_bringup/CMakeFiles/CMakeTmp) by extensions ['colcon_meta']
[0.988s] Level 1:colcon.colcon_core.package_identification:_identify(src/build/41068_ignition_bringup/CMakeFiles/CMakeTmp) by extension 'colcon_meta'
[0.988s] Level 1:colcon.colcon_core.package_identification:_identify(src/build/41068_ignition_bringup/CMakeFiles/CMakeTmp) by extensions ['ros']
[0.988s] Level 1:colcon.colcon_core.package_identification:_identify(src/build/41068_ignition_bringup/CMakeFiles/CMakeTmp) by extension 'ros'
[0.988s] Level 1:colcon.colcon_core.package_identification:_identify(src/build/41068_ignition_bringup/CMakeFiles/CMakeTmp) by extensions ['cmake', 'python']
[0.988s] Level 1:colcon.colcon_core.package_identification:_identify(src/build/41068_ignition_bringup/CMakeFiles/CMakeTmp) by extension 'cmake'
[0.988s] Level 1:colcon.colcon_core.package_identification:_identify(src/build/41068_ignition_bringup/CMakeFiles/CMakeTmp) by extension 'python'
[0.988s] Level 1:colcon.colcon_core.package_identification:_identify(src/build/41068_ignition_bringup/CMakeFiles/CMakeTmp) by extensions ['python_setup_py']
[0.988s] Level 1:colcon.colcon_core.package_identification:_identify(src/build/41068_ignition_bringup/CMakeFiles/CMakeTmp) by extension 'python_setup_py'
[0.989s] Level 1:colcon.colcon_core.package_identification:_identify(src/build/41068_ignition_bringup/ament_copyright) by extensions ['ignore', 'ignore_ament_install']
[0.989s] Level 1:colcon.colcon_core.package_identification:_identify(src/build/41068_ignition_bringup/ament_copyright) by extension 'ignore'
[0.989s] Level 1:colcon.colcon_core.package_identification:_identify(src/build/41068_ignition_bringup/ament_copyright) by extension 'ignore_ament_install'
[0.989s] Level 1:colcon.colcon_core.package_identification:_identify(src/build/41068_ignition_bringup/ament_copyright) by extensions ['colcon_pkg']
[0.989s] Level 1:colcon.colcon_core.package_identification:_identify(src/build/41068_ignition_bringup/ament_copyright) by extension 'colcon_pkg'
[0.989s] Level 1:colcon.colcon_core.package_identification:_identify(src/build/41068_ignition_bringup/ament_copyright) by extensions ['colcon_meta']
[0.989s] Level 1:colcon.colcon_core.package_identification:_identify(src/build/41068_ignition_bringup/ament_copyright) by extension 'colcon_meta'
[0.989s] Level 1:colcon.colcon_core.package_identification:_identify(src/build/41068_ignition_bringup/ament_copyright) by extensions ['ros']
[0.989s] Level 1:colcon.colcon_core.package_identification:_identify(src/build/41068_ignition_bringup/ament_copyright) by extension 'ros'
[0.990s] Level 1:colcon.colcon_core.package_identification:_identify(src/build/41068_ignition_bringup/ament_copyright) by extensions ['cmake', 'python']
[0.990s] Level 1:colcon.colcon_core.package_identification:_identify(src/build/41068_ignition_bringup/ament_copyright) by extension 'cmake'
[0.990s] Level 1:colcon.colcon_core.package_identification:_identify(src/build/41068_ignition_bringup/ament_copyright) by extension 'python'
[0.990s] Level 1:colcon.colcon_core.package_identification:_identify(src/build/41068_ignition_bringup/ament_copyright) by extensions ['python_setup_py']
[0.990s] Level 1:colcon.colcon_core.package_identification:_identify(src/build/41068_ignition_bringup/ament_copyright) by extension 'python_setup_py'
[0.990s] Level 1:colcon.colcon_core.package_identification:_identify(src/build/41068_ignition_bringup/ament_flake8) by extensions ['ignore', 'ignore_ament_install']
[0.990s] Level 1:colcon.colcon_core.package_identification:_identify(src/build/41068_ignition_bringup/ament_flake8) by extension 'ignore'
[0.990s] Level 1:colcon.colcon_core.package_identification:_identify(src/build/41068_ignition_bringup/ament_flake8) by extension 'ignore_ament_install'
[0.990s] Level 1:colcon.colcon_core.package_identification:_identify(src/build/41068_ignition_bringup/ament_flake8) by extensions ['colcon_pkg']
[0.990s] Level 1:colcon.colcon_core.package_identification:_identify(src/build/41068_ignition_bringup/ament_flake8) by extension 'colcon_pkg'
[0.991s] Level 1:colcon.colcon_core.package_identification:_identify(src/build/41068_ignition_bringup/ament_flake8) by extensions ['colcon_meta']
[0.991s] Level 1:colcon.colcon_core.package_identification:_identify(src/build/41068_ignition_bringup/ament_flake8) by extension 'colcon_meta'
[0.991s] Level 1:colcon.colcon_core.package_identification:_identify(src/build/41068_ignition_bringup/ament_flake8) by extensions ['ros']
[0.991s] Level 1:colcon.colcon_core.package_identification:_identify(src/build/41068_ignition_bringup/ament_flake8) by extension 'ros'
[0.991s] Level 1:colcon.colcon_core.package_identification:_identify(src/build/41068_ignition_bringup/ament_flake8) by extensions ['cmake', 'python']
[0.991s] Level 1:colcon.colcon_core.package_identification:_identify(src/build/41068_ignition_bringup/ament_flake8) by extension 'cmake'
[0.991s] Level 1:colcon.colcon_core.package_identification:_identify(src/build/41068_ignition_bringup/ament_flake8) by extension 'python'
[0.991s] Level 1:colcon.colcon_core.package_identification:_identify(src/build/41068_ignition_bringup/ament_flake8) by extensions ['python_setup_py']
[0.991s] Level 1:colcon.colcon_core.package_identification:_identify(src/build/41068_ignition_bringup/ament_flake8) by extension 'python_setup_py'
[0.991s] Level 1:colcon.colcon_core.package_identification:_identify(src/build/41068_ignition_bringup/ament_lint_cmake) by extensions ['ignore', 'ignore_ament_install']
[0.992s] Level 1:colcon.colcon_core.package_identification:_identify(src/build/41068_ignition_bringup/ament_lint_cmake) by extension 'ignore'
[0.992s] Level 1:colcon.colcon_core.package_identification:_identify(src/build/41068_ignition_bringup/ament_lint_cmake) by extension 'ignore_ament_install'
[0.992s] Level 1:colcon.colcon_core.package_identification:_identify(src/build/41068_ignition_bringup/ament_lint_cmake) by extensions ['colcon_pkg']
[0.992s] Level 1:colcon.colcon_core.package_identification:_identify(src/build/41068_ignition_bringup/ament_lint_cmake) by extension 'colcon_pkg'
[0.992s] Level 1:colcon.colcon_core.package_identification:_identify(src/build/41068_ignition_bringup/ament_lint_cmake) by extensions ['colcon_meta']
[0.992s] Level 1:colcon.colcon_core.package_identification:_identify(src/build/41068_ignition_bringup/ament_lint_cmake) by extension 'colcon_meta'
[0.992s] Level 1:colcon.colcon_core.package_identification:_identify(src/build/41068_ignition_bringup/ament_lint_cmake) by extensions ['ros']
[0.992s] Level 1:colcon.colcon_core.package_identification:_identify(src/build/41068_ignition_bringup/ament_lint_cmake) by extension 'ros'
[0.993s] Level 1:colcon.colcon_core.package_identification:_identify(src/build/41068_ignition_bringup/ament_lint_cmake) by extensions ['cmake', 'python']
[0.993s] Level 1:colcon.colcon_core.package_identification:_identify(src/build/41068_ignition_bringup/ament_lint_cmake) by extension 'cmake'
[0.993s] Level 1:colcon.colcon_core.package_identification:_identify(src/build/41068_ignition_bringup/ament_lint_cmake) by extension 'python'
[0.993s] Level 1:colcon.colcon_core.package_identification:_identify(src/build/41068_ignition_bringup/ament_lint_cmake) by extensions ['python_setup_py']
[0.993s] Level 1:colcon.colcon_core.package_identification:_identify(src/build/41068_ignition_bringup/ament_lint_cmake) by extension 'python_setup_py'
[0.993s] Level 1:colcon.colcon_core.package_identification:_identify(src/build/41068_ignition_bringup/ament_pep257) by extensions ['ignore', 'ignore_ament_install']
[0.993s] Level 1:colcon.colcon_core.package_identification:_identify(src/build/41068_ignition_bringup/ament_pep257) by extension 'ignore'
[0.993s] Level 1:colcon.colcon_core.package_identification:_identify(src/build/41068_ignition_bringup/ament_pep257) by extension 'ignore_ament_install'
[0.993s] Level 1:colcon.colcon_core.package_identification:_identify(src/build/41068_ignition_bringup/ament_pep257) by extensions ['colcon_pkg']
[0.993s] Level 1:colcon.colcon_core.package_identification:_identify(src/build/41068_ignition_bringup/ament_pep257) by extension 'colcon_pkg'
[0.994s] Level 1:colcon.colcon_core.package_identification:_identify(src/build/41068_ignition_bringup/ament_pep257) by extensions ['colcon_meta']
[0.994s] Level 1:colcon.colcon_core.package_identification:_identify(src/build/41068_ignition_bringup/ament_pep257) by extension 'colcon_meta'
[0.994s] Level 1:colcon.colcon_core.package_identification:_identify(src/build/41068_ignition_bringup/ament_pep257) by extensions ['ros']
[0.994s] Level 1:colcon.colcon_core.package_identification:_identify(src/build/41068_ignition_bringup/ament_pep257) by extension 'ros'
[0.994s] Level 1:colcon.colcon_core.package_identification:_identify(src/build/41068_ignition_bringup/ament_pep257) by extensions ['cmake', 'python']
[0.994s] Level 1:colcon.colcon_core.package_identification:_identify(src/build/41068_ignition_bringup/ament_pep257) by extension 'cmake'
[0.994s] Level 1:colcon.colcon_core.package_identification:_identify(src/build/41068_ignition_bringup/ament_pep257) by extension 'python'
[0.995s] Level 1:colcon.colcon_core.package_identification:_identify(src/build/41068_ignition_bringup/ament_pep257) by extensions ['python_setup_py']
[0.995s] Level 1:colcon.colcon_core.package_identification:_identify(src/build/41068_ignition_bringup/ament_pep257) by extension 'python_setup_py'
[0.995s] Level 1:colcon.colcon_core.package_identification:_identify(src/build/41068_ignition_bringup/ament_xmllint) by extensions ['ignore', 'ignore_ament_install']
[0.995s] Level 1:colcon.colcon_core.package_identification:_identify(src/build/41068_ignition_bringup/ament_xmllint) by extension 'ignore'
[0.996s] Level 1:colcon.colcon_core.package_identification:_identify(src/build/41068_ignition_bringup/ament_xmllint) by extension 'ignore_ament_install'
[0.996s] Level 1:colcon.colcon_core.package_identification:_identify(src/build/41068_ignition_bringup/ament_xmllint) by extensions ['colcon_pkg']
[0.996s] Level 1:colcon.colcon_core.package_identification:_identify(src/build/41068_ignition_bringup/ament_xmllint) by extension 'colcon_pkg'
[0.996s] Level 1:colcon.colcon_core.package_identification:_identify(src/build/41068_ignition_bringup/ament_xmllint) by extensions ['colcon_meta']
[0.996s] Level 1:colcon.colcon_core.package_identification:_identify(src/build/41068_ignition_bringup/ament_xmllint) by extension 'colcon_meta'
[0.996s] Level 1:colcon.colcon_core.package_identification:_identify(src/build/41068_ignition_bringup/ament_xmllint) by extensions ['ros']
[0.996s] Level 1:colcon.colcon_core.package_identification:_identify(src/build/41068_ignition_bringup/ament_xmllint) by extension 'ros'
[0.996s] Level 1:colcon.colcon_core.package_identification:_identify(src/build/41068_ignition_bringup/ament_xmllint) by extensions ['cmake', 'python']
[0.996s] Level 1:colcon.colcon_core.package_identification:_identify(src/build/41068_ignition_bringup/ament_xmllint) by extension 'cmake'
[0.996s] Level 1:colcon.colcon_core.package_identification:_identify(src/build/41068_ignition_bringup/ament_xmllint) by extension 'python'
[0.996s] Level 1:colcon.colcon_core.package_identification:_identify(src/build/41068_ignition_bringup/ament_xmllint) by extensions ['python_setup_py']
[0.996s] Level 1:colcon.colcon_core.package_identification:_identify(src/build/41068_ignition_bringup/ament_xmllint) by extension 'python_setup_py'
[0.997s] Level 1:colcon.colcon_core.package_identification:_identify(src/build/CMakeFiles) by extensions ['ignore', 'ignore_ament_install']
[0.997s] Level 1:colcon.colcon_core.package_identification:_identify(src/build/CMakeFiles) by extension 'ignore'
[0.997s] Level 1:colcon.colcon_core.package_identification:_identify(src/build/CMakeFiles) by extension 'ignore_ament_install'
[0.997s] Level 1:colcon.colcon_core.package_identification:_identify(src/build/CMakeFiles) by extensions ['colcon_pkg']
[0.997s] Level 1:colcon.colcon_core.package_identification:_identify(src/build/CMakeFiles) by extension 'colcon_pkg'
[0.997s] Level 1:colcon.colcon_core.package_identification:_identify(src/build/CMakeFiles) by extensions ['colcon_meta']
[0.997s] Level 1:colcon.colcon_core.package_identification:_identify(src/build/CMakeFiles) by extension 'colcon_meta'
[0.997s] Level 1:colcon.colcon_core.package_identification:_identify(src/build/CMakeFiles) by extensions ['ros']
[0.998s] Level 1:colcon.colcon_core.package_identification:_identify(src/build/CMakeFiles) by extension 'ros'
[0.998s] Level 1:colcon.colcon_core.package_identification:_identify(src/build/CMakeFiles) by extensions ['cmake', 'python']
[0.998s] Level 1:colcon.colcon_core.package_identification:_identify(src/build/CMakeFiles) by extension 'cmake'
[0.998s] Level 1:colcon.colcon_core.package_identification:_identify(src/build/CMakeFiles) by extension 'python'
[0.998s] Level 1:colcon.colcon_core.package_identification:_identify(src/build/CMakeFiles) by extensions ['python_setup_py']
[0.998s] Level 1:colcon.colcon_core.package_identification:_identify(src/build/CMakeFiles) by extension 'python_setup_py'
[0.998s] Level 1:colcon.colcon_core.package_identification:_identify(src/build/CMakeFiles/3.22.1) by extensions ['ignore', 'ignore_ament_install']
[0.998s] Level 1:colcon.colcon_core.package_identification:_identify(src/build/CMakeFiles/3.22.1) by extension 'ignore'
[0.999s] Level 1:colcon.colcon_core.package_identification:_identify(src/build/CMakeFiles/3.22.1) by extension 'ignore_ament_install'
[0.999s] Level 1:colcon.colcon_core.package_identification:_identify(src/build/CMakeFiles/3.22.1) by extensions ['colcon_pkg']
[0.999s] Level 1:colcon.colcon_core.package_identification:_identify(src/build/CMakeFiles/3.22.1) by extension 'colcon_pkg'
[0.999s] Level 1:colcon.colcon_core.package_identification:_identify(src/build/CMakeFiles/3.22.1) by extensions ['colcon_meta']
[0.999s] Level 1:colcon.colcon_core.package_identification:_identify(src/build/CMakeFiles/3.22.1) by extension 'colcon_meta'
[0.999s] Level 1:colcon.colcon_core.package_identification:_identify(src/build/CMakeFiles/3.22.1) by extensions ['ros']
[0.999s] Level 1:colcon.colcon_core.package_identification:_identify(src/build/CMakeFiles/3.22.1) by extension 'ros'
[1.000s] Level 1:colcon.colcon_core.package_identification:_identify(src/build/CMakeFiles/3.22.1) by extensions ['cmake', 'python']
[1.000s] Level 1:colcon.colcon_core.package_identification:_identify(src/build/CMakeFiles/3.22.1) by extension 'cmake'
[1.000s] Level 1:colcon.colcon_core.package_identification:_identify(src/build/CMakeFiles/3.22.1) by extension 'python'
[1.000s] Level 1:colcon.colcon_core.package_identification:_identify(src/build/CMakeFiles/3.22.1) by extensions ['python_setup_py']
[1.000s] Level 1:colcon.colcon_core.package_identification:_identify(src/build/CMakeFiles/3.22.1) by extension 'python_setup_py'
[1.000s] Level 1:colcon.colcon_core.package_identification:_identify(src/build/CMakeFiles/3.22.1/CompilerIdC) by extensions ['ignore', 'ignore_ament_install']
[1.000s] Level 1:colcon.colcon_core.package_identification:_identify(src/build/CMakeFiles/3.22.1/CompilerIdC) by extension 'ignore'
[1.000s] Level 1:colcon.colcon_core.package_identification:_identify(src/build/CMakeFiles/3.22.1/CompilerIdC) by extension 'ignore_ament_install'
[1.000s] Level 1:colcon.colcon_core.package_identification:_identify(src/build/CMakeFiles/3.22.1/CompilerIdC) by extensions ['colcon_pkg']
[1.001s] Level 1:colcon.colcon_core.package_identification:_identify(src/build/CMakeFiles/3.22.1/CompilerIdC) by extension 'colcon_pkg'
[1.001s] Level 1:colcon.colcon_core.package_identification:_identify(src/build/CMakeFiles/3.22.1/CompilerIdC) by extensions ['colcon_meta']
[1.001s] Level 1:colcon.colcon_core.package_identification:_identify(src/build/CMakeFiles/3.22.1/CompilerIdC) by extension 'colcon_meta'
[1.001s] Level 1:colcon.colcon_core.package_identification:_identify(src/build/CMakeFiles/3.22.1/CompilerIdC) by extensions ['ros']
[1.001s] Level 1:colcon.colcon_core.package_identification:_identify(src/build/CMakeFiles/3.22.1/CompilerIdC) by extension 'ros'
[1.001s] Level 1:colcon.colcon_core.package_identification:_identify(src/build/CMakeFiles/3.22.1/CompilerIdC) by extensions ['cmake', 'python']
[1.001s] Level 1:colcon.colcon_core.package_identification:_identify(src/build/CMakeFiles/3.22.1/CompilerIdC) by extension 'cmake'
[1.001s] Level 1:colcon.colcon_core.package_identification:_identify(src/build/CMakeFiles/3.22.1/CompilerIdC) by extension 'python'
[1.001s] Level 1:colcon.colcon_core.package_identification:_identify(src/build/CMakeFiles/3.22.1/CompilerIdC) by extensions ['python_setup_py']
[1.001s] Level 1:colcon.colcon_core.package_identification:_identify(src/build/CMakeFiles/3.22.1/CompilerIdC) by extension 'python_setup_py'
[1.001s] Level 1:colcon.colcon_core.package_identification:_identify(src/build/CMakeFiles/3.22.1/CompilerIdC/tmp) by extensions ['ignore', 'ignore_ament_install']
[1.002s] Level 1:colcon.colcon_core.package_identification:_identify(src/build/CMakeFiles/3.22.1/CompilerIdC/tmp) by extension 'ignore'
[1.002s] Level 1:colcon.colcon_core.package_identification:_identify(src/build/CMakeFiles/3.22.1/CompilerIdC/tmp) by extension 'ignore_ament_install'
[1.002s] Level 1:colcon.colcon_core.package_identification:_identify(src/build/CMakeFiles/3.22.1/CompilerIdC/tmp) by extensions ['colcon_pkg']
[1.002s] Level 1:colcon.colcon_core.package_identification:_identify(src/build/CMakeFiles/3.22.1/CompilerIdC/tmp) by extension 'colcon_pkg'
[1.003s] Level 1:colcon.colcon_core.package_identification:_identify(src/build/CMakeFiles/3.22.1/CompilerIdC/tmp) by extensions ['colcon_meta']
[1.003s] Level 1:colcon.colcon_core.package_identification:_identify(src/build/CMakeFiles/3.22.1/CompilerIdC/tmp) by extension 'colcon_meta'
[1.003s] Level 1:colcon.colcon_core.package_identification:_identify(src/build/CMakeFiles/3.22.1/CompilerIdC/tmp) by extensions ['ros']
[1.003s] Level 1:colcon.colcon_core.package_identification:_identify(src/build/CMakeFiles/3.22.1/CompilerIdC/tmp) by extension 'ros'
[1.003s] Level 1:colcon.colcon_core.package_identification:_identify(src/build/CMakeFiles/3.22.1/CompilerIdC/tmp) by extensions ['cmake', 'python']
[1.003s] Level 1:colcon.colcon_core.package_identification:_identify(src/build/CMakeFiles/3.22.1/CompilerIdC/tmp) by extension 'cmake'
[1.003s] Level 1:colcon.colcon_core.package_identification:_identify(src/build/CMakeFiles/3.22.1/CompilerIdC/tmp) by extension 'python'
[1.004s] Level 1:colcon.colcon_core.package_identification:_identify(src/build/CMakeFiles/3.22.1/CompilerIdC/tmp) by extensions ['python_setup_py']
[1.004s] Level 1:colcon.colcon_core.package_identification:_identify(src/build/CMakeFiles/3.22.1/CompilerIdC/tmp) by extension 'python_setup_py'
[1.004s] Level 1:colcon.colcon_core.package_identification:_identify(src/build/CMakeFiles/3.22.1/CompilerIdCXX) by extensions ['ignore', 'ignore_ament_install']
[1.004s] Level 1:colcon.colcon_core.package_identification:_identify(src/build/CMakeFiles/3.22.1/CompilerIdCXX) by extension 'ignore'
[1.004s] Level 1:colcon.colcon_core.package_identification:_identify(src/build/CMakeFiles/3.22.1/CompilerIdCXX) by extension 'ignore_ament_install'
[1.004s] Level 1:colcon.colcon_core.package_identification:_identify(src/build/CMakeFiles/3.22.1/CompilerIdCXX) by extensions ['colcon_pkg']
[1.004s] Level 1:colcon.colcon_core.package_identification:_identify(src/build/CMakeFiles/3.22.1/CompilerIdCXX) by extension 'colcon_pkg'
[1.005s] Level 1:colcon.colcon_core.package_identification:_identify(src/build/CMakeFiles/3.22.1/CompilerIdCXX) by extensions ['colcon_meta']
[1.005s] Level 1:colcon.colcon_core.package_identification:_identify(src/build/CMakeFiles/3.22.1/CompilerIdCXX) by extension 'colcon_meta'
[1.005s] Level 1:colcon.colcon_core.package_identification:_identify(src/build/CMakeFiles/3.22.1/CompilerIdCXX) by extensions ['ros']
[1.005s] Level 1:colcon.colcon_core.package_identification:_identify(src/build/CMakeFiles/3.22.1/CompilerIdCXX) by extension 'ros'
[1.005s] Level 1:colcon.colcon_core.package_identification:_identify(src/build/CMakeFiles/3.22.1/CompilerIdCXX) by extensions ['cmake', 'python']
[1.005s] Level 1:colcon.colcon_core.package_identification:_identify(src/build/CMakeFiles/3.22.1/CompilerIdCXX) by extension 'cmake'
[1.005s] Level 1:colcon.colcon_core.package_identification:_identify(src/build/CMakeFiles/3.22.1/CompilerIdCXX) by extension 'python'
[1.005s] Level 1:colcon.colcon_core.package_identification:_identify(src/build/CMakeFiles/3.22.1/CompilerIdCXX) by extensions ['python_setup_py']
[1.006s] Level 1:colcon.colcon_core.package_identification:_identify(src/build/CMakeFiles/3.22.1/CompilerIdCXX) by extension 'python_setup_py'
[1.006s] Level 1:colcon.colcon_core.package_identification:_identify(src/build/CMakeFiles/3.22.1/CompilerIdCXX/tmp) by extensions ['ignore', 'ignore_ament_install']
[1.006s] Level 1:colcon.colcon_core.package_identification:_identify(src/build/CMakeFiles/3.22.1/CompilerIdCXX/tmp) by extension 'ignore'
[1.006s] Level 1:colcon.colcon_core.package_identification:_identify(src/build/CMakeFiles/3.22.1/CompilerIdCXX/tmp) by extension 'ignore_ament_install'
[1.007s] Level 1:colcon.colcon_core.package_identification:_identify(src/build/CMakeFiles/3.22.1/CompilerIdCXX/tmp) by extensions ['colcon_pkg']
[1.007s] Level 1:colcon.colcon_core.package_identification:_identify(src/build/CMakeFiles/3.22.1/CompilerIdCXX/tmp) by extension 'colcon_pkg'
[1.007s] Level 1:colcon.colcon_core.package_identification:_identify(src/build/CMakeFiles/3.22.1/CompilerIdCXX/tmp) by extensions ['colcon_meta']
[1.007s] Level 1:colcon.colcon_core.package_identification:_identify(src/build/CMakeFiles/3.22.1/CompilerIdCXX/tmp) by extension 'colcon_meta'
[1.007s] Level 1:colcon.colcon_core.package_identification:_identify(src/build/CMakeFiles/3.22.1/CompilerIdCXX/tmp) by extensions ['ros']
[1.008s] Level 1:colcon.colcon_core.package_identification:_identify(src/build/CMakeFiles/3.22.1/CompilerIdCXX/tmp) by extension 'ros'
[1.008s] Level 1:colcon.colcon_core.package_identification:_identify(src/build/CMakeFiles/3.22.1/CompilerIdCXX/tmp) by extensions ['cmake', 'python']
[1.008s] Level 1:colcon.colcon_core.package_identification:_identify(src/build/CMakeFiles/3.22.1/CompilerIdCXX/tmp) by extension 'cmake'
[1.008s] Level 1:colcon.colcon_core.package_identification:_identify(src/build/CMakeFiles/3.22.1/CompilerIdCXX/tmp) by extension 'python'
[1.008s] Level 1:colcon.colcon_core.package_identification:_identify(src/build/CMakeFiles/3.22.1/CompilerIdCXX/tmp) by extensions ['python_setup_py']
[1.008s] Level 1:colcon.colcon_core.package_identification:_identify(src/build/CMakeFiles/3.22.1/CompilerIdCXX/tmp) by extension 'python_setup_py'
[1.008s] Level 1:colcon.colcon_core.package_identification:_identify(src/build/CMakeFiles/41068_ignition_bringup_uninstall.dir) by extensions ['ignore', 'ignore_ament_install']
[1.009s] Level 1:colcon.colcon_core.package_identification:_identify(src/build/CMakeFiles/41068_ignition_bringup_uninstall.dir) by extension 'ignore'
[1.009s] Level 1:colcon.colcon_core.package_identification:_identify(src/build/CMakeFiles/41068_ignition_bringup_uninstall.dir) by extension 'ignore_ament_install'
[1.009s] Level 1:colcon.colcon_core.package_identification:_identify(src/build/CMakeFiles/41068_ignition_bringup_uninstall.dir) by extensions ['colcon_pkg']
[1.009s] Level 1:colcon.colcon_core.package_identification:_identify(src/build/CMakeFiles/41068_ignition_bringup_uninstall.dir) by extension 'colcon_pkg'
[1.009s] Level 1:colcon.colcon_core.package_identification:_identify(src/build/CMakeFiles/41068_ignition_bringup_uninstall.dir) by extensions ['colcon_meta']
[1.009s] Level 1:colcon.colcon_core.package_identification:_identify(src/build/CMakeFiles/41068_ignition_bringup_uninstall.dir) by extension 'colcon_meta'
[1.009s] Level 1:colcon.colcon_core.package_identification:_identify(src/build/CMakeFiles/41068_ignition_bringup_uninstall.dir) by extensions ['ros']
[1.009s] Level 1:colcon.colcon_core.package_identification:_identify(src/build/CMakeFiles/41068_ignition_bringup_uninstall.dir) by extension 'ros'
[1.010s] Level 1:colcon.colcon_core.package_identification:_identify(src/build/CMakeFiles/41068_ignition_bringup_uninstall.dir) by extensions ['cmake', 'python']
[1.010s] Level 1:colcon.colcon_core.package_identification:_identify(src/build/CMakeFiles/41068_ignition_bringup_uninstall.dir) by extension 'cmake'
[1.010s] Level 1:colcon.colcon_core.package_identification:_identify(src/build/CMakeFiles/41068_ignition_bringup_uninstall.dir) by extension 'python'
[1.010s] Level 1:colcon.colcon_core.package_identification:_identify(src/build/CMakeFiles/41068_ignition_bringup_uninstall.dir) by extensions ['python_setup_py']
[1.010s] Level 1:colcon.colcon_core.package_identification:_identify(src/build/CMakeFiles/41068_ignition_bringup_uninstall.dir) by extension 'python_setup_py'
[1.011s] Level 1:colcon.colcon_core.package_identification:_identify(src/build/CMakeFiles/CMakeTmp) by extensions ['ignore', 'ignore_ament_install']
[1.011s] Level 1:colcon.colcon_core.package_identification:_identify(src/build/CMakeFiles/CMakeTmp) by extension 'ignore'
[1.011s] Level 1:colcon.colcon_core.package_identification:_identify(src/build/CMakeFiles/CMakeTmp) by extension 'ignore_ament_install'
[1.011s] Level 1:colcon.colcon_core.package_identification:_identify(src/build/CMakeFiles/CMakeTmp) by extensions ['colcon_pkg']
[1.011s] Level 1:colcon.colcon_core.package_identification:_identify(src/build/CMakeFiles/CMakeTmp) by extension 'colcon_pkg'
[1.011s] Level 1:colcon.colcon_core.package_identification:_identify(src/build/CMakeFiles/CMakeTmp) by extensions ['colcon_meta']
[1.011s] Level 1:colcon.colcon_core.package_identification:_identify(src/build/CMakeFiles/CMakeTmp) by extension 'colcon_meta'
[1.012s] Level 1:colcon.colcon_core.package_identification:_identify(src/build/CMakeFiles/CMakeTmp) by extensions ['ros']
[1.012s] Level 1:colcon.colcon_core.package_identification:_identify(src/build/CMakeFiles/CMakeTmp) by extension 'ros'
[1.012s] Level 1:colcon.colcon_core.package_identification:_identify(src/build/CMakeFiles/CMakeTmp) by extensions ['cmake', 'python']
[1.012s] Level 1:colcon.colcon_core.package_identification:_identify(src/build/CMakeFiles/CMakeTmp) by extension 'cmake'
[1.013s] Level 1:colcon.colcon_core.package_identification:_identify(src/build/CMakeFiles/CMakeTmp) by extension 'python'
[1.013s] Level 1:colcon.colcon_core.package_identification:_identify(src/build/CMakeFiles/CMakeTmp) by extensions ['python_setup_py']
[1.013s] Level 1:colcon.colcon_core.package_identification:_identify(src/build/CMakeFiles/CMakeTmp) by extension 'python_setup_py'
[1.013s] Level 1:colcon.colcon_core.package_identification:_identify(src/build/CMakeFiles/uninstall.dir) by extensions ['ignore', 'ignore_ament_install']
[1.013s] Level 1:colcon.colcon_core.package_identification:_identify(src/build/CMakeFiles/uninstall.dir) by extension 'ignore'
[1.013s] Level 1:colcon.colcon_core.package_identification:_identify(src/build/CMakeFiles/uninstall.dir) by extension 'ignore_ament_install'
[1.013s] Level 1:colcon.colcon_core.package_identification:_identify(src/build/CMakeFiles/uninstall.dir) by extensions ['colcon_pkg']
[1.013s] Level 1:colcon.colcon_core.package_identification:_identify(src/build/CMakeFiles/uninstall.dir) by extension 'colcon_pkg'
[1.014s] Level 1:colcon.colcon_core.package_identification:_identify(src/build/CMakeFiles/uninstall.dir) by extensions ['colcon_meta']
[1.014s] Level 1:colcon.colcon_core.package_identification:_identify(src/build/CMakeFiles/uninstall.dir) by extension 'colcon_meta'
[1.014s] Level 1:colcon.colcon_core.package_identification:_identify(src/build/CMakeFiles/uninstall.dir) by extensions ['ros']
[1.014s] Level 1:colcon.colcon_core.package_identification:_identify(src/build/CMakeFiles/uninstall.dir) by extension 'ros'
[1.014s] Level 1:colcon.colcon_core.package_identification:_identify(src/build/CMakeFiles/uninstall.dir) by extensions ['cmake', 'python']
[1.014s] Level 1:colcon.colcon_core.package_identification:_identify(src/build/CMakeFiles/uninstall.dir) by extension 'cmake'
[1.014s] Level 1:colcon.colcon_core.package_identification:_identify(src/build/CMakeFiles/uninstall.dir) by extension 'python'
[1.014s] Level 1:colcon.colcon_core.package_identification:_identify(src/build/CMakeFiles/uninstall.dir) by extensions ['python_setup_py']
[1.014s] Level 1:colcon.colcon_core.package_identification:_identify(src/build/CMakeFiles/uninstall.dir) by extension 'python_setup_py'
[1.014s] Level 1:colcon.colcon_core.package_identification:_identify(src/build/Testing) by extensions ['ignore', 'ignore_ament_install']
[1.015s] Level 1:colcon.colcon_core.package_identification:_identify(src/build/Testing) by extension 'ignore'
[1.015s] Level 1:colcon.colcon_core.package_identification:_identify(src/build/Testing) by extension 'ignore_ament_install'
[1.015s] Level 1:colcon.colcon_core.package_identification:_identify(src/build/Testing) by extensions ['colcon_pkg']
[1.015s] Level 1:colcon.colcon_core.package_identification:_identify(src/build/Testing) by extension 'colcon_pkg'
[1.015s] Level 1:colcon.colcon_core.package_identification:_identify(src/build/Testing) by extensions ['colcon_meta']
[1.015s] Level 1:colcon.colcon_core.package_identification:_identify(src/build/Testing) by extension 'colcon_meta'
[1.015s] Level 1:colcon.colcon_core.package_identification:_identify(src/build/Testing) by extensions ['ros']
[1.015s] Level 1:colcon.colcon_core.package_identification:_identify(src/build/Testing) by extension 'ros'
[1.015s] Level 1:colcon.colcon_core.package_identification:_identify(src/build/Testing) by extensions ['cmake', 'python']
[1.015s] Level 1:colcon.colcon_core.package_identification:_identify(src/build/Testing) by extension 'cmake'
[1.015s] Level 1:colcon.colcon_core.package_identification:_identify(src/build/Testing) by extension 'python'
[1.016s] Level 1:colcon.colcon_core.package_identification:_identify(src/build/Testing) by extensions ['python_setup_py']
[1.016s] Level 1:colcon.colcon_core.package_identification:_identify(src/build/Testing) by extension 'python_setup_py'
[1.016s] Level 1:colcon.colcon_core.package_identification:_identify(src/build/Testing/20260817-2301) by extensions ['ignore', 'ignore_ament_install']
[1.016s] Level 1:colcon.colcon_core.package_identification:_identify(src/build/Testing/20260817-2301) by extension 'ignore'
[1.016s] Level 1:colcon.colcon_core.package_identification:_identify(src/build/Testing/20260817-2301) by extension 'ignore_ament_install'
[1.016s] Level 1:colcon.colcon_core.package_identification:_identify(src/build/Testing/20260817-2301) by extensions ['colcon_pkg']
[1.016s] Level 1:colcon.colcon_core.package_identification:_identify(src/build/Testing/20260817-2301) by extension 'colcon_pkg'
[1.016s] Level 1:colcon.colcon_core.package_identification:_identify(src/build/Testing/20260817-2301) by extensions ['colcon_meta']
[1.016s] Level 1:colcon.colcon_core.package_identification:_identify(src/build/Testing/20260817-2301) by extension 'colcon_meta'
[1.017s] Level 1:colcon.colcon_core.package_identification:_identify(src/build/Testing/20260817-2301) by extensions ['ros']
[1.017s] Level 1:colcon.colcon_core.package_identification:_identify(src/build/Testing/20260817-2301) by extension 'ros'
[1.017s] Level 1:colcon.colcon_core.package_identification:_identify(src/build/Testing/20260817-2301) by extensions ['cmake', 'python']
[1.017s] Level 1:colcon.colcon_core.package_identification:_identify(src/build/Testing/20260817-2301) by extension 'cmake'
[1.017s] Level 1:colcon.colcon_core.package_identification:_identify(src/build/Testing/20260817-2301) by extension 'python'
[1.017s] Level 1:colcon.colcon_core.package_identification:_identify(src/build/Testing/20260817-2301) by extensions ['python_setup_py']
[1.017s] Level 1:colcon.colcon_core.package_identification:_identify(src/build/Testing/20260817-2301) by extension 'python_setup_py'
[1.017s] Level 1:colcon.colcon_core.package_identification:_identify(src/build/Testing/Temporary) by extensions ['ignore', 'ignore_ament_install']
[1.018s] Level 1:colcon.colcon_core.package_identification:_identify(src/build/Testing/Temporary) by extension 'ignore'
[1.018s] Level 1:colcon.colcon_core.package_identification:_identify(src/build/Testing/Temporary) by extension 'ignore_ament_install'
[1.018s] Level 1:colcon.colcon_core.package_identification:_identify(src/build/Testing/Temporary) by extensions ['colcon_pkg']
[1.018s] Level 1:colcon.colcon_core.package_identification:_identify(src/build/Testing/Temporary) by extension 'colcon_pkg'
[1.018s] Level 1:colcon.colcon_core.package_identification:_identify(src/build/Testing/Temporary) by extensions ['colcon_meta']
[1.018s] Level 1:colcon.colcon_core.package_identification:_identify(src/build/Testing/Temporary) by extension 'colcon_meta'
[1.018s] Level 1:colcon.colcon_core.package_identification:_identify(src/build/Testing/Temporary) by extensions ['ros']
[1.018s] Level 1:colcon.colcon_core.package_identification:_identify(src/build/Testing/Temporary) by extension 'ros'
[1.019s] Level 1:colcon.colcon_core.package_identification:_identify(src/build/Testing/Temporary) by extensions ['cmake', 'python']
[1.019s] Level 1:colcon.colcon_core.package_identification:_identify(src/build/Testing/Temporary) by extension 'cmake'
[1.019s] Level 1:colcon.colcon_core.package_identification:_identify(src/build/Testing/Temporary) by extension 'python'
[1.019s] Level 1:colcon.colcon_core.package_identification:_identify(src/build/Testing/Temporary) by extensions ['python_setup_py']
[1.019s] Level 1:colcon.colcon_core.package_identification:_identify(src/build/Testing/Temporary) by extension 'python_setup_py'
[1.019s] Level 1:colcon.colcon_core.package_identification:_identify(src/build/ament_cmake_core) by extensions ['ignore', 'ignore_ament_install']
[1.019s] Level 1:colcon.colcon_core.package_identification:_identify(src/build/ament_cmake_core) by extension 'ignore'
[1.020s] Level 1:colcon.colcon_core.package_identification:_identify(src/build/ament_cmake_core) by extension 'ignore_ament_install'
[1.020s] Level 1:colcon.colcon_core.package_identification:_identify(src/build/ament_cmake_core) by extensions ['colcon_pkg']
[1.020s] Level 1:colcon.colcon_core.package_identification:_identify(src/build/ament_cmake_core) by extension 'colcon_pkg'
[1.020s] Level 1:colcon.colcon_core.package_identification:_identify(src/build/ament_cmake_core) by extensions ['colcon_meta']
[1.020s] Level 1:colcon.colcon_core.package_identification:_identify(src/build/ament_cmake_core) by extension 'colcon_meta'
[1.020s] Level 1:colcon.colcon_core.package_identification:_identify(src/build/ament_cmake_core) by extensions ['ros']
[1.020s] Level 1:colcon.colcon_core.package_identification:_identify(src/build/ament_cmake_core) by extension 'ros'
[1.020s] Level 1:colcon.colcon_core.package_identification:_identify(src/build/ament_cmake_core) by extensions ['cmake', 'python']
[1.020s] Level 1:colcon.colcon_core.package_identification:_identify(src/build/ament_cmake_core) by extension 'cmake'
[1.020s] Level 1:colcon.colcon_core.package_identification:_identify(src/build/ament_cmake_core) by extension 'python'
[1.020s] Level 1:colcon.colcon_core.package_identification:_identify(src/build/ament_cmake_core) by extensions ['python_setup_py']
[1.021s] Level 1:colcon.colcon_core.package_identification:_identify(src/build/ament_cmake_core) by extension 'python_setup_py'
[1.021s] Level 1:colcon.colcon_core.package_identification:_identify(src/build/ament_cmake_core/stamps) by extensions ['ignore', 'ignore_ament_install']
[1.021s] Level 1:colcon.colcon_core.package_identification:_identify(src/build/ament_cmake_core/stamps) by extension 'ignore'
[1.021s] Level 1:colcon.colcon_core.package_identification:_identify(src/build/ament_cmake_core/stamps) by extension 'ignore_ament_install'
[1.021s] Level 1:colcon.colcon_core.package_identification:_identify(src/build/ament_cmake_core/stamps) by extensions ['colcon_pkg']
[1.021s] Level 1:colcon.colcon_core.package_identification:_identify(src/build/ament_cmake_core/stamps) by extension 'colcon_pkg'
[1.021s] Level 1:colcon.colcon_core.package_identification:_identify(src/build/ament_cmake_core/stamps) by extensions ['colcon_meta']
[1.021s] Level 1:colcon.colcon_core.package_identification:_identify(src/build/ament_cmake_core/stamps) by extension 'colcon_meta'
[1.021s] Level 1:colcon.colcon_core.package_identification:_identify(src/build/ament_cmake_core/stamps) by extensions ['ros']
[1.021s] Level 1:colcon.colcon_core.package_identification:_identify(src/build/ament_cmake_core/stamps) by extension 'ros'
[1.022s] Level 1:colcon.colcon_core.package_identification:_identify(src/build/ament_cmake_core/stamps) by extensions ['cmake', 'python']
[1.022s] Level 1:colcon.colcon_core.package_identification:_identify(src/build/ament_cmake_core/stamps) by extension 'cmake'
[1.022s] Level 1:colcon.colcon_core.package_identification:_identify(src/build/ament_cmake_core/stamps) by extension 'python'
[1.022s] Level 1:colcon.colcon_core.package_identification:_identify(src/build/ament_cmake_core/stamps) by extensions ['python_setup_py']
[1.022s] Level 1:colcon.colcon_core.package_identification:_identify(src/build/ament_cmake_core/stamps) by extension 'python_setup_py'
[1.022s] Level 1:colcon.colcon_core.package_identification:_identify(src/build/ament_cmake_environment_hooks) by extensions ['ignore', 'ignore_ament_install']
[1.022s] Level 1:colcon.colcon_core.package_identification:_identify(src/build/ament_cmake_environment_hooks) by extension 'ignore'
[1.022s] Level 1:colcon.colcon_core.package_identification:_identify(src/build/ament_cmake_environment_hooks) by extension 'ignore_ament_install'
[1.022s] Level 1:colcon.colcon_core.package_identification:_identify(src/build/ament_cmake_environment_hooks) by extensions ['colcon_pkg']
[1.023s] Level 1:colcon.colcon_core.package_identification:_identify(src/build/ament_cmake_environment_hooks) by extension 'colcon_pkg'
[1.023s] Level 1:colcon.colcon_core.package_identification:_identify(src/build/ament_cmake_environment_hooks) by extensions ['colcon_meta']
[1.023s] Level 1:colcon.colcon_core.package_identification:_identify(src/build/ament_cmake_environment_hooks) by extension 'colcon_meta'
[1.023s] Level 1:colcon.colcon_core.package_identification:_identify(src/build/ament_cmake_environment_hooks) by extensions ['ros']
[1.023s] Level 1:colcon.colcon_core.package_identification:_identify(src/build/ament_cmake_environment_hooks) by extension 'ros'
[1.023s] Level 1:colcon.colcon_core.package_identification:_identify(src/build/ament_cmake_environment_hooks) by extensions ['cmake', 'python']
[1.023s] Level 1:colcon.colcon_core.package_identification:_identify(src/build/ament_cmake_environment_hooks) by extension 'cmake'
[1.024s] Level 1:colcon.colcon_core.package_identification:_identify(src/build/ament_cmake_environment_hooks) by extension 'python'
[1.024s] Level 1:colcon.colcon_core.package_identification:_identify(src/build/ament_cmake_environment_hooks) by extensions ['python_setup_py']
[1.024s] Level 1:colcon.colcon_core.package_identification:_identify(src/build/ament_cmake_environment_hooks) by extension 'python_setup_py'
[1.024s] Level 1:colcon.colcon_core.package_identification:_identify(src/build/ament_cmake_index) by extensions ['ignore', 'ignore_ament_install']
[1.024s] Level 1:colcon.colcon_core.package_identification:_identify(src/build/ament_cmake_index) by extension 'ignore'
[1.024s] Level 1:colcon.colcon_core.package_identification:_identify(src/build/ament_cmake_index) by extension 'ignore_ament_install'
[1.025s] Level 1:colcon.colcon_core.package_identification:_identify(src/build/ament_cmake_index) by extensions ['colcon_pkg']
[1.025s] Level 1:colcon.colcon_core.package_identification:_identify(src/build/ament_cmake_index) by extension 'colcon_pkg'
[1.025s] Level 1:colcon.colcon_core.package_identification:_identify(src/build/ament_cmake_index) by extensions ['colcon_meta']
[1.025s] Level 1:colcon.colcon_core.package_identification:_identify(src/build/ament_cmake_index) by extension 'colcon_meta'
[1.025s] Level 1:colcon.colcon_core.package_identification:_identify(src/build/ament_cmake_index) by extensions ['ros']
[1.025s] Level 1:colcon.colcon_core.package_identification:_identify(src/build/ament_cmake_index) by extension 'ros'
[1.025s] Level 1:colcon.colcon_core.package_identification:_identify(src/build/ament_cmake_index) by extensions ['cmake', 'python']
[1.025s] Level 1:colcon.colcon_core.package_identification:_identify(src/build/ament_cmake_index) by extension 'cmake'
[1.026s] Level 1:colcon.colcon_core.package_identification:_identify(src/build/ament_cmake_index) by extension 'python'
[1.026s] Level 1:colcon.colcon_core.package_identification:_identify(src/build/ament_cmake_index) by extensions ['python_setup_py']
[1.026s] Level 1:colcon.colcon_core.package_identification:_identify(src/build/ament_cmake_index) by extension 'python_setup_py'
[1.026s] Level 1:colcon.colcon_core.package_identification:_identify(src/build/ament_cmake_index/share) by extensions ['ignore', 'ignore_ament_install']
[1.026s] Level 1:colcon.colcon_core.package_identification:_identify(src/build/ament_cmake_index/share) by extension 'ignore'
[1.026s] Level 1:colcon.colcon_core.package_identification:_identify(src/build/ament_cmake_index/share) by extension 'ignore_ament_install'
[1.026s] Level 1:colcon.colcon_core.package_identification:_identify(src/build/ament_cmake_index/share) by extensions ['colcon_pkg']
[1.026s] Level 1:colcon.colcon_core.package_identification:_identify(src/build/ament_cmake_index/share) by extension 'colcon_pkg'
[1.027s] Level 1:colcon.colcon_core.package_identification:_identify(src/build/ament_cmake_index/share) by extensions ['colcon_meta']
[1.027s] Level 1:colcon.colcon_core.package_identification:_identify(src/build/ament_cmake_index/share) by extension 'colcon_meta'
[1.027s] Level 1:colcon.colcon_core.package_identification:_identify(src/build/ament_cmake_index/share) by extensions ['ros']
[1.027s] Level 1:colcon.colcon_core.package_identification:_identify(src/build/ament_cmake_index/share) by extension 'ros'
[1.027s] Level 1:colcon.colcon_core.package_identification:_identify(src/build/ament_cmake_index/share) by extensions ['cmake', 'python']
[1.027s] Level 1:colcon.colcon_core.package_identification:_identify(src/build/ament_cmake_index/share) by extension 'cmake'
[1.027s] Level 1:colcon.colcon_core.package_identification:_identify(src/build/ament_cmake_index/share) by extension 'python'
[1.027s] Level 1:colcon.colcon_core.package_identification:_identify(src/build/ament_cmake_index/share) by extensions ['python_setup_py']
[1.027s] Level 1:colcon.colcon_core.package_identification:_identify(src/build/ament_cmake_index/share) by extension 'python_setup_py'
[1.028s] Level 1:colcon.colcon_core.package_identification:_identify(src/build/ament_cmake_index/share/ament_index) by extensions ['ignore', 'ignore_ament_install']
[1.028s] Level 1:colcon.colcon_core.package_identification:_identify(src/build/ament_cmake_index/share/ament_index) by extension 'ignore'
[1.028s] Level 1:colcon.colcon_core.package_identification:_identify(src/build/ament_cmake_index/share/ament_index) by extension 'ignore_ament_install'
[1.028s] Level 1:colcon.colcon_core.package_identification:_identify(src/build/ament_cmake_index/share/ament_index) by extensions ['colcon_pkg']
[1.028s] Level 1:colcon.colcon_core.package_identification:_identify(src/build/ament_cmake_index/share/ament_index) by extension 'colcon_pkg'
[1.029s] Level 1:colcon.colcon_core.package_identification:_identify(src/build/ament_cmake_index/share/ament_index) by extensions ['colcon_meta']
[1.029s] Level 1:colcon.colcon_core.package_identification:_identify(src/build/ament_cmake_index/share/ament_index) by extension 'colcon_meta'
[1.029s] Level 1:colcon.colcon_core.package_identification:_identify(src/build/ament_cmake_index/share/ament_index) by extensions ['ros']
[1.029s] Level 1:colcon.colcon_core.package_identification:_identify(src/build/ament_cmake_index/share/ament_index) by extension 'ros'
[1.029s] Level 1:colcon.colcon_core.package_identification:_identify(src/build/ament_cmake_index/share/ament_index) by extensions ['cmake', 'python']
[1.029s] Level 1:colcon.colcon_core.package_identification:_identify(src/build/ament_cmake_index/share/ament_index) by extension 'cmake'
[1.029s] Level 1:colcon.colcon_core.package_identification:_identify(src/build/ament_cmake_index/share/ament_index) by extension 'python'
[1.030s] Level 1:colcon.colcon_core.package_identification:_identify(src/build/ament_cmake_index/share/ament_index) by extensions ['python_setup_py']
[1.030s] Level 1:colcon.colcon_core.package_identification:_identify(src/build/ament_cmake_index/share/ament_index) by extension 'python_setup_py'
[1.030s] Level 1:colcon.colcon_core.package_identification:_identify(src/build/ament_cmake_index/share/ament_index/resource_index) by extensions ['ignore', 'ignore_ament_install']
[1.030s] Level 1:colcon.colcon_core.package_identification:_identify(src/build/ament_cmake_index/share/ament_index/resource_index) by extension 'ignore'
[1.030s] Level 1:colcon.colcon_core.package_identification:_identify(src/build/ament_cmake_index/share/ament_index/resource_index) by extension 'ignore_ament_install'
[1.031s] Level 1:colcon.colcon_core.package_identification:_identify(src/build/ament_cmake_index/share/ament_index/resource_index) by extensions ['colcon_pkg']
[1.031s] Level 1:colcon.colcon_core.package_identification:_identify(src/build/ament_cmake_index/share/ament_index/resource_index) by extension 'colcon_pkg'
[1.031s] Level 1:colcon.colcon_core.package_identification:_identify(src/build/ament_cmake_index/share/ament_index/resource_index) by extensions ['colcon_meta']
[1.031s] Level 1:colcon.colcon_core.package_identification:_identify(src/build/ament_cmake_index/share/ament_index/resource_index) by extension 'colcon_meta'
[1.031s] Level 1:colcon.colcon_core.package_identification:_identify(src/build/ament_cmake_index/share/ament_index/resource_index) by extensions ['ros']
[1.031s] Level 1:colcon.colcon_core.package_identification:_identify(src/build/ament_cmake_index/share/ament_index/resource_index) by extension 'ros'
[1.031s] Level 1:colcon.colcon_core.package_identification:_identify(src/build/ament_cmake_index/share/ament_index/resource_index) by extensions ['cmake', 'python']
[1.031s] Level 1:colcon.colcon_core.package_identification:_identify(src/build/ament_cmake_index/share/ament_index/resource_index) by extension 'cmake'
[1.031s] Level 1:colcon.colcon_core.package_identification:_identify(src/build/ament_cmake_index/share/ament_index/resource_index) by extension 'python'
[1.031s] Level 1:colcon.colcon_core.package_identification:_identify(src/build/ament_cmake_index/share/ament_index/resource_index) by extensions ['python_setup_py']
[1.031s] Level 1:colcon.colcon_core.package_identification:_identify(src/build/ament_cmake_index/share/ament_index/resource_index) by extension 'python_setup_py'
[1.032s] Level 1:colcon.colcon_core.package_identification:_identify(src/build/ament_cmake_index/share/ament_index/resource_index/package_run_dependencies) by extensions ['ignore', 'ignore_ament_install']
[1.032s] Level 1:colcon.colcon_core.package_identification:_identify(src/build/ament_cmake_index/share/ament_index/resource_index/package_run_dependencies) by extension 'ignore'
[1.032s] Level 1:colcon.colcon_core.package_identification:_identify(src/build/ament_cmake_index/share/ament_index/resource_index/package_run_dependencies) by extension 'ignore_ament_install'
[1.032s] Level 1:colcon.colcon_core.package_identification:_identify(src/build/ament_cmake_index/share/ament_index/resource_index/package_run_dependencies) by extensions ['colcon_pkg']
[1.032s] Level 1:colcon.colcon_core.package_identification:_identify(src/build/ament_cmake_index/share/ament_index/resource_index/package_run_dependencies) by extension 'colcon_pkg'
[1.032s] Level 1:colcon.colcon_core.package_identification:_identify(src/build/ament_cmake_index/share/ament_index/resource_index/package_run_dependencies) by extensions ['colcon_meta']
[1.032s] Level 1:colcon.colcon_core.package_identification:_identify(src/build/ament_cmake_index/share/ament_index/resource_index/package_run_dependencies) by extension 'colcon_meta'
[1.032s] Level 1:colcon.colcon_core.package_identification:_identify(src/build/ament_cmake_index/share/ament_index/resource_index/package_run_dependencies) by extensions ['ros']
[1.033s] Level 1:colcon.colcon_core.package_identification:_identify(src/build/ament_cmake_index/share/ament_index/resource_index/package_run_dependencies) by extension 'ros'
[1.033s] Level 1:colcon.colcon_core.package_identification:_identify(src/build/ament_cmake_index/share/ament_index/resource_index/package_run_dependencies) by extensions ['cmake', 'python']
[1.033s] Level 1:colcon.colcon_core.package_identification:_identify(src/build/ament_cmake_index/share/ament_index/resource_index/package_run_dependencies) by extension 'cmake'
[1.033s] Level 1:colcon.colcon_core.package_identification:_identify(src/build/ament_cmake_index/share/ament_index/resource_index/package_run_dependencies) by extension 'python'
[1.033s] Level 1:colcon.colcon_core.package_identification:_identify(src/build/ament_cmake_index/share/ament_index/resource_index/package_run_dependencies) by extensions ['python_setup_py']
[1.033s] Level 1:colcon.colcon_core.package_identification:_identify(src/build/ament_cmake_index/share/ament_index/resource_index/package_run_dependencies) by extension 'python_setup_py'
[1.033s] Level 1:colcon.colcon_core.package_identification:_identify(src/build/ament_cmake_index/share/ament_index/resource_index/packages) by extensions ['ignore', 'ignore_ament_install']
[1.033s] Level 1:colcon.colcon_core.package_identification:_identify(src/build/ament_cmake_index/share/ament_index/resource_index/packages) by extension 'ignore'
[1.033s] Level 1:colcon.colcon_core.package_identification:_identify(src/build/ament_cmake_index/share/ament_index/resource_index/packages) by extension 'ignore_ament_install'
[1.034s] Level 1:colcon.colcon_core.package_identification:_identify(src/build/ament_cmake_index/share/ament_index/resource_index/packages) by extensions ['colcon_pkg']
[1.034s] Level 1:colcon.colcon_core.package_identification:_identify(src/build/ament_cmake_index/share/ament_index/resource_index/packages) by extension 'colcon_pkg'
[1.034s] Level 1:colcon.colcon_core.package_identification:_identify(src/build/ament_cmake_index/share/ament_index/resource_index/packages) by extensions ['colcon_meta']
[1.034s] Level 1:colcon.colcon_core.package_identification:_identify(src/build/ament_cmake_index/share/ament_index/resource_index/packages) by extension 'colcon_meta'
[1.034s] Level 1:colcon.colcon_core.package_identification:_identify(src/build/ament_cmake_index/share/ament_index/resource_index/packages) by extensions ['ros']
[1.034s] Level 1:colcon.colcon_core.package_identification:_identify(src/build/ament_cmake_index/share/ament_index/resource_index/packages) by extension 'ros'
[1.034s] Level 1:colcon.colcon_core.package_identification:_identify(src/build/ament_cmake_index/share/ament_index/resource_index/packages) by extensions ['cmake', 'python']
[1.034s] Level 1:colcon.colcon_core.package_identification:_identify(src/build/ament_cmake_index/share/ament_index/resource_index/packages) by extension 'cmake'
[1.034s] Level 1:colcon.colcon_core.package_identification:_identify(src/build/ament_cmake_index/share/ament_index/resource_index/packages) by extension 'python'
[1.034s] Level 1:colcon.colcon_core.package_identification:_identify(src/build/ament_cmake_index/share/ament_index/resource_index/packages) by extensions ['python_setup_py']
[1.034s] Level 1:colcon.colcon_core.package_identification:_identify(src/build/ament_cmake_index/share/ament_index/resource_index/packages) by extension 'python_setup_py'
[1.035s] Level 1:colcon.colcon_core.package_identification:_identify(src/build/ament_cmake_index/share/ament_index/resource_index/parent_prefix_path) by extensions ['ignore', 'ignore_ament_install']
[1.035s] Level 1:colcon.colcon_core.package_identification:_identify(src/build/ament_cmake_index/share/ament_index/resource_index/parent_prefix_path) by extension 'ignore'
[1.035s] Level 1:colcon.colcon_core.package_identification:_identify(src/build/ament_cmake_index/share/ament_index/resource_index/parent_prefix_path) by extension 'ignore_ament_install'
[1.035s] Level 1:colcon.colcon_core.package_identification:_identify(src/build/ament_cmake_index/share/ament_index/resource_index/parent_prefix_path) by extensions ['colcon_pkg']
[1.035s] Level 1:colcon.colcon_core.package_identification:_identify(src/build/ament_cmake_index/share/ament_index/resource_index/parent_prefix_path) by extension 'colcon_pkg'
[1.035s] Level 1:colcon.colcon_core.package_identification:_identify(src/build/ament_cmake_index/share/ament_index/resource_index/parent_prefix_path) by extensions ['colcon_meta']
[1.035s] Level 1:colcon.colcon_core.package_identification:_identify(src/build/ament_cmake_index/share/ament_index/resource_index/parent_prefix_path) by extension 'colcon_meta'
[1.035s] Level 1:colcon.colcon_core.package_identification:_identify(src/build/ament_cmake_index/share/ament_index/resource_index/parent_prefix_path) by extensions ['ros']
[1.035s] Level 1:colcon.colcon_core.package_identification:_identify(src/build/ament_cmake_index/share/ament_index/resource_index/parent_prefix_path) by extension 'ros'
[1.035s] Level 1:colcon.colcon_core.package_identification:_identify(src/build/ament_cmake_index/share/ament_index/resource_index/parent_prefix_path) by extensions ['cmake', 'python']
[1.036s] Level 1:colcon.colcon_core.package_identification:_identify(src/build/ament_cmake_index/share/ament_index/resource_index/parent_prefix_path) by extension 'cmake'
[1.036s] Level 1:colcon.colcon_core.package_identification:_identify(src/build/ament_cmake_index/share/ament_index/resource_index/parent_prefix_path) by extension 'python'
[1.036s] Level 1:colcon.colcon_core.package_identification:_identify(src/build/ament_cmake_index/share/ament_index/resource_index/parent_prefix_path) by extensions ['python_setup_py']
[1.036s] Level 1:colcon.colcon_core.package_identification:_identify(src/build/ament_cmake_index/share/ament_index/resource_index/parent_prefix_path) by extension 'python_setup_py'
[1.036s] Level 1:colcon.colcon_core.package_identification:_identify(src/build/ament_cmake_package_templates) by extensions ['ignore', 'ignore_ament_install']
[1.037s] Level 1:colcon.colcon_core.package_identification:_identify(src/build/ament_cmake_package_templates) by extension 'ignore'
[1.037s] Level 1:colcon.colcon_core.package_identification:_identify(src/build/ament_cmake_package_templates) by extension 'ignore_ament_install'
[1.037s] Level 1:colcon.colcon_core.package_identification:_identify(src/build/ament_cmake_package_templates) by extensions ['colcon_pkg']
[1.037s] Level 1:colcon.colcon_core.package_identification:_identify(src/build/ament_cmake_package_templates) by extension 'colcon_pkg'
[1.037s] Level 1:colcon.colcon_core.package_identification:_identify(src/build/ament_cmake_package_templates) by extensions ['colcon_meta']
[1.037s] Level 1:colcon.colcon_core.package_identification:_identify(src/build/ament_cmake_package_templates) by extension 'colcon_meta'
[1.037s] Level 1:colcon.colcon_core.package_identification:_identify(src/build/ament_cmake_package_templates) by extensions ['ros']
[1.037s] Level 1:colcon.colcon_core.package_identification:_identify(src/build/ament_cmake_package_templates) by extension 'ros'
[1.037s] Level 1:colcon.colcon_core.package_identification:_identify(src/build/ament_cmake_package_templates) by extensions ['cmake', 'python']
[1.038s] Level 1:colcon.colcon_core.package_identification:_identify(src/build/ament_cmake_package_templates) by extension 'cmake'
[1.038s] Level 1:colcon.colcon_core.package_identification:_identify(src/build/ament_cmake_package_templates) by extension 'python'
[1.038s] Level 1:colcon.colcon_core.package_identification:_identify(src/build/ament_cmake_package_templates) by extensions ['python_setup_py']
[1.038s] Level 1:colcon.colcon_core.package_identification:_identify(src/build/ament_cmake_package_templates) by extension 'python_setup_py'
[1.038s] Level 1:colcon.colcon_core.package_identification:_identify(src/build/ament_cmake_uninstall_target) by extensions ['ignore', 'ignore_ament_install']
[1.038s] Level 1:colcon.colcon_core.package_identification:_identify(src/build/ament_cmake_uninstall_target) by extension 'ignore'
[1.038s] Level 1:colcon.colcon_core.package_identification:_identify(src/build/ament_cmake_uninstall_target) by extension 'ignore_ament_install'
[1.039s] Level 1:colcon.colcon_core.package_identification:_identify(src/build/ament_cmake_uninstall_target) by extensions ['colcon_pkg']
[1.039s] Level 1:colcon.colcon_core.package_identification:_identify(src/build/ament_cmake_uninstall_target) by extension 'colcon_pkg'
[1.039s] Level 1:colcon.colcon_core.package_identification:_identify(src/build/ament_cmake_uninstall_target) by extensions ['colcon_meta']
[1.039s] Level 1:colcon.colcon_core.package_identification:_identify(src/build/ament_cmake_uninstall_target) by extension 'colcon_meta'
[1.039s] Level 1:colcon.colcon_core.package_identification:_identify(src/build/ament_cmake_uninstall_target) by extensions ['ros']
[1.039s] Level 1:colcon.colcon_core.package_identification:_identify(src/build/ament_cmake_uninstall_target) by extension 'ros'
[1.039s] Level 1:colcon.colcon_core.package_identification:_identify(src/build/ament_cmake_uninstall_target) by extensions ['cmake', 'python']
[1.039s] Level 1:colcon.colcon_core.package_identification:_identify(src/build/ament_cmake_uninstall_target) by extension 'cmake'
[1.039s] Level 1:colcon.colcon_core.package_identification:_identify(src/build/ament_cmake_uninstall_target) by extension 'python'
[1.039s] Level 1:colcon.colcon_core.package_identification:_identify(src/build/ament_cmake_uninstall_target) by extensions ['python_setup_py']
[1.040s] Level 1:colcon.colcon_core.package_identification:_identify(src/build/ament_cmake_uninstall_target) by extension 'python_setup_py'
[1.040s] Level 1:colcon.colcon_core.package_identification:_identify(src/build/ament_copyright) by extensions ['ignore', 'ignore_ament_install']
[1.040s] Level 1:colcon.colcon_core.package_identification:_identify(src/build/ament_copyright) by extension 'ignore'
[1.040s] Level 1:colcon.colcon_core.package_identification:_identify(src/build/ament_copyright) by extension 'ignore_ament_install'
[1.041s] Level 1:colcon.colcon_core.package_identification:_identify(src/build/ament_copyright) by extensions ['colcon_pkg']
[1.041s] Level 1:colcon.colcon_core.package_identification:_identify(src/build/ament_copyright) by extension 'colcon_pkg'
[1.041s] Level 1:colcon.colcon_core.package_identification:_identify(src/build/ament_copyright) by extensions ['colcon_meta']
[1.041s] Level 1:colcon.colcon_core.package_identification:_identify(src/build/ament_copyright) by extension 'colcon_meta'
[1.041s] Level 1:colcon.colcon_core.package_identification:_identify(src/build/ament_copyright) by extensions ['ros']
[1.041s] Level 1:colcon.colcon_core.package_identification:_identify(src/build/ament_copyright) by extension 'ros'
[1.042s] Level 1:colcon.colcon_core.package_identification:_identify(src/build/ament_copyright) by extensions ['cmake', 'python']
[1.042s] Level 1:colcon.colcon_core.package_identification:_identify(src/build/ament_copyright) by extension 'cmake'
[1.042s] Level 1:colcon.colcon_core.package_identification:_identify(src/build/ament_copyright) by extension 'python'
[1.042s] Level 1:colcon.colcon_core.package_identification:_identify(src/build/ament_copyright) by extensions ['python_setup_py']
[1.042s] Level 1:colcon.colcon_core.package_identification:_identify(src/build/ament_copyright) by extension 'python_setup_py'
[1.043s] Level 1:colcon.colcon_core.package_identification:_identify(src/build/ament_flake8) by extensions ['ignore', 'ignore_ament_install']
[1.043s] Level 1:colcon.colcon_core.package_identification:_identify(src/build/ament_flake8) by extension 'ignore'
[1.043s] Level 1:colcon.colcon_core.package_identification:_identify(src/build/ament_flake8) by extension 'ignore_ament_install'
[1.043s] Level 1:colcon.colcon_core.package_identification:_identify(src/build/ament_flake8) by extensions ['colcon_pkg']
[1.043s] Level 1:colcon.colcon_core.package_identification:_identify(src/build/ament_flake8) by extension 'colcon_pkg'
[1.043s] Level 1:colcon.colcon_core.package_identification:_identify(src/build/ament_flake8) by extensions ['colcon_meta']
[1.043s] Level 1:colcon.colcon_core.package_identification:_identify(src/build/ament_flake8) by extension 'colcon_meta'
[1.043s] Level 1:colcon.colcon_core.package_identification:_identify(src/build/ament_flake8) by extensions ['ros']
[1.043s] Level 1:colcon.colcon_core.package_identification:_identify(src/build/ament_flake8) by extension 'ros'
[1.043s] Level 1:colcon.colcon_core.package_identification:_identify(src/build/ament_flake8) by extensions ['cmake', 'python']
[1.044s] Level 1:colcon.colcon_core.package_identification:_identify(src/build/ament_flake8) by extension 'cmake'
[1.044s] Level 1:colcon.colcon_core.package_identification:_identify(src/build/ament_flake8) by extension 'python'
[1.044s] Level 1:colcon.colcon_core.package_identification:_identify(src/build/ament_flake8) by extensions ['python_setup_py']
[1.044s] Level 1:colcon.colcon_core.package_identification:_identify(src/build/ament_flake8) by extension 'python_setup_py'
[1.044s] Level 1:colcon.colcon_core.package_identification:_identify(src/build/ament_lint_cmake) by extensions ['ignore', 'ignore_ament_install']
[1.044s] Level 1:colcon.colcon_core.package_identification:_identify(src/build/ament_lint_cmake) by extension 'ignore'
[1.045s] Level 1:colcon.colcon_core.package_identification:_identify(src/build/ament_lint_cmake) by extension 'ignore_ament_install'
[1.045s] Level 1:colcon.colcon_core.package_identification:_identify(src/build/ament_lint_cmake) by extensions ['colcon_pkg']
[1.045s] Level 1:colcon.colcon_core.package_identification:_identify(src/build/ament_lint_cmake) by extension 'colcon_pkg'
[1.045s] Level 1:colcon.colcon_core.package_identification:_identify(src/build/ament_lint_cmake) by extensions ['colcon_meta']
[1.045s] Level 1:colcon.colcon_core.package_identification:_identify(src/build/ament_lint_cmake) by extension 'colcon_meta'
[1.045s] Level 1:colcon.colcon_core.package_identification:_identify(src/build/ament_lint_cmake) by extensions ['ros']
[1.045s] Level 1:colcon.colcon_core.package_identification:_identify(src/build/ament_lint_cmake) by extension 'ros'
[1.045s] Level 1:colcon.colcon_core.package_identification:_identify(src/build/ament_lint_cmake) by extensions ['cmake', 'python']
[1.046s] Level 1:colcon.colcon_core.package_identification:_identify(src/build/ament_lint_cmake) by extension 'cmake'
[1.046s] Level 1:colcon.colcon_core.package_identification:_identify(src/build/ament_lint_cmake) by extension 'python'
[1.046s] Level 1:colcon.colcon_core.package_identification:_identify(src/build/ament_lint_cmake) by extensions ['python_setup_py']
[1.046s] Level 1:colcon.colcon_core.package_identification:_identify(src/build/ament_lint_cmake) by extension 'python_setup_py'
[1.046s] Level 1:colcon.colcon_core.package_identification:_identify(src/build/ament_pep257) by extensions ['ignore', 'ignore_ament_install']
[1.046s] Level 1:colcon.colcon_core.package_identification:_identify(src/build/ament_pep257) by extension 'ignore'
[1.046s] Level 1:colcon.colcon_core.package_identification:_identify(src/build/ament_pep257) by extension 'ignore_ament_install'
[1.047s] Level 1:colcon.colcon_core.package_identification:_identify(src/build/ament_pep257) by extensions ['colcon_pkg']
[1.047s] Level 1:colcon.colcon_core.package_identification:_identify(src/build/ament_pep257) by extension 'colcon_pkg'
[1.047s] Level 1:colcon.colcon_core.package_identification:_identify(src/build/ament_pep257) by extensions ['colcon_meta']
[1.047s] Level 1:colcon.colcon_core.package_identification:_identify(src/build/ament_pep257) by extension 'colcon_meta'
[1.047s] Level 1:colcon.colcon_core.package_identification:_identify(src/build/ament_pep257) by extensions ['ros']
[1.047s] Level 1:colcon.colcon_core.package_identification:_identify(src/build/ament_pep257) by extension 'ros'
[1.047s] Level 1:colcon.colcon_core.package_identification:_identify(src/build/ament_pep257) by extensions ['cmake', 'python']
[1.047s] Level 1:colcon.colcon_core.package_identification:_identify(src/build/ament_pep257) by extension 'cmake'
[1.047s] Level 1:colcon.colcon_core.package_identification:_identify(src/build/ament_pep257) by extension 'python'
[1.047s] Level 1:colcon.colcon_core.package_identification:_identify(src/build/ament_pep257) by extensions ['python_setup_py']
[1.047s] Level 1:colcon.colcon_core.package_identification:_identify(src/build/ament_pep257) by extension 'python_setup_py'
[1.048s] Level 1:colcon.colcon_core.package_identification:_identify(src/build/ament_xmllint) by extensions ['ignore', 'ignore_ament_install']
[1.048s] Level 1:colcon.colcon_core.package_identification:_identify(src/build/ament_xmllint) by extension 'ignore'
[1.048s] Level 1:colcon.colcon_core.package_identification:_identify(src/build/ament_xmllint) by extension 'ignore_ament_install'
[1.048s] Level 1:colcon.colcon_core.package_identification:_identify(src/build/ament_xmllint) by extensions ['colcon_pkg']
[1.048s] Level 1:colcon.colcon_core.package_identification:_identify(src/build/ament_xmllint) by extension 'colcon_pkg'
[1.048s] Level 1:colcon.colcon_core.package_identification:_identify(src/build/ament_xmllint) by extensions ['colcon_meta']
[1.048s] Level 1:colcon.colcon_core.package_identification:_identify(src/build/ament_xmllint) by extension 'colcon_meta'
[1.048s] Level 1:colcon.colcon_core.package_identification:_identify(src/build/ament_xmllint) by extensions ['ros']
[1.048s] Level 1:colcon.colcon_core.package_identification:_identify(src/build/ament_xmllint) by extension 'ros'
[1.049s] Level 1:colcon.colcon_core.package_identification:_identify(src/build/ament_xmllint) by extensions ['cmake', 'python']
[1.049s] Level 1:colcon.colcon_core.package_identification:_identify(src/build/ament_xmllint) by extension 'cmake'
[1.049s] Level 1:colcon.colcon_core.package_identification:_identify(src/build/ament_xmllint) by extension 'python'
[1.049s] Level 1:colcon.colcon_core.package_identification:_identify(src/build/ament_xmllint) by extensions ['python_setup_py']
[1.049s] Level 1:colcon.colcon_core.package_identification:_identify(src/build/ament_xmllint) by extension 'python_setup_py'
[1.049s] Level 1:colcon.colcon_core.package_discovery:discover_packages(recursive) using defaults
[1.049s] Level 1:colcon.colcon_core.package_discovery:discover_packages(ignore) discover
[1.049s] Level 1:colcon.colcon_core.package_discovery:discover_packages(ignore) using defaults
[1.049s] Level 1:colcon.colcon_core.package_discovery:discover_packages(path) discover
[1.049s] Level 1:colcon.colcon_core.package_discovery:discover_packages(path) using defaults
[1.109s] Level 1:colcon.colcon_core.package_discovery:discover_packages(prefix_path) check parameters
[1.109s] Level 1:colcon.colcon_core.package_discovery:discover_packages(prefix_path) discover
[1.117s] DEBUG:colcon.colcon_installed_package_information.package_discovery:Found 1 installed packages in /home/tajw/41068_ws/install
[1.118s] DEBUG:colcon.colcon_installed_package_information.package_discovery:Found 1 installed packages in /home/tajw/rs1_ros2_ws/install
[1.119s] DEBUG:colcon.colcon_installed_package_information.package_discovery:Found 3 installed packages in /home/tajw/ros2_ws/install
[1.119s] DEBUG:colcon.colcon_installed_package_information.package_discovery:Found 1 installed packages in /home/tajw/git/team25_rs1/RS1-Gr25/install
[1.123s] DEBUG:colcon.colcon_installed_package_information.package_discovery:Found 417 installed packages in /opt/ros/humble
[1.125s] Level 1:colcon.colcon_core.package_discovery:discover_packages(prefix_path) using defaults
[1.273s] Level 5:colcon.colcon_core.verb:set package '41068_ignition_bringup' build argument 'cmake_args' from command line to 'None'
[1.273s] Level 5:colcon.colcon_core.verb:set package '41068_ignition_bringup' build argument 'cmake_target' from command line to 'None'
[1.273s] Level 5:colcon.colcon_core.verb:set package '41068_ignition_bringup' build argument 'cmake_target_skip_unavailable' from command line to 'False'
[1.273s] Level 5:colcon.colcon_core.verb:set package '41068_ignition_bringup' build argument 'cmake_clean_cache' from command line to 'False'
[1.273s] Level 5:colcon.colcon_core.verb:set package '41068_ignition_bringup' build argument 'cmake_clean_first' from command line to 'False'
[1.273s] Level 5:colcon.colcon_core.verb:set package '41068_ignition_bringup' build argument 'cmake_force_configure' from command line to 'False'
[1.273s] Level 5:colcon.colcon_core.verb:set package '41068_ignition_bringup' build argument 'ament_cmake_args' from command line to 'None'
[1.273s] Level 5:colcon.colcon_core.verb:set package '41068_ignition_bringup' build argument 'catkin_cmake_args' from command line to 'None'
[1.273s] Level 5:colcon.colcon_core.verb:set package '41068_ignition_bringup' build argument 'catkin_skip_building_tests' from command line to 'False'
[1.273s] DEBUG:colcon.colcon_core.verb:Building package '41068_ignition_bringup' with the following arguments: {'ament_cmake_args': None, 'build_base': '/home/tajw/git/team25_rs1/RS1-Gr25/build/41068_ignition_bringup', 'catkin_cmake_args': None, 'catkin_skip_building_tests': False, 'cmake_args': None, 'cmake_clean_cache': False, 'cmake_clean_first': False, 'cmake_force_configure': False, 'cmake_target': None, 'cmake_target_skip_unavailable': False, 'install_base': '/home/tajw/git/team25_rs1/RS1-Gr25/install/41068_ignition_bringup', 'merge_install': False, 'path': '/home/tajw/git/team25_rs1/RS1-Gr25/src/41068_ignition_bringup_v1/41068_ignition_bringup', 'symlink_install': False, 'test_result_base': None}
[1.273s] INFO:colcon.colcon_core.executor:Executing jobs using 'parallel' executor
[1.274s] DEBUG:colcon.colcon_parallel_executor.executor.parallel:run_until_complete
[1.275s] INFO:colcon.colcon_ros.task.ament_cmake.build:Building ROS package in '/home/tajw/git/team25_rs1/RS1-Gr25/src/41068_ignition_bringup_v1/41068_ignition_bringup' with build type 'ament_cmake'
[1.275s] INFO:colcon.colcon_cmake.task.cmake.build:Building CMake package in '/home/tajw/git/team25_rs1/RS1-Gr25/src/41068_ignition_bringup_v1/41068_ignition_bringup'
[1.285s] INFO:colcon.colcon_core.plugin_system:Skipping extension 'colcon_core.shell.bat': Not used on non-Windows systems
[1.285s] INFO:colcon.colcon_core.shell:Skip shell extension 'powershell' for command environment: Not usable outside of PowerShell
[1.285s] DEBUG:colcon.colcon_core.shell:Skip shell extension 'dsv' for command environment
[1.314s] DEBUG:colcon.colcon_core.event_handler.log_command:Invoking command in '/home/tajw/git/team25_rs1/RS1-Gr25/build/41068_ignition_bringup': CMAKE_PREFIX_PATH=${CMAKE_PREFIX_PATH}:/opt/ros/humble /usr/bin/cmake --build /home/tajw/git/team25_rs1/RS1-Gr25/build/41068_ignition_bringup -- -j8 -l8
[1.480s] DEBUG:colcon.colcon_core.event_handler.log_command:Invoked command in '/home/tajw/git/team25_rs1/RS1-Gr25/build/41068_ignition_bringup' returned '0': CMAKE_PREFIX_PATH=${CMAKE_PREFIX_PATH}:/opt/ros/humble /usr/bin/cmake --build /home/tajw/git/team25_rs1/RS1-Gr25/build/41068_ignition_bringup -- -j8 -l8
[1.493s] DEBUG:colcon.colcon_core.event_handler.log_command:Invoking command in '/home/tajw/git/team25_rs1/RS1-Gr25/build/41068_ignition_bringup': CMAKE_PREFIX_PATH=${CMAKE_PREFIX_PATH}:/opt/ros/humble /usr/bin/cmake --install /home/tajw/git/team25_rs1/RS1-Gr25/build/41068_ignition_bringup
[1.570s] Level 1:colcon.colcon_core.environment:create_environment_scripts_only(41068_ignition_bringup)
[1.570s] DEBUG:colcon.colcon_core.event_handler.log_command:Invoked command in '/home/tajw/git/team25_rs1/RS1-Gr25/build/41068_ignition_bringup' returned '0': CMAKE_PREFIX_PATH=${CMAKE_PREFIX_PATH}:/opt/ros/humble /usr/bin/cmake --install /home/tajw/git/team25_rs1/RS1-Gr25/build/41068_ignition_bringup
[1.578s] Level 1:colcon.colcon_core.environment:checking '/home/tajw/git/team25_rs1/RS1-Gr25/install/41068_ignition_bringup' for CMake module files
[1.579s] Level 1:colcon.colcon_core.environment:checking '/home/tajw/git/team25_rs1/RS1-Gr25/install/41068_ignition_bringup' for CMake config files
[1.589s] Level 1:colcon.colcon_core.shell:create_environment_hook('41068_ignition_bringup', 'cmake_prefix_path')
[1.589s] INFO:colcon.colcon_core.shell:Creating environment hook '/home/tajw/git/team25_rs1/RS1-Gr25/install/41068_ignition_bringup/share/41068_ignition_bringup/hook/cmake_prefix_path.ps1'
[1.590s] INFO:colcon.colcon_core.shell:Creating environment descriptor '/home/tajw/git/team25_rs1/RS1-Gr25/install/41068_ignition_bringup/share/41068_ignition_bringup/hook/cmake_prefix_path.dsv'
[1.591s] INFO:colcon.colcon_core.shell:Creating environment hook '/home/tajw/git/team25_rs1/RS1-Gr25/install/41068_ignition_bringup/share/41068_ignition_bringup/hook/cmake_prefix_path.sh'
[1.592s] Level 1:colcon.colcon_core.environment:checking '/home/tajw/git/team25_rs1/RS1-Gr25/install/41068_ignition_bringup/lib'
[1.592s] Level 1:colcon.colcon_core.environment:checking '/home/tajw/git/team25_rs1/RS1-Gr25/install/41068_ignition_bringup/bin'
[1.592s] Level 1:colcon.colcon_core.environment:checking '/home/tajw/git/team25_rs1/RS1-Gr25/install/41068_ignition_bringup/lib/pkgconfig/41068_ignition_bringup.pc'
[1.593s] Level 1:colcon.colcon_core.environment:checking '/home/tajw/git/team25_rs1/RS1-Gr25/install/41068_ignition_bringup/lib/python3.10/site-packages'
[1.593s] Level 1:colcon.colcon_core.environment:checking '/home/tajw/git/team25_rs1/RS1-Gr25/install/41068_ignition_bringup/bin'
[1.593s] INFO:colcon.colcon_core.shell:Creating package script '/home/tajw/git/team25_rs1/RS1-Gr25/install/41068_ignition_bringup/share/41068_ignition_bringup/package.ps1'
[1.594s] INFO:colcon.colcon_core.shell:Creating package descriptor '/home/tajw/git/team25_rs1/RS1-Gr25/install/41068_ignition_bringup/share/41068_ignition_bringup/package.dsv'
[1.596s] INFO:colcon.colcon_core.shell:Creating package script '/home/tajw/git/team25_rs1/RS1-Gr25/install/41068_ignition_bringup/share/41068_ignition_bringup/package.sh'
[1.597s] INFO:colcon.colcon_core.shell:Creating package script '/home/tajw/git/team25_rs1/RS1-Gr25/install/41068_ignition_bringup/share/41068_ignition_bringup/package.bash'
[1.597s] INFO:colcon.colcon_core.shell:Creating package script '/home/tajw/git/team25_rs1/RS1-Gr25/install/41068_ignition_bringup/share/41068_ignition_bringup/package.zsh'
[1.599s] Level 1:colcon.colcon_core.environment:create_file_with_runtime_dependencies(/home/tajw/git/team25_rs1/RS1-Gr25/install/41068_ignition_bringup/share/colcon-core/packages/41068_ignition_bringup)
[1.600s] Level 1:colcon.colcon_core.environment:create_environment_scripts_only(41068_ignition_bringup)
[1.600s] Level 1:colcon.colcon_core.environment:checking '/home/tajw/git/team25_rs1/RS1-Gr25/install/41068_ignition_bringup' for CMake module files
[1.601s] Level 1:colcon.colcon_core.environment:checking '/home/tajw/git/team25_rs1/RS1-Gr25/install/41068_ignition_bringup' for CMake config files
[1.601s] Level 1:colcon.colcon_core.shell:create_environment_hook('41068_ignition_bringup', 'cmake_prefix_path')
[1.602s] INFO:colcon.colcon_core.shell:Creating environment hook '/home/tajw/git/team25_rs1/RS1-Gr25/install/41068_ignition_bringup/share/41068_ignition_bringup/hook/cmake_prefix_path.ps1'
[1.602s] INFO:colcon.colcon_core.shell:Creating environment descriptor '/home/tajw/git/team25_rs1/RS1-Gr25/install/41068_ignition_bringup/share/41068_ignition_bringup/hook/cmake_prefix_path.dsv'
[1.603s] INFO:colcon.colcon_core.shell:Creating environment hook '/home/tajw/git/team25_rs1/RS1-Gr25/install/41068_ignition_bringup/share/41068_ignition_bringup/hook/cmake_prefix_path.sh'
[1.603s] Level 1:colcon.colcon_core.environment:checking '/home/tajw/git/team25_rs1/RS1-Gr25/install/41068_ignition_bringup/lib'
[1.603s] Level 1:colcon.colcon_core.environment:checking '/home/tajw/git/team25_rs1/RS1-Gr25/install/41068_ignition_bringup/bin'
[1.603s] Level 1:colcon.colcon_core.environment:checking '/home/tajw/git/team25_rs1/RS1-Gr25/install/41068_ignition_bringup/lib/pkgconfig/41068_ignition_bringup.pc'
[1.603s] Level 1:colcon.colcon_core.environment:checking '/home/tajw/git/team25_rs1/RS1-Gr25/install/41068_ignition_bringup/lib/python3.10/site-packages'
[1.604s] Level 1:colcon.colcon_core.environment:checking '/home/tajw/git/team25_rs1/RS1-Gr25/install/41068_ignition_bringup/bin'
[1.604s] INFO:colcon.colcon_core.shell:Creating package script '/home/tajw/git/team25_rs1/RS1-Gr25/install/41068_ignition_bringup/share/41068_ignition_bringup/package.ps1'
[1.605s] INFO:colcon.colcon_core.shell:Creating package descriptor '/home/tajw/git/team25_rs1/RS1-Gr25/install/41068_ignition_bringup/share/41068_ignition_bringup/package.dsv'
[1.605s] INFO:colcon.colcon_core.shell:Creating package script '/home/tajw/git/team25_rs1/RS1-Gr25/install/41068_ignition_bringup/share/41068_ignition_bringup/package.sh'
[1.606s] INFO:colcon.colcon_core.shell:Creating package script '/home/tajw/git/team25_rs1/RS1-Gr25/install/41068_ignition_bringup/share/41068_ignition_bringup/package.bash'
[1.606s] INFO:colcon.colcon_core.shell:Creating package script '/home/tajw/git/team25_rs1/RS1-Gr25/install/41068_ignition_bringup/share/41068_ignition_bringup/package.zsh'
[1.606s] Level 1:colcon.colcon_core.environment:create_file_with_runtime_dependencies(/home/tajw/git/team25_rs1/RS1-Gr25/install/41068_ignition_bringup/share/colcon-core/packages/41068_ignition_bringup)
[1.607s] DEBUG:colcon.colcon_parallel_executor.executor.parallel:closing loop
[1.607s] DEBUG:colcon.colcon_parallel_executor.executor.parallel:loop closed
[1.607s] DEBUG:colcon.colcon_parallel_executor.executor.parallel:run_until_complete finished with '0'
[1.607s] DEBUG:colcon.colcon_core.event_reactor:joining thread
[1.644s] INFO:colcon.colcon_core.plugin_system:Skipping extension 'colcon_notification.desktop_notification.notify_send': Could not find 'notify-send'
[1.644s] INFO:colcon.colcon_core.plugin_system:Skipping extension 'colcon_notification.desktop_notification.terminal_notifier': Not used on non-Darwin systems
[1.644s] INFO:colcon.colcon_core.plugin_system:Skipping extension 'colcon_notification.desktop_notification.win32': Not used on non-Windows systems
[1.644s] INFO:colcon.colcon_notification.desktop_notification:Sending desktop notification using 'notify2'
[1.664s] DEBUG:colcon.colcon_notification.desktop_notification.notify2:Failed to initialize notify2: org.freedesktop.DBus.Error.ServiceUnknown: The name org.freedesktop.Notifications was not provided by any .service files
[1.665s] DEBUG:colcon.colcon_core.event_reactor:joined thread
[1.665s] INFO:colcon.colcon_core.shell:Creating prefix script '/home/tajw/git/team25_rs1/RS1-Gr25/install/local_setup.ps1'
[1.667s] INFO:colcon.colcon_core.shell:Creating prefix util module '/home/tajw/git/team25_rs1/RS1-Gr25/install/_local_setup_util_ps1.py'
[1.669s] INFO:colcon.colcon_core.shell:Creating prefix chain script '/home/tajw/git/team25_rs1/RS1-Gr25/install/setup.ps1'
[1.670s] INFO:colcon.colcon_core.shell:Creating prefix script '/home/tajw/git/team25_rs1/RS1-Gr25/install/local_setup.sh'
[1.674s] INFO:colcon.colcon_core.shell:Creating prefix util module '/home/tajw/git/team25_rs1/RS1-Gr25/install/_local_setup_util_sh.py'
[1.675s] INFO:colcon.colcon_core.shell:Creating prefix chain script '/home/tajw/git/team25_rs1/RS1-Gr25/install/setup.sh'
[1.677s] INFO:colcon.colcon_core.shell:Creating prefix script '/home/tajw/git/team25_rs1/RS1-Gr25/install/local_setup.bash'
[1.677s] INFO:colcon.colcon_core.shell:Creating prefix chain script '/home/tajw/git/team25_rs1/RS1-Gr25/install/setup.bash'
[1.679s] INFO:colcon.colcon_core.shell:Creating prefix script '/home/tajw/git/team25_rs1/RS1-Gr25/install/local_setup.zsh'
[1.679s] INFO:colcon.colcon_core.shell:Creating prefix chain script '/home/tajw/git/team25_rs1/RS1-Gr25/install/setup.zsh'
