[0.657s] DEBUG:colcon:Command line arguments: ['/usr/bin/colcon', 'build']
[0.658s] DEBUG:colcon:Parsed command line arguments: Namespace(log_base=None, log_level=None, verb_name='build', build_base='build', install_base='install', merge_install=False, symlink_install=False, test_result_base=None, continue_on_error=False, executor='parallel', parallel_workers=8, event_handlers=None, ignore_user_meta=False, metas=['./colcon.meta'], base_paths=['.'], packages_ignore=None, packages_ignore_regex=None, paths=None, packages_up_to=None, packages_up_to_regex=None, packages_above=None, packages_above_and_dependencies=None, packages_above_depth=None, packages_select_by_dep=None, packages_skip_by_dep=None, packages_skip_up_to=None, packages_select_build_failed=False, packages_skip_build_finished=False, packages_select_test_failures=False, packages_skip_test_passed=False, packages_select=None, packages_skip=None, packages_select_regex=None, packages_skip_regex=None, packages_start=None, packages_end=None, allow_overriding=[], cmake_args=None, cmake_target=None, cmake_target_skip_unavailable=False, cmake_clean_cache=False, cmake_clean_first=False, cmake_force_configure=False, ament_cmake_args=None, catkin_cmake_args=None, catkin_skip_building_tests=False, mixin_files=None, mixin=None, verb_parser=<colcon_mixin.mixin.mixin_argument.MixinArgumentDecorator object at 0x767f34e41c90>, verb_extension=<colcon_core.verb.build.BuildVerb object at 0x767f34fc3400>, main=<bound method BuildVerb.main of <colcon_core.verb.build.BuildVerb object at 0x767f34fc3400>>, mixin_verb=('build',))
[0.968s] Level 1:colcon.colcon_core.package_discovery:discover_packages(colcon_meta) check parameters
[0.968s] Level 1:colcon.colcon_core.package_discovery:discover_packages(recursive) check parameters
[0.968s] Level 1:colcon.colcon_core.package_discovery:discover_packages(ignore) check parameters
[0.969s] Level 1:colcon.colcon_core.package_discovery:discover_packages(path) check parameters
[0.969s] Level 1:colcon.colcon_core.package_discovery:discover_packages(colcon_meta) discover
[0.969s] Level 1:colcon.colcon_core.package_discovery:discover_packages(recursive) discover
[0.969s] INFO:colcon.colcon_core.package_discovery:Crawling recursively for packages in '/home/tajw/git/team25_rs1/RS1-Gr25'
[0.969s] Level 1:colcon.colcon_core.package_identification:_identify(.) by extensions ['ignore', 'ignore_ament_install']
[0.969s] Level 1:colcon.colcon_core.package_identification:_identify(.) by extension 'ignore'
[0.969s] Level 1:colcon.colcon_core.package_identification:_identify(.) by extension 'ignore_ament_install'
[0.969s] Level 1:colcon.colcon_core.package_identification:_identify(.) by extensions ['colcon_pkg']
[0.969s] Level 1:colcon.colcon_core.package_identification:_identify(.) by extension 'colcon_pkg'
[0.969s] Level 1:colcon.colcon_core.package_identification:_identify(.) by extensions ['colcon_meta']
[0.969s] Level 1:colcon.colcon_core.package_identification:_identify(.) by extension 'colcon_meta'
[0.969s] Level 1:colcon.colcon_core.package_identification:_identify(.) by extensions ['ros']
[0.969s] Level 1:colcon.colcon_core.package_identification:_identify(.) by extension 'ros'
[1.002s] Level 1:colcon.colcon_core.package_identification:_identify(.) by extensions ['cmake', 'python']
[1.002s] Level 1:colcon.colcon_core.package_identification:_identify(.) by extension 'cmake'
[1.002s] Level 1:colcon.colcon_core.package_identification:_identify(.) by extension 'python'
[1.003s] Level 1:colcon.colcon_core.package_identification:_identify(.) by extensions ['python_setup_py']
[1.003s] Level 1:colcon.colcon_core.package_identification:_identify(.) by extension 'python_setup_py'
[1.003s] Level 1:colcon.colcon_core.package_identification:_identify(build) by extensions ['ignore', 'ignore_ament_install']
[1.003s] Level 1:colcon.colcon_core.package_identification:_identify(build) by extension 'ignore'
[1.003s] Level 1:colcon.colcon_core.package_identification:_identify(build) ignored
[1.003s] Level 1:colcon.colcon_core.package_identification:_identify(install) by extensions ['ignore', 'ignore_ament_install']
[1.003s] Level 1:colcon.colcon_core.package_identification:_identify(install) by extension 'ignore'
[1.004s] Level 1:colcon.colcon_core.package_identification:_identify(install) ignored
[1.004s] Level 1:colcon.colcon_core.package_identification:_identify(log) by extensions ['ignore', 'ignore_ament_install']
[1.004s] Level 1:colcon.colcon_core.package_identification:_identify(log) by extension 'ignore'
[1.004s] Level 1:colcon.colcon_core.package_identification:_identify(log) ignored
[1.004s] Level 1:colcon.colcon_core.package_identification:_identify(src) by extensions ['ignore', 'ignore_ament_install']
[1.004s] Level 1:colcon.colcon_core.package_identification:_identify(src) by extension 'ignore'
[1.004s] Level 1:colcon.colcon_core.package_identification:_identify(src) by extension 'ignore_ament_install'
[1.005s] Level 1:colcon.colcon_core.package_identification:_identify(src) by extensions ['colcon_pkg']
[1.005s] Level 1:colcon.colcon_core.package_identification:_identify(src) by extension 'colcon_pkg'
[1.005s] Level 1:colcon.colcon_core.package_identification:_identify(src) by extensions ['colcon_meta']
[1.005s] Level 1:colcon.colcon_core.package_identification:_identify(src) by extension 'colcon_meta'
[1.005s] Level 1:colcon.colcon_core.package_identification:_identify(src) by extensions ['ros']
[1.005s] Level 1:colcon.colcon_core.package_identification:_identify(src) by extension 'ros'
[1.005s] Level 1:colcon.colcon_core.package_identification:_identify(src) by extensions ['cmake', 'python']
[1.005s] Level 1:colcon.colcon_core.package_identification:_identify(src) by extension 'cmake'
[1.005s] Level 1:colcon.colcon_core.package_identification:_identify(src) by extension 'python'
[1.005s] Level 1:colcon.colcon_core.package_identification:_identify(src) by extensions ['python_setup_py']
[1.005s] Level 1:colcon.colcon_core.package_identification:_identify(src) by extension 'python_setup_py'
[1.006s] Level 1:colcon.colcon_core.package_identification:_identify(src/41068_ignition_bringup_v1) by extensions ['ignore', 'ignore_ament_install']
[1.006s] Level 1:colcon.colcon_core.package_identification:_identify(src/41068_ignition_bringup_v1) by extension 'ignore'
[1.006s] Level 1:colcon.colcon_core.package_identification:_identify(src/41068_ignition_bringup_v1) by extension 'ignore_ament_install'
[1.006s] Level 1:colcon.colcon_core.package_identification:_identify(src/41068_ignition_bringup_v1) by extensions ['colcon_pkg']
[1.006s] Level 1:colcon.colcon_core.package_identification:_identify(src/41068_ignition_bringup_v1) by extension 'colcon_pkg'
[1.006s] Level 1:colcon.colcon_core.package_identification:_identify(src/41068_ignition_bringup_v1) by extensions ['colcon_meta']
[1.006s] Level 1:colcon.colcon_core.package_identification:_identify(src/41068_ignition_bringup_v1) by extension 'colcon_meta'
[1.006s] Level 1:colcon.colcon_core.package_identification:_identify(src/41068_ignition_bringup_v1) by extensions ['ros']
[1.006s] Level 1:colcon.colcon_core.package_identification:_identify(src/41068_ignition_bringup_v1) by extension 'ros'
[1.006s] Level 1:colcon.colcon_core.package_identification:_identify(src/41068_ignition_bringup_v1) by extensions ['cmake', 'python']
[1.006s] Level 1:colcon.colcon_core.package_identification:_identify(src/41068_ignition_bringup_v1) by extension 'cmake'
[1.006s] Level 1:colcon.colcon_core.package_identification:_identify(src/41068_ignition_bringup_v1) by extension 'python'
[1.007s] Level 1:colcon.colcon_core.package_identification:_identify(src/41068_ignition_bringup_v1) by extensions ['python_setup_py']
[1.007s] Level 1:colcon.colcon_core.package_identification:_identify(src/41068_ignition_bringup_v1) by extension 'python_setup_py'
[1.007s] Level 1:colcon.colcon_core.package_identification:_identify(src/41068_ignition_bringup_v1/41068_ignition_bringup) by extensions ['ignore', 'ignore_ament_install']
[1.007s] Level 1:colcon.colcon_core.package_identification:_identify(src/41068_ignition_bringup_v1/41068_ignition_bringup) by extension 'ignore'
[1.007s] Level 1:colcon.colcon_core.package_identification:_identify(src/41068_ignition_bringup_v1/41068_ignition_bringup) by extension 'ignore_ament_install'
[1.007s] Level 1:colcon.colcon_core.package_identification:_identify(src/41068_ignition_bringup_v1/41068_ignition_bringup) by extensions ['colcon_pkg']
[1.007s] Level 1:colcon.colcon_core.package_identification:_identify(src/41068_ignition_bringup_v1/41068_ignition_bringup) by extension 'colcon_pkg'
[1.007s] Level 1:colcon.colcon_core.package_identification:_identify(src/41068_ignition_bringup_v1/41068_ignition_bringup) by extensions ['colcon_meta']
[1.007s] Level 1:colcon.colcon_core.package_identification:_identify(src/41068_ignition_bringup_v1/41068_ignition_bringup) by extension 'colcon_meta'
[1.007s] Level 1:colcon.colcon_core.package_identification:_identify(src/41068_ignition_bringup_v1/41068_ignition_bringup) by extensions ['ros']
[1.007s] Level 1:colcon.colcon_core.package_identification:_identify(src/41068_ignition_bringup_v1/41068_ignition_bringup) by extension 'ros'
[1.019s] DEBUG:colcon.colcon_core.package_identification:Package 'src/41068_ignition_bringup_v1/41068_ignition_bringup' with type 'ros.ament_cmake' and name '41068_ignition_bringup'
[1.019s] Level 1:colcon.colcon_core.package_identification:_identify(src/build) by extensions ['ignore', 'ignore_ament_install']
[1.019s] Level 1:colcon.colcon_core.package_identification:_identify(src/build) by extension 'ignore'
[1.020s] Level 1:colcon.colcon_core.package_identification:_identify(src/build) by extension 'ignore_ament_install'
[1.020s] Level 1:colcon.colcon_core.package_identification:_identify(src/build) by extensions ['colcon_pkg']
[1.020s] Level 1:colcon.colcon_core.package_identification:_identify(src/build) by extension 'colcon_pkg'
[1.020s] Level 1:colcon.colcon_core.package_identification:_identify(src/build) by extensions ['colcon_meta']
[1.020s] Level 1:colcon.colcon_core.package_identification:_identify(src/build) by extension 'colcon_meta'
[1.020s] Level 1:colcon.colcon_core.package_identification:_identify(src/build) by extensions ['ros']
[1.020s] Level 1:colcon.colcon_core.package_identification:_identify(src/build) by extension 'ros'
[1.020s] Level 1:colcon.colcon_core.package_identification:_identify(src/build) by extensions ['cmake', 'python']
[1.020s] Level 1:colcon.colcon_core.package_identification:_identify(src/build) by extension 'cmake'
[1.020s] Level 1:colcon.colcon_core.package_identification:_identify(src/build) by extension 'python'
[1.020s] Level 1:colcon.colcon_core.package_identification:_identify(src/build) by extensions ['python_setup_py']
[1.020s] Level 1:colcon.colcon_core.package_identification:_identify(src/build) by extension 'python_setup_py'
[1.021s] Level 1:colcon.colcon_core.package_identification:_identify(src/build/41068_ignition_bringup) by extensions ['ignore', 'ignore_ament_install']
[1.021s] Level 1:colcon.colcon_core.package_identification:_identify(src/build/41068_ignition_bringup) by extension 'ignore'
[1.021s] Level 1:colcon.colcon_core.package_identification:_identify(src/build/41068_ignition_bringup) by extension 'ignore_ament_install'
[1.021s] Level 1:colcon.colcon_core.package_identification:_identify(src/build/41068_ignition_bringup) by extensions ['colcon_pkg']
[1.021s] Level 1:colcon.colcon_core.package_identification:_identify(src/build/41068_ignition_bringup) by extension 'colcon_pkg'
[1.021s] Level 1:colcon.colcon_core.package_identification:_identify(src/build/41068_ignition_bringup) by extensions ['colcon_meta']
[1.021s] Level 1:colcon.colcon_core.package_identification:_identify(src/build/41068_ignition_bringup) by extension 'colcon_meta'
[1.021s] Level 1:colcon.colcon_core.package_identification:_identify(src/build/41068_ignition_bringup) by extensions ['ros']
[1.021s] Level 1:colcon.colcon_core.package_identification:_identify(src/build/41068_ignition_bringup) by extension 'ros'
[1.021s] Level 1:colcon.colcon_core.package_identification:_identify(src/build/41068_ignition_bringup) by extensions ['cmake', 'python']
[1.022s] Level 1:colcon.colcon_core.package_identification:_identify(src/build/41068_ignition_bringup) by extension 'cmake'
[1.022s] Level 1:colcon.colcon_core.package_identification:_identify(src/build/41068_ignition_bringup) by extension 'python'
[1.022s] Level 1:colcon.colcon_core.package_identification:_identify(src/build/41068_ignition_bringup) by extensions ['python_setup_py']
[1.022s] Level 1:colcon.colcon_core.package_identification:_identify(src/build/41068_ignition_bringup) by extension 'python_setup_py'
[1.022s] Level 1:colcon.colcon_core.package_identification:_identify(src/build/41068_ignition_bringup/CMakeFiles) by extensions ['ignore', 'ignore_ament_install']
[1.022s] Level 1:colcon.colcon_core.package_identification:_identify(src/build/41068_ignition_bringup/CMakeFiles) by extension 'ignore'
[1.022s] Level 1:colcon.colcon_core.package_identification:_identify(src/build/41068_ignition_bringup/CMakeFiles) by extension 'ignore_ament_install'
[1.022s] Level 1:colcon.colcon_core.package_identification:_identify(src/build/41068_ignition_bringup/CMakeFiles) by extensions ['colcon_pkg']
[1.022s] Level 1:colcon.colcon_core.package_identification:_identify(src/build/41068_ignition_bringup/CMakeFiles) by extension 'colcon_pkg'
[1.022s] Level 1:colcon.colcon_core.package_identification:_identify(src/build/41068_ignition_bringup/CMakeFiles) by extensions ['colcon_meta']
[1.022s] Level 1:colcon.colcon_core.package_identification:_identify(src/build/41068_ignition_bringup/CMakeFiles) by extension 'colcon_meta'
[1.022s] Level 1:colcon.colcon_core.package_identification:_identify(src/build/41068_ignition_bringup/CMakeFiles) by extensions ['ros']
[1.022s] Level 1:colcon.colcon_core.package_identification:_identify(src/build/41068_ignition_bringup/CMakeFiles) by extension 'ros'
[1.023s] Level 1:colcon.colcon_core.package_identification:_identify(src/build/41068_ignition_bringup/CMakeFiles) by extensions ['cmake', 'python']
[1.023s] Level 1:colcon.colcon_core.package_identification:_identify(src/build/41068_ignition_bringup/CMakeFiles) by extension 'cmake'
[1.023s] Level 1:colcon.colcon_core.package_identification:_identify(src/build/41068_ignition_bringup/CMakeFiles) by extension 'python'
[1.023s] Level 1:colcon.colcon_core.package_identification:_identify(src/build/41068_ignition_bringup/CMakeFiles) by extensions ['python_setup_py']
[1.023s] Level 1:colcon.colcon_core.package_identification:_identify(src/build/41068_ignition_bringup/CMakeFiles) by extension 'python_setup_py'
[1.023s] Level 1:colcon.colcon_core.package_identification:_identify(src/build/41068_ignition_bringup/CMakeFiles/3.22.1) by extensions ['ignore', 'ignore_ament_install']
[1.023s] Level 1:colcon.colcon_core.package_identification:_identify(src/build/41068_ignition_bringup/CMakeFiles/3.22.1) by extension 'ignore'
[1.023s] Level 1:colcon.colcon_core.package_identification:_identify(src/build/41068_ignition_bringup/CMakeFiles/3.22.1) by extension 'ignore_ament_install'
[1.023s] Level 1:colcon.colcon_core.package_identification:_identify(src/build/41068_ignition_bringup/CMakeFiles/3.22.1) by extensions ['colcon_pkg']
[1.023s] Level 1:colcon.colcon_core.package_identification:_identify(src/build/41068_ignition_bringup/CMakeFiles/3.22.1) by extension 'colcon_pkg'
[1.023s] Level 1:colcon.colcon_core.package_identification:_identify(src/build/41068_ignition_bringup/CMakeFiles/3.22.1) by extensions ['colcon_meta']
[1.023s] Level 1:colcon.colcon_core.package_identification:_identify(src/build/41068_ignition_bringup/CMakeFiles/3.22.1) by extension 'colcon_meta'
[1.023s] Level 1:colcon.colcon_core.package_identification:_identify(src/build/41068_ignition_bringup/CMakeFiles/3.22.1) by extensions ['ros']
[1.023s] Level 1:colcon.colcon_core.package_identification:_identify(src/build/41068_ignition_bringup/CMakeFiles/3.22.1) by extension 'ros'
[1.024s] Level 1:colcon.colcon_core.package_identification:_identify(src/build/41068_ignition_bringup/CMakeFiles/3.22.1) by extensions ['cmake', 'python']
[1.024s] Level 1:colcon.colcon_core.package_identification:_identify(src/build/41068_ignition_bringup/CMakeFiles/3.22.1) by extension 'cmake'
[1.024s] Level 1:colcon.colcon_core.package_identification:_identify(src/build/41068_ignition_bringup/CMakeFiles/3.22.1) by extension 'python'
[1.024s] Level 1:colcon.colcon_core.package_identification:_identify(src/build/41068_ignition_bringup/CMakeFiles/3.22.1) by extensions ['python_setup_py']
[1.024s] Level 1:colcon.colcon_core.package_identification:_identify(src/build/41068_ignition_bringup/CMakeFiles/3.22.1) by extension 'python_setup_py'
[1.024s] Level 1:colcon.colcon_core.package_identification:_identify(src/build/41068_ignition_bringup/CMakeFiles/3.22.1/CompilerIdC) by extensions ['ignore', 'ignore_ament_install']
[1.024s] Level 1:colcon.colcon_core.package_identification:_identify(src/build/41068_ignition_bringup/CMakeFiles/3.22.1/CompilerIdC) by extension 'ignore'
[1.024s] Level 1:colcon.colcon_core.package_identification:_identify(src/build/41068_ignition_bringup/CMakeFiles/3.22.1/CompilerIdC) by extension 'ignore_ament_install'
[1.025s] Level 1:colcon.colcon_core.package_identification:_identify(src/build/41068_ignition_bringup/CMakeFiles/3.22.1/CompilerIdC) by extensions ['colcon_pkg']
[1.025s] Level 1:colcon.colcon_core.package_identification:_identify(src/build/41068_ignition_bringup/CMakeFiles/3.22.1/CompilerIdC) by extension 'colcon_pkg'
[1.025s] Level 1:colcon.colcon_core.package_identification:_identify(src/build/41068_ignition_bringup/CMakeFiles/3.22.1/CompilerIdC) by extensions ['colcon_meta']
[1.025s] Level 1:colcon.colcon_core.package_identification:_identify(src/build/41068_ignition_bringup/CMakeFiles/3.22.1/CompilerIdC) by extension 'colcon_meta'
[1.025s] Level 1:colcon.colcon_core.package_identification:_identify(src/build/41068_ignition_bringup/CMakeFiles/3.22.1/CompilerIdC) by extensions ['ros']
[1.025s] Level 1:colcon.colcon_core.package_identification:_identify(src/build/41068_ignition_bringup/CMakeFiles/3.22.1/CompilerIdC) by extension 'ros'
[1.025s] Level 1:colcon.colcon_core.package_identification:_identify(src/build/41068_ignition_bringup/CMakeFiles/3.22.1/CompilerIdC) by extensions ['cmake', 'python']
[1.025s] Level 1:colcon.colcon_core.package_identification:_identify(src/build/41068_ignition_bringup/CMakeFiles/3.22.1/CompilerIdC) by extension 'cmake'
[1.026s] Level 1:colcon.colcon_core.package_identification:_identify(src/build/41068_ignition_bringup/CMakeFiles/3.22.1/CompilerIdC) by extension 'python'
[1.026s] Level 1:colcon.colcon_core.package_identification:_identify(src/build/41068_ignition_bringup/CMakeFiles/3.22.1/CompilerIdC) by extensions ['python_setup_py']
[1.026s] Level 1:colcon.colcon_core.package_identification:_identify(src/build/41068_ignition_bringup/CMakeFiles/3.22.1/CompilerIdC) by extension 'python_setup_py'
[1.026s] Level 1:colcon.colcon_core.package_identification:_identify(src/build/41068_ignition_bringup/CMakeFiles/3.22.1/CompilerIdC/tmp) by extensions ['ignore', 'ignore_ament_install']
[1.026s] Level 1:colcon.colcon_core.package_identification:_identify(src/build/41068_ignition_bringup/CMakeFiles/3.22.1/CompilerIdC/tmp) by extension 'ignore'
[1.027s] Level 1:colcon.colcon_core.package_identification:_identify(src/build/41068_ignition_bringup/CMakeFiles/3.22.1/CompilerIdC/tmp) by extension 'ignore_ament_install'
[1.027s] Level 1:colcon.colcon_core.package_identification:_identify(src/build/41068_ignition_bringup/CMakeFiles/3.22.1/CompilerIdC/tmp) by extensions ['colcon_pkg']
[1.027s] Level 1:colcon.colcon_core.package_identification:_identify(src/build/41068_ignition_bringup/CMakeFiles/3.22.1/CompilerIdC/tmp) by extension 'colcon_pkg'
[1.027s] Level 1:colcon.colcon_core.package_identification:_identify(src/build/41068_ignition_bringup/CMakeFiles/3.22.1/CompilerIdC/tmp) by extensions ['colcon_meta']
[1.027s] Level 1:colcon.colcon_core.package_identification:_identify(src/build/41068_ignition_bringup/CMakeFiles/3.22.1/CompilerIdC/tmp) by extension 'colcon_meta'
[1.027s] Level 1:colcon.colcon_core.package_identification:_identify(src/build/41068_ignition_bringup/CMakeFiles/3.22.1/CompilerIdC/tmp) by extensions ['ros']
[1.027s] Level 1:colcon.colcon_core.package_identification:_identify(src/build/41068_ignition_bringup/CMakeFiles/3.22.1/CompilerIdC/tmp) by extension 'ros'
[1.027s] Level 1:colcon.colcon_core.package_identification:_identify(src/build/41068_ignition_bringup/CMakeFiles/3.22.1/CompilerIdC/tmp) by extensions ['cmake', 'python']
[1.027s] Level 1:colcon.colcon_core.package_identification:_identify(src/build/41068_ignition_bringup/CMakeFiles/3.22.1/CompilerIdC/tmp) by extension 'cmake'
[1.027s] Level 1:colcon.colcon_core.package_identification:_identify(src/build/41068_ignition_bringup/CMakeFiles/3.22.1/CompilerIdC/tmp) by extension 'python'
[1.027s] Level 1:colcon.colcon_core.package_identification:_identify(src/build/41068_ignition_bringup/CMakeFiles/3.22.1/CompilerIdC/tmp) by extensions ['python_setup_py']
[1.027s] Level 1:colcon.colcon_core.package_identification:_identify(src/build/41068_ignition_bringup/CMakeFiles/3.22.1/CompilerIdC/tmp) by extension 'python_setup_py'
[1.028s] Level 1:colcon.colcon_core.package_identification:_identify(src/build/41068_ignition_bringup/CMakeFiles/3.22.1/CompilerIdCXX) by extensions ['ignore', 'ignore_ament_install']
[1.028s] Level 1:colcon.colcon_core.package_identification:_identify(src/build/41068_ignition_bringup/CMakeFiles/3.22.1/CompilerIdCXX) by extension 'ignore'
[1.028s] Level 1:colcon.colcon_core.package_identification:_identify(src/build/41068_ignition_bringup/CMakeFiles/3.22.1/CompilerIdCXX) by extension 'ignore_ament_install'
[1.028s] Level 1:colcon.colcon_core.package_identification:_identify(src/build/41068_ignition_bringup/CMakeFiles/3.22.1/CompilerIdCXX) by extensions ['colcon_pkg']
[1.028s] Level 1:colcon.colcon_core.package_identification:_identify(src/build/41068_ignition_bringup/CMakeFiles/3.22.1/CompilerIdCXX) by extension 'colcon_pkg'
[1.028s] Level 1:colcon.colcon_core.package_identification:_identify(src/build/41068_ignition_bringup/CMakeFiles/3.22.1/CompilerIdCXX) by extensions ['colcon_meta']
[1.028s] Level 1:colcon.colcon_core.package_identification:_identify(src/build/41068_ignition_bringup/CMakeFiles/3.22.1/CompilerIdCXX) by extension 'colcon_meta'
[1.028s] Level 1:colcon.colcon_core.package_identification:_identify(src/build/41068_ignition_bringup/CMakeFiles/3.22.1/CompilerIdCXX) by extensions ['ros']
[1.028s] Level 1:colcon.colcon_core.package_identification:_identify(src/build/41068_ignition_bringup/CMakeFiles/3.22.1/CompilerIdCXX) by extension 'ros'
[1.029s] Level 1:colcon.colcon_core.package_identification:_identify(src/build/41068_ignition_bringup/CMakeFiles/3.22.1/CompilerIdCXX) by extensions ['cmake', 'python']
[1.029s] Level 1:colcon.colcon_core.package_identification:_identify(src/build/41068_ignition_bringup/CMakeFiles/3.22.1/CompilerIdCXX) by extension 'cmake'
[1.029s] Level 1:colcon.colcon_core.package_identification:_identify(src/build/41068_ignition_bringup/CMakeFiles/3.22.1/CompilerIdCXX) by extension 'python'
[1.029s] Level 1:colcon.colcon_core.package_identification:_identify(src/build/41068_ignition_bringup/CMakeFiles/3.22.1/CompilerIdCXX) by extensions ['python_setup_py']
[1.029s] Level 1:colcon.colcon_core.package_identification:_identify(src/build/41068_ignition_bringup/CMakeFiles/3.22.1/CompilerIdCXX) by extension 'python_setup_py'
[1.029s] Level 1:colcon.colcon_core.package_identification:_identify(src/build/41068_ignition_bringup/CMakeFiles/3.22.1/CompilerIdCXX/tmp) by extensions ['ignore', 'ignore_ament_install']
[1.030s] Level 1:colcon.colcon_core.package_identification:_identify(src/build/41068_ignition_bringup/CMakeFiles/3.22.1/CompilerIdCXX/tmp) by extension 'ignore'
[1.030s] Level 1:colcon.colcon_core.package_identification:_identify(src/build/41068_ignition_bringup/CMakeFiles/3.22.1/CompilerIdCXX/tmp) by extension 'ignore_ament_install'
[1.030s] Level 1:colcon.colcon_core.package_identification:_identify(src/build/41068_ignition_bringup/CMakeFiles/3.22.1/CompilerIdCXX/tmp) by extensions ['colcon_pkg']
[1.030s] Level 1:colcon.colcon_core.package_identification:_identify(src/build/41068_ignition_bringup/CMakeFiles/3.22.1/CompilerIdCXX/tmp) by extension 'colcon_pkg'
[1.030s] Level 1:colcon.colcon_core.package_identification:_identify(src/build/41068_ignition_bringup/CMakeFiles/3.22.1/CompilerIdCXX/tmp) by extensions ['colcon_meta']
[1.030s] Level 1:colcon.colcon_core.package_identification:_identify(src/build/41068_ignition_bringup/CMakeFiles/3.22.1/CompilerIdCXX/tmp) by extension 'colcon_meta'
[1.030s] Level 1:colcon.colcon_core.package_identification:_identify(src/build/41068_ignition_bringup/CMakeFiles/3.22.1/CompilerIdCXX/tmp) by extensions ['ros']
[1.030s] Level 1:colcon.colcon_core.package_identification:_identify(src/build/41068_ignition_bringup/CMakeFiles/3.22.1/CompilerIdCXX/tmp) by extension 'ros'
[1.030s] Level 1:colcon.colcon_core.package_identification:_identify(src/build/41068_ignition_bringup/CMakeFiles/3.22.1/CompilerIdCXX/tmp) by extensions ['cmake', 'python']
[1.030s] Level 1:colcon.colcon_core.package_identification:_identify(src/build/41068_ignition_bringup/CMakeFiles/3.22.1/CompilerIdCXX/tmp) by extension 'cmake'
[1.030s] Level 1:colcon.colcon_core.package_identification:_identify(src/build/41068_ignition_bringup/CMakeFiles/3.22.1/CompilerIdCXX/tmp) by extension 'python'
[1.030s] Level 1:colcon.colcon_core.package_identification:_identify(src/build/41068_ignition_bringup/CMakeFiles/3.22.1/CompilerIdCXX/tmp) by extensions ['python_setup_py']
[1.030s] Level 1:colcon.colcon_core.package_identification:_identify(src/build/41068_ignition_bringup/CMakeFiles/3.22.1/CompilerIdCXX/tmp) by extension 'python_setup_py'
[1.031s] Level 1:colcon.colcon_core.package_identification:_identify(src/build/41068_ignition_bringup/CMakeFiles/CMakeTmp) by extensions ['ignore', 'ignore_ament_install']
[1.031s] Level 1:colcon.colcon_core.package_identification:_identify(src/build/41068_ignition_bringup/CMakeFiles/CMakeTmp) by extension 'ignore'
[1.031s] Level 1:colcon.colcon_core.package_identification:_identify(src/build/41068_ignition_bringup/CMakeFiles/CMakeTmp) by extension 'ignore_ament_install'
[1.031s] Level 1:colcon.colcon_core.package_identification:_identify(src/build/41068_ignition_bringup/CMakeFiles/CMakeTmp) by extensions ['colcon_pkg']
[1.031s] Level 1:colcon.colcon_core.package_identification:_identify(src/build/41068_ignition_bringup/CMakeFiles/CMakeTmp) by extension 'colcon_pkg'
[1.031s] Level 1:colcon.colcon_core.package_identification:_identify(src/build/41068_ignition_bringup/CMakeFiles/CMakeTmp) by extensions ['colcon_meta']
[1.031s] Level 1:colcon.colcon_core.package_identification:_identify(src/build/41068_ignition_bringup/CMakeFiles/CMakeTmp) by extension 'colcon_meta'
[1.031s] Level 1:colcon.colcon_core.package_identification:_identify(src/build/41068_ignition_bringup/CMakeFiles/CMakeTmp) by extensions ['ros']
[1.031s] Level 1:colcon.colcon_core.package_identification:_identify(src/build/41068_ignition_bringup/CMakeFiles/CMakeTmp) by extension 'ros'
[1.031s] Level 1:colcon.colcon_core.package_identification:_identify(src/build/41068_ignition_bringup/CMakeFiles/CMakeTmp) by extensions ['cmake', 'python']
[1.032s] Level 1:colcon.colcon_core.package_identification:_identify(src/build/41068_ignition_bringup/CMakeFiles/CMakeTmp) by extension 'cmake'
[1.032s] Level 1:colcon.colcon_core.package_identification:_identify(src/build/41068_ignition_bringup/CMakeFiles/CMakeTmp) by extension 'python'
[1.032s] Level 1:colcon.colcon_core.package_identification:_identify(src/build/41068_ignition_bringup/CMakeFiles/CMakeTmp) by extensions ['python_setup_py']
[1.032s] Level 1:colcon.colcon_core.package_identification:_identify(src/build/41068_ignition_bringup/CMakeFiles/CMakeTmp) by extension 'python_setup_py'
[1.032s] Level 1:colcon.colcon_core.package_identification:_identify(src/build/41068_ignition_bringup/ament_copyright) by extensions ['ignore', 'ignore_ament_install']
[1.032s] Level 1:colcon.colcon_core.package_identification:_identify(src/build/41068_ignition_bringup/ament_copyright) by extension 'ignore'
[1.032s] Level 1:colcon.colcon_core.package_identification:_identify(src/build/41068_ignition_bringup/ament_copyright) by extension 'ignore_ament_install'
[1.032s] Level 1:colcon.colcon_core.package_identification:_identify(src/build/41068_ignition_bringup/ament_copyright) by extensions ['colcon_pkg']
[1.032s] Level 1:colcon.colcon_core.package_identification:_identify(src/build/41068_ignition_bringup/ament_copyright) by extension 'colcon_pkg'
[1.032s] Level 1:colcon.colcon_core.package_identification:_identify(src/build/41068_ignition_bringup/ament_copyright) by extensions ['colcon_meta']
[1.032s] Level 1:colcon.colcon_core.package_identification:_identify(src/build/41068_ignition_bringup/ament_copyright) by extension 'colcon_meta'
[1.032s] Level 1:colcon.colcon_core.package_identification:_identify(src/build/41068_ignition_bringup/ament_copyright) by extensions ['ros']
[1.032s] Level 1:colcon.colcon_core.package_identification:_identify(src/build/41068_ignition_bringup/ament_copyright) by extension 'ros'
[1.033s] Level 1:colcon.colcon_core.package_identification:_identify(src/build/41068_ignition_bringup/ament_copyright) by extensions ['cmake', 'python']
[1.033s] Level 1:colcon.colcon_core.package_identification:_identify(src/build/41068_ignition_bringup/ament_copyright) by extension 'cmake'
[1.033s] Level 1:colcon.colcon_core.package_identification:_identify(src/build/41068_ignition_bringup/ament_copyright) by extension 'python'
[1.033s] Level 1:colcon.colcon_core.package_identification:_identify(src/build/41068_ignition_bringup/ament_copyright) by extensions ['python_setup_py']
[1.033s] Level 1:colcon.colcon_core.package_identification:_identify(src/build/41068_ignition_bringup/ament_copyright) by extension 'python_setup_py'
[1.033s] Level 1:colcon.colcon_core.package_identification:_identify(src/build/41068_ignition_bringup/ament_flake8) by extensions ['ignore', 'ignore_ament_install']
[1.033s] Level 1:colcon.colcon_core.package_identification:_identify(src/build/41068_ignition_bringup/ament_flake8) by extension 'ignore'
[1.033s] Level 1:colcon.colcon_core.package_identification:_identify(src/build/41068_ignition_bringup/ament_flake8) by extension 'ignore_ament_install'
[1.033s] Level 1:colcon.colcon_core.package_identification:_identify(src/build/41068_ignition_bringup/ament_flake8) by extensions ['colcon_pkg']
[1.033s] Level 1:colcon.colcon_core.package_identification:_identify(src/build/41068_ignition_bringup/ament_flake8) by extension 'colcon_pkg'
[1.034s] Level 1:colcon.colcon_core.package_identification:_identify(src/build/41068_ignition_bringup/ament_flake8) by extensions ['colcon_meta']
[1.034s] Level 1:colcon.colcon_core.package_identification:_identify(src/build/41068_ignition_bringup/ament_flake8) by extension 'colcon_meta'
[1.034s] Level 1:colcon.colcon_core.package_identification:_identify(src/build/41068_ignition_bringup/ament_flake8) by extensions ['ros']
[1.034s] Level 1:colcon.colcon_core.package_identification:_identify(src/build/41068_ignition_bringup/ament_flake8) by extension 'ros'
[1.034s] Level 1:colcon.colcon_core.package_identification:_identify(src/build/41068_ignition_bringup/ament_flake8) by extensions ['cmake', 'python']
[1.034s] Level 1:colcon.colcon_core.package_identification:_identify(src/build/41068_ignition_bringup/ament_flake8) by extension 'cmake'
[1.034s] Level 1:colcon.colcon_core.package_identification:_identify(src/build/41068_ignition_bringup/ament_flake8) by extension 'python'
[1.034s] Level 1:colcon.colcon_core.package_identification:_identify(src/build/41068_ignition_bringup/ament_flake8) by extensions ['python_setup_py']
[1.034s] Level 1:colcon.colcon_core.package_identification:_identify(src/build/41068_ignition_bringup/ament_flake8) by extension 'python_setup_py'
[1.034s] Level 1:colcon.colcon_core.package_identification:_identify(src/build/41068_ignition_bringup/ament_lint_cmake) by extensions ['ignore', 'ignore_ament_install']
[1.034s] Level 1:colcon.colcon_core.package_identification:_identify(src/build/41068_ignition_bringup/ament_lint_cmake) by extension 'ignore'
[1.034s] Level 1:colcon.colcon_core.package_identification:_identify(src/build/41068_ignition_bringup/ament_lint_cmake) by extension 'ignore_ament_install'
[1.034s] Level 1:colcon.colcon_core.package_identification:_identify(src/build/41068_ignition_bringup/ament_lint_cmake) by extensions ['colcon_pkg']
[1.034s] Level 1:colcon.colcon_core.package_identification:_identify(src/build/41068_ignition_bringup/ament_lint_cmake) by extension 'colcon_pkg'
[1.035s] Level 1:colcon.colcon_core.package_identification:_identify(src/build/41068_ignition_bringup/ament_lint_cmake) by extensions ['colcon_meta']
[1.035s] Level 1:colcon.colcon_core.package_identification:_identify(src/build/41068_ignition_bringup/ament_lint_cmake) by extension 'colcon_meta'
[1.035s] Level 1:colcon.colcon_core.package_identification:_identify(src/build/41068_ignition_bringup/ament_lint_cmake) by extensions ['ros']
[1.035s] Level 1:colcon.colcon_core.package_identification:_identify(src/build/41068_ignition_bringup/ament_lint_cmake) by extension 'ros'
[1.035s] Level 1:colcon.colcon_core.package_identification:_identify(src/build/41068_ignition_bringup/ament_lint_cmake) by extensions ['cmake', 'python']
[1.035s] Level 1:colcon.colcon_core.package_identification:_identify(src/build/41068_ignition_bringup/ament_lint_cmake) by extension 'cmake'
[1.035s] Level 1:colcon.colcon_core.package_identification:_identify(src/build/41068_ignition_bringup/ament_lint_cmake) by extension 'python'
[1.035s] Level 1:colcon.colcon_core.package_identification:_identify(src/build/41068_ignition_bringup/ament_lint_cmake) by extensions ['python_setup_py']
[1.035s] Level 1:colcon.colcon_core.package_identification:_identify(src/build/41068_ignition_bringup/ament_lint_cmake) by extension 'python_setup_py'
[1.035s] Level 1:colcon.colcon_core.package_identification:_identify(src/build/41068_ignition_bringup/ament_pep257) by extensions ['ignore', 'ignore_ament_install']
[1.035s] Level 1:colcon.colcon_core.package_identification:_identify(src/build/41068_ignition_bringup/ament_pep257) by extension 'ignore'
[1.035s] Level 1:colcon.colcon_core.package_identification:_identify(src/build/41068_ignition_bringup/ament_pep257) by extension 'ignore_ament_install'
[1.035s] Level 1:colcon.colcon_core.package_identification:_identify(src/build/41068_ignition_bringup/ament_pep257) by extensions ['colcon_pkg']
[1.035s] Level 1:colcon.colcon_core.package_identification:_identify(src/build/41068_ignition_bringup/ament_pep257) by extension 'colcon_pkg'
[1.036s] Level 1:colcon.colcon_core.package_identification:_identify(src/build/41068_ignition_bringup/ament_pep257) by extensions ['colcon_meta']
[1.036s] Level 1:colcon.colcon_core.package_identification:_identify(src/build/41068_ignition_bringup/ament_pep257) by extension 'colcon_meta'
[1.036s] Level 1:colcon.colcon_core.package_identification:_identify(src/build/41068_ignition_bringup/ament_pep257) by extensions ['ros']
[1.036s] Level 1:colcon.colcon_core.package_identification:_identify(src/build/41068_ignition_bringup/ament_pep257) by extension 'ros'
[1.036s] Level 1:colcon.colcon_core.package_identification:_identify(src/build/41068_ignition_bringup/ament_pep257) by extensions ['cmake', 'python']
[1.036s] Level 1:colcon.colcon_core.package_identification:_identify(src/build/41068_ignition_bringup/ament_pep257) by extension 'cmake'
[1.036s] Level 1:colcon.colcon_core.package_identification:_identify(src/build/41068_ignition_bringup/ament_pep257) by extension 'python'
[1.036s] Level 1:colcon.colcon_core.package_identification:_identify(src/build/41068_ignition_bringup/ament_pep257) by extensions ['python_setup_py']
[1.036s] Level 1:colcon.colcon_core.package_identification:_identify(src/build/41068_ignition_bringup/ament_pep257) by extension 'python_setup_py'
[1.036s] Level 1:colcon.colcon_core.package_identification:_identify(src/build/41068_ignition_bringup/ament_xmllint) by extensions ['ignore', 'ignore_ament_install']
[1.036s] Level 1:colcon.colcon_core.package_identification:_identify(src/build/41068_ignition_bringup/ament_xmllint) by extension 'ignore'
[1.036s] Level 1:colcon.colcon_core.package_identification:_identify(src/build/41068_ignition_bringup/ament_xmllint) by extension 'ignore_ament_install'
[1.036s] Level 1:colcon.colcon_core.package_identification:_identify(src/build/41068_ignition_bringup/ament_xmllint) by extensions ['colcon_pkg']
[1.036s] Level 1:colcon.colcon_core.package_identification:_identify(src/build/41068_ignition_bringup/ament_xmllint) by extension 'colcon_pkg'
[1.036s] Level 1:colcon.colcon_core.package_identification:_identify(src/build/41068_ignition_bringup/ament_xmllint) by extensions ['colcon_meta']
[1.036s] Level 1:colcon.colcon_core.package_identification:_identify(src/build/41068_ignition_bringup/ament_xmllint) by extension 'colcon_meta'
[1.037s] Level 1:colcon.colcon_core.package_identification:_identify(src/build/41068_ignition_bringup/ament_xmllint) by extensions ['ros']
[1.037s] Level 1:colcon.colcon_core.package_identification:_identify(src/build/41068_ignition_bringup/ament_xmllint) by extension 'ros'
[1.037s] Level 1:colcon.colcon_core.package_identification:_identify(src/build/41068_ignition_bringup/ament_xmllint) by extensions ['cmake', 'python']
[1.037s] Level 1:colcon.colcon_core.package_identification:_identify(src/build/41068_ignition_bringup/ament_xmllint) by extension 'cmake'
[1.037s] Level 1:colcon.colcon_core.package_identification:_identify(src/build/41068_ignition_bringup/ament_xmllint) by extension 'python'
[1.037s] Level 1:colcon.colcon_core.package_identification:_identify(src/build/41068_ignition_bringup/ament_xmllint) by extensions ['python_setup_py']
[1.037s] Level 1:colcon.colcon_core.package_identification:_identify(src/build/41068_ignition_bringup/ament_xmllint) by extension 'python_setup_py'
[1.037s] Level 1:colcon.colcon_core.package_identification:_identify(src/build/CMakeFiles) by extensions ['ignore', 'ignore_ament_install']
[1.037s] Level 1:colcon.colcon_core.package_identification:_identify(src/build/CMakeFiles) by extension 'ignore'
[1.037s] Level 1:colcon.colcon_core.package_identification:_identify(src/build/CMakeFiles) by extension 'ignore_ament_install'
[1.037s] Level 1:colcon.colcon_core.package_identification:_identify(src/build/CMakeFiles) by extensions ['colcon_pkg']
[1.037s] Level 1:colcon.colcon_core.package_identification:_identify(src/build/CMakeFiles) by extension 'colcon_pkg'
[1.038s] Level 1:colcon.colcon_core.package_identification:_identify(src/build/CMakeFiles) by extensions ['colcon_meta']
[1.038s] Level 1:colcon.colcon_core.package_identification:_identify(src/build/CMakeFiles) by extension 'colcon_meta'
[1.038s] Level 1:colcon.colcon_core.package_identification:_identify(src/build/CMakeFiles) by extensions ['ros']
[1.038s] Level 1:colcon.colcon_core.package_identification:_identify(src/build/CMakeFiles) by extension 'ros'
[1.038s] Level 1:colcon.colcon_core.package_identification:_identify(src/build/CMakeFiles) by extensions ['cmake', 'python']
[1.038s] Level 1:colcon.colcon_core.package_identification:_identify(src/build/CMakeFiles) by extension 'cmake'
[1.038s] Level 1:colcon.colcon_core.package_identification:_identify(src/build/CMakeFiles) by extension 'python'
[1.038s] Level 1:colcon.colcon_core.package_identification:_identify(src/build/CMakeFiles) by extensions ['python_setup_py']
[1.038s] Level 1:colcon.colcon_core.package_identification:_identify(src/build/CMakeFiles) by extension 'python_setup_py'
[1.038s] Level 1:colcon.colcon_core.package_identification:_identify(src/build/CMakeFiles/3.22.1) by extensions ['ignore', 'ignore_ament_install']
[1.038s] Level 1:colcon.colcon_core.package_identification:_identify(src/build/CMakeFiles/3.22.1) by extension 'ignore'
[1.038s] Level 1:colcon.colcon_core.package_identification:_identify(src/build/CMakeFiles/3.22.1) by extension 'ignore_ament_install'
[1.038s] Level 1:colcon.colcon_core.package_identification:_identify(src/build/CMakeFiles/3.22.1) by extensions ['colcon_pkg']
[1.038s] Level 1:colcon.colcon_core.package_identification:_identify(src/build/CMakeFiles/3.22.1) by extension 'colcon_pkg'
[1.038s] Level 1:colcon.colcon_core.package_identification:_identify(src/build/CMakeFiles/3.22.1) by extensions ['colcon_meta']
[1.038s] Level 1:colcon.colcon_core.package_identification:_identify(src/build/CMakeFiles/3.22.1) by extension 'colcon_meta'
[1.039s] Level 1:colcon.colcon_core.package_identification:_identify(src/build/CMakeFiles/3.22.1) by extensions ['ros']
[1.039s] Level 1:colcon.colcon_core.package_identification:_identify(src/build/CMakeFiles/3.22.1) by extension 'ros'
[1.039s] Level 1:colcon.colcon_core.package_identification:_identify(src/build/CMakeFiles/3.22.1) by extensions ['cmake', 'python']
[1.039s] Level 1:colcon.colcon_core.package_identification:_identify(src/build/CMakeFiles/3.22.1) by extension 'cmake'
[1.039s] Level 1:colcon.colcon_core.package_identification:_identify(src/build/CMakeFiles/3.22.1) by extension 'python'
[1.039s] Level 1:colcon.colcon_core.package_identification:_identify(src/build/CMakeFiles/3.22.1) by extensions ['python_setup_py']
[1.039s] Level 1:colcon.colcon_core.package_identification:_identify(src/build/CMakeFiles/3.22.1) by extension 'python_setup_py'
[1.039s] Level 1:colcon.colcon_core.package_identification:_identify(src/build/CMakeFiles/3.22.1/CompilerIdC) by extensions ['ignore', 'ignore_ament_install']
[1.039s] Level 1:colcon.colcon_core.package_identification:_identify(src/build/CMakeFiles/3.22.1/CompilerIdC) by extension 'ignore'
[1.039s] Level 1:colcon.colcon_core.package_identification:_identify(src/build/CMakeFiles/3.22.1/CompilerIdC) by extension 'ignore_ament_install'
[1.039s] Level 1:colcon.colcon_core.package_identification:_identify(src/build/CMakeFiles/3.22.1/CompilerIdC) by extensions ['colcon_pkg']
[1.039s] Level 1:colcon.colcon_core.package_identification:_identify(src/build/CMakeFiles/3.22.1/CompilerIdC) by extension 'colcon_pkg'
[1.039s] Level 1:colcon.colcon_core.package_identification:_identify(src/build/CMakeFiles/3.22.1/CompilerIdC) by extensions ['colcon_meta']
[1.039s] Level 1:colcon.colcon_core.package_identification:_identify(src/build/CMakeFiles/3.22.1/CompilerIdC) by extension 'colcon_meta'
[1.039s] Level 1:colcon.colcon_core.package_identification:_identify(src/build/CMakeFiles/3.22.1/CompilerIdC) by extensions ['ros']
[1.039s] Level 1:colcon.colcon_core.package_identification:_identify(src/build/CMakeFiles/3.22.1/CompilerIdC) by extension 'ros'
[1.040s] Level 1:colcon.colcon_core.package_identification:_identify(src/build/CMakeFiles/3.22.1/CompilerIdC) by extensions ['cmake', 'python']
[1.040s] Level 1:colcon.colcon_core.package_identification:_identify(src/build/CMakeFiles/3.22.1/CompilerIdC) by extension 'cmake'
[1.040s] Level 1:colcon.colcon_core.package_identification:_identify(src/build/CMakeFiles/3.22.1/CompilerIdC) by extension 'python'
[1.040s] Level 1:colcon.colcon_core.package_identification:_identify(src/build/CMakeFiles/3.22.1/CompilerIdC) by extensions ['python_setup_py']
[1.040s] Level 1:colcon.colcon_core.package_identification:_identify(src/build/CMakeFiles/3.22.1/CompilerIdC) by extension 'python_setup_py'
[1.040s] Level 1:colcon.colcon_core.package_identification:_identify(src/build/CMakeFiles/3.22.1/CompilerIdC/tmp) by extensions ['ignore', 'ignore_ament_install']
[1.040s] Level 1:colcon.colcon_core.package_identification:_identify(src/build/CMakeFiles/3.22.1/CompilerIdC/tmp) by extension 'ignore'
[1.040s] Level 1:colcon.colcon_core.package_identification:_identify(src/build/CMakeFiles/3.22.1/CompilerIdC/tmp) by extension 'ignore_ament_install'
[1.040s] Level 1:colcon.colcon_core.package_identification:_identify(src/build/CMakeFiles/3.22.1/CompilerIdC/tmp) by extensions ['colcon_pkg']
[1.040s] Level 1:colcon.colcon_core.package_identification:_identify(src/build/CMakeFiles/3.22.1/CompilerIdC/tmp) by extension 'colcon_pkg'
[1.041s] Level 1:colcon.colcon_core.package_identification:_identify(src/build/CMakeFiles/3.22.1/CompilerIdC/tmp) by extensions ['colcon_meta']
[1.041s] Level 1:colcon.colcon_core.package_identification:_identify(src/build/CMakeFiles/3.22.1/CompilerIdC/tmp) by extension 'colcon_meta'
[1.041s] Level 1:colcon.colcon_core.package_identification:_identify(src/build/CMakeFiles/3.22.1/CompilerIdC/tmp) by extensions ['ros']
[1.041s] Level 1:colcon.colcon_core.package_identification:_identify(src/build/CMakeFiles/3.22.1/CompilerIdC/tmp) by extension 'ros'
[1.041s] Level 1:colcon.colcon_core.package_identification:_identify(src/build/CMakeFiles/3.22.1/CompilerIdC/tmp) by extensions ['cmake', 'python']
[1.041s] Level 1:colcon.colcon_core.package_identification:_identify(src/build/CMakeFiles/3.22.1/CompilerIdC/tmp) by extension 'cmake'
[1.041s] Level 1:colcon.colcon_core.package_identification:_identify(src/build/CMakeFiles/3.22.1/CompilerIdC/tmp) by extension 'python'
[1.041s] Level 1:colcon.colcon_core.package_identification:_identify(src/build/CMakeFiles/3.22.1/CompilerIdC/tmp) by extensions ['python_setup_py']
[1.041s] Level 1:colcon.colcon_core.package_identification:_identify(src/build/CMakeFiles/3.22.1/CompilerIdC/tmp) by extension 'python_setup_py'
[1.042s] Level 1:colcon.colcon_core.package_identification:_identify(src/build/CMakeFiles/3.22.1/CompilerIdCXX) by extensions ['ignore', 'ignore_ament_install']
[1.042s] Level 1:colcon.colcon_core.package_identification:_identify(src/build/CMakeFiles/3.22.1/CompilerIdCXX) by extension 'ignore'
[1.042s] Level 1:colcon.colcon_core.package_identification:_identify(src/build/CMakeFiles/3.22.1/CompilerIdCXX) by extension 'ignore_ament_install'
[1.042s] Level 1:colcon.colcon_core.package_identification:_identify(src/build/CMakeFiles/3.22.1/CompilerIdCXX) by extensions ['colcon_pkg']
[1.042s] Level 1:colcon.colcon_core.package_identification:_identify(src/build/CMakeFiles/3.22.1/CompilerIdCXX) by extension 'colcon_pkg'
[1.042s] Level 1:colcon.colcon_core.package_identification:_identify(src/build/CMakeFiles/3.22.1/CompilerIdCXX) by extensions ['colcon_meta']
[1.042s] Level 1:colcon.colcon_core.package_identification:_identify(src/build/CMakeFiles/3.22.1/CompilerIdCXX) by extension 'colcon_meta'
[1.042s] Level 1:colcon.colcon_core.package_identification:_identify(src/build/CMakeFiles/3.22.1/CompilerIdCXX) by extensions ['ros']
[1.042s] Level 1:colcon.colcon_core.package_identification:_identify(src/build/CMakeFiles/3.22.1/CompilerIdCXX) by extension 'ros'
[1.043s] Level 1:colcon.colcon_core.package_identification:_identify(src/build/CMakeFiles/3.22.1/CompilerIdCXX) by extensions ['cmake', 'python']
[1.043s] Level 1:colcon.colcon_core.package_identification:_identify(src/build/CMakeFiles/3.22.1/CompilerIdCXX) by extension 'cmake'
[1.043s] Level 1:colcon.colcon_core.package_identification:_identify(src/build/CMakeFiles/3.22.1/CompilerIdCXX) by extension 'python'
[1.043s] Level 1:colcon.colcon_core.package_identification:_identify(src/build/CMakeFiles/3.22.1/CompilerIdCXX) by extensions ['python_setup_py']
[1.043s] Level 1:colcon.colcon_core.package_identification:_identify(src/build/CMakeFiles/3.22.1/CompilerIdCXX) by extension 'python_setup_py'
[1.043s] Level 1:colcon.colcon_core.package_identification:_identify(src/build/CMakeFiles/3.22.1/CompilerIdCXX/tmp) by extensions ['ignore', 'ignore_ament_install']
[1.043s] Level 1:colcon.colcon_core.package_identification:_identify(src/build/CMakeFiles/3.22.1/CompilerIdCXX/tmp) by extension 'ignore'
[1.043s] Level 1:colcon.colcon_core.package_identification:_identify(src/build/CMakeFiles/3.22.1/CompilerIdCXX/tmp) by extension 'ignore_ament_install'
[1.043s] Level 1:colcon.colcon_core.package_identification:_identify(src/build/CMakeFiles/3.22.1/CompilerIdCXX/tmp) by extensions ['colcon_pkg']
[1.043s] Level 1:colcon.colcon_core.package_identification:_identify(src/build/CMakeFiles/3.22.1/CompilerIdCXX/tmp) by extension 'colcon_pkg'
[1.043s] Level 1:colcon.colcon_core.package_identification:_identify(src/build/CMakeFiles/3.22.1/CompilerIdCXX/tmp) by extensions ['colcon_meta']
[1.043s] Level 1:colcon.colcon_core.package_identification:_identify(src/build/CMakeFiles/3.22.1/CompilerIdCXX/tmp) by extension 'colcon_meta'
[1.044s] Level 1:colcon.colcon_core.package_identification:_identify(src/build/CMakeFiles/3.22.1/CompilerIdCXX/tmp) by extensions ['ros']
[1.044s] Level 1:colcon.colcon_core.package_identification:_identify(src/build/CMakeFiles/3.22.1/CompilerIdCXX/tmp) by extension 'ros'
[1.044s] Level 1:colcon.colcon_core.package_identification:_identify(src/build/CMakeFiles/3.22.1/CompilerIdCXX/tmp) by extensions ['cmake', 'python']
[1.044s] Level 1:colcon.colcon_core.package_identification:_identify(src/build/CMakeFiles/3.22.1/CompilerIdCXX/tmp) by extension 'cmake'
[1.044s] Level 1:colcon.colcon_core.package_identification:_identify(src/build/CMakeFiles/3.22.1/CompilerIdCXX/tmp) by extension 'python'
[1.044s] Level 1:colcon.colcon_core.package_identification:_identify(src/build/CMakeFiles/3.22.1/CompilerIdCXX/tmp) by extensions ['python_setup_py']
[1.044s] Level 1:colcon.colcon_core.package_identification:_identify(src/build/CMakeFiles/3.22.1/CompilerIdCXX/tmp) by extension 'python_setup_py'
[1.044s] Level 1:colcon.colcon_core.package_identification:_identify(src/build/CMakeFiles/41068_ignition_bringup_uninstall.dir) by extensions ['ignore', 'ignore_ament_install']
[1.044s] Level 1:colcon.colcon_core.package_identification:_identify(src/build/CMakeFiles/41068_ignition_bringup_uninstall.dir) by extension 'ignore'
[1.045s] Level 1:colcon.colcon_core.package_identification:_identify(src/build/CMakeFiles/41068_ignition_bringup_uninstall.dir) by extension 'ignore_ament_install'
[1.045s] Level 1:colcon.colcon_core.package_identification:_identify(src/build/CMakeFiles/41068_ignition_bringup_uninstall.dir) by extensions ['colcon_pkg']
[1.045s] Level 1:colcon.colcon_core.package_identification:_identify(src/build/CMakeFiles/41068_ignition_bringup_uninstall.dir) by extension 'colcon_pkg'
[1.045s] Level 1:colcon.colcon_core.package_identification:_identify(src/build/CMakeFiles/41068_ignition_bringup_uninstall.dir) by extensions ['colcon_meta']
[1.045s] Level 1:colcon.colcon_core.package_identification:_identify(src/build/CMakeFiles/41068_ignition_bringup_uninstall.dir) by extension 'colcon_meta'
[1.045s] Level 1:colcon.colcon_core.package_identification:_identify(src/build/CMakeFiles/41068_ignition_bringup_uninstall.dir) by extensions ['ros']
[1.045s] Level 1:colcon.colcon_core.package_identification:_identify(src/build/CMakeFiles/41068_ignition_bringup_uninstall.dir) by extension 'ros'
[1.046s] Level 1:colcon.colcon_core.package_identification:_identify(src/build/CMakeFiles/41068_ignition_bringup_uninstall.dir) by extensions ['cmake', 'python']
[1.046s] Level 1:colcon.colcon_core.package_identification:_identify(src/build/CMakeFiles/41068_ignition_bringup_uninstall.dir) by extension 'cmake'
[1.046s] Level 1:colcon.colcon_core.package_identification:_identify(src/build/CMakeFiles/41068_ignition_bringup_uninstall.dir) by extension 'python'
[1.046s] Level 1:colcon.colcon_core.package_identification:_identify(src/build/CMakeFiles/41068_ignition_bringup_uninstall.dir) by extensions ['python_setup_py']
[1.046s] Level 1:colcon.colcon_core.package_identification:_identify(src/build/CMakeFiles/41068_ignition_bringup_uninstall.dir) by extension 'python_setup_py'
[1.046s] Level 1:colcon.colcon_core.package_identification:_identify(src/build/CMakeFiles/CMakeTmp) by extensions ['ignore', 'ignore_ament_install']
[1.046s] Level 1:colcon.colcon_core.package_identification:_identify(src/build/CMakeFiles/CMakeTmp) by extension 'ignore'
[1.046s] Level 1:colcon.colcon_core.package_identification:_identify(src/build/CMakeFiles/CMakeTmp) by extension 'ignore_ament_install'
[1.046s] Level 1:colcon.colcon_core.package_identification:_identify(src/build/CMakeFiles/CMakeTmp) by extensions ['colcon_pkg']
[1.046s] Level 1:colcon.colcon_core.package_identification:_identify(src/build/CMakeFiles/CMakeTmp) by extension 'colcon_pkg'
[1.046s] Level 1:colcon.colcon_core.package_identification:_identify(src/build/CMakeFiles/CMakeTmp) by extensions ['colcon_meta']
[1.046s] Level 1:colcon.colcon_core.package_identification:_identify(src/build/CMakeFiles/CMakeTmp) by extension 'colcon_meta'
[1.047s] Level 1:colcon.colcon_core.package_identification:_identify(src/build/CMakeFiles/CMakeTmp) by extensions ['ros']
[1.047s] Level 1:colcon.colcon_core.package_identification:_identify(src/build/CMakeFiles/CMakeTmp) by extension 'ros'
[1.047s] Level 1:colcon.colcon_core.package_identification:_identify(src/build/CMakeFiles/CMakeTmp) by extensions ['cmake', 'python']
[1.047s] Level 1:colcon.colcon_core.package_identification:_identify(src/build/CMakeFiles/CMakeTmp) by extension 'cmake'
[1.047s] Level 1:colcon.colcon_core.package_identification:_identify(src/build/CMakeFiles/CMakeTmp) by extension 'python'
[1.047s] Level 1:colcon.colcon_core.package_identification:_identify(src/build/CMakeFiles/CMakeTmp) by extensions ['python_setup_py']
[1.047s] Level 1:colcon.colcon_core.package_identification:_identify(src/build/CMakeFiles/CMakeTmp) by extension 'python_setup_py'
[1.047s] Level 1:colcon.colcon_core.package_identification:_identify(src/build/CMakeFiles/uninstall.dir) by extensions ['ignore', 'ignore_ament_install']
[1.047s] Level 1:colcon.colcon_core.package_identification:_identify(src/build/CMakeFiles/uninstall.dir) by extension 'ignore'
[1.047s] Level 1:colcon.colcon_core.package_identification:_identify(src/build/CMakeFiles/uninstall.dir) by extension 'ignore_ament_install'
[1.047s] Level 1:colcon.colcon_core.package_identification:_identify(src/build/CMakeFiles/uninstall.dir) by extensions ['colcon_pkg']
[1.047s] Level 1:colcon.colcon_core.package_identification:_identify(src/build/CMakeFiles/uninstall.dir) by extension 'colcon_pkg'
[1.048s] Level 1:colcon.colcon_core.package_identification:_identify(src/build/CMakeFiles/uninstall.dir) by extensions ['colcon_meta']
[1.048s] Level 1:colcon.colcon_core.package_identification:_identify(src/build/CMakeFiles/uninstall.dir) by extension 'colcon_meta'
[1.048s] Level 1:colcon.colcon_core.package_identification:_identify(src/build/CMakeFiles/uninstall.dir) by extensions ['ros']
[1.048s] Level 1:colcon.colcon_core.package_identification:_identify(src/build/CMakeFiles/uninstall.dir) by extension 'ros'
[1.048s] Level 1:colcon.colcon_core.package_identification:_identify(src/build/CMakeFiles/uninstall.dir) by extensions ['cmake', 'python']
[1.048s] Level 1:colcon.colcon_core.package_identification:_identify(src/build/CMakeFiles/uninstall.dir) by extension 'cmake'
[1.048s] Level 1:colcon.colcon_core.package_identification:_identify(src/build/CMakeFiles/uninstall.dir) by extension 'python'
[1.048s] Level 1:colcon.colcon_core.package_identification:_identify(src/build/CMakeFiles/uninstall.dir) by extensions ['python_setup_py']
[1.048s] Level 1:colcon.colcon_core.package_identification:_identify(src/build/CMakeFiles/uninstall.dir) by extension 'python_setup_py'
[1.048s] Level 1:colcon.colcon_core.package_identification:_identify(src/build/Testing) by extensions ['ignore', 'ignore_ament_install']
[1.049s] Level 1:colcon.colcon_core.package_identification:_identify(src/build/Testing) by extension 'ignore'
[1.049s] Level 1:colcon.colcon_core.package_identification:_identify(src/build/Testing) by extension 'ignore_ament_install'
[1.049s] Level 1:colcon.colcon_core.package_identification:_identify(src/build/Testing) by extensions ['colcon_pkg']
[1.049s] Level 1:colcon.colcon_core.package_identification:_identify(src/build/Testing) by extension 'colcon_pkg'
[1.049s] Level 1:colcon.colcon_core.package_identification:_identify(src/build/Testing) by extensions ['colcon_meta']
[1.049s] Level 1:colcon.colcon_core.package_identification:_identify(src/build/Testing) by extension 'colcon_meta'
[1.049s] Level 1:colcon.colcon_core.package_identification:_identify(src/build/Testing) by extensions ['ros']
[1.049s] Level 1:colcon.colcon_core.package_identification:_identify(src/build/Testing) by extension 'ros'
[1.049s] Level 1:colcon.colcon_core.package_identification:_identify(src/build/Testing) by extensions ['cmake', 'python']
[1.049s] Level 1:colcon.colcon_core.package_identification:_identify(src/build/Testing) by extension 'cmake'
[1.050s] Level 1:colcon.colcon_core.package_identification:_identify(src/build/Testing) by extension 'python'
[1.050s] Level 1:colcon.colcon_core.package_identification:_identify(src/build/Testing) by extensions ['python_setup_py']
[1.050s] Level 1:colcon.colcon_core.package_identification:_identify(src/build/Testing) by extension 'python_setup_py'
[1.050s] Level 1:colcon.colcon_core.package_identification:_identify(src/build/Testing/20260817-2301) by extensions ['ignore', 'ignore_ament_install']
[1.050s] Level 1:colcon.colcon_core.package_identification:_identify(src/build/Testing/20260817-2301) by extension 'ignore'
[1.050s] Level 1:colcon.colcon_core.package_identification:_identify(src/build/Testing/20260817-2301) by extension 'ignore_ament_install'
[1.050s] Level 1:colcon.colcon_core.package_identification:_identify(src/build/Testing/20260817-2301) by extensions ['colcon_pkg']
[1.050s] Level 1:colcon.colcon_core.package_identification:_identify(src/build/Testing/20260817-2301) by extension 'colcon_pkg'
[1.050s] Level 1:colcon.colcon_core.package_identification:_identify(src/build/Testing/20260817-2301) by extensions ['colcon_meta']
[1.050s] Level 1:colcon.colcon_core.package_identification:_identify(src/build/Testing/20260817-2301) by extension 'colcon_meta'
[1.050s] Level 1:colcon.colcon_core.package_identification:_identify(src/build/Testing/20260817-2301) by extensions ['ros']
[1.050s] Level 1:colcon.colcon_core.package_identification:_identify(src/build/Testing/20260817-2301) by extension 'ros'
[1.051s] Level 1:colcon.colcon_core.package_identification:_identify(src/build/Testing/20260817-2301) by extensions ['cmake', 'python']
[1.051s] Level 1:colcon.colcon_core.package_identification:_identify(src/build/Testing/20260817-2301) by extension 'cmake'
[1.051s] Level 1:colcon.colcon_core.package_identification:_identify(src/build/Testing/20260817-2301) by extension 'python'
[1.051s] Level 1:colcon.colcon_core.package_identification:_identify(src/build/Testing/20260817-2301) by extensions ['python_setup_py']
[1.051s] Level 1:colcon.colcon_core.package_identification:_identify(src/build/Testing/20260817-2301) by extension 'python_setup_py'
[1.051s] Level 1:colcon.colcon_core.package_identification:_identify(src/build/Testing/Temporary) by extensions ['ignore', 'ignore_ament_install']
[1.051s] Level 1:colcon.colcon_core.package_identification:_identify(src/build/Testing/Temporary) by extension 'ignore'
[1.051s] Level 1:colcon.colcon_core.package_identification:_identify(src/build/Testing/Temporary) by extension 'ignore_ament_install'
[1.051s] Level 1:colcon.colcon_core.package_identification:_identify(src/build/Testing/Temporary) by extensions ['colcon_pkg']
[1.051s] Level 1:colcon.colcon_core.package_identification:_identify(src/build/Testing/Temporary) by extension 'colcon_pkg'
[1.051s] Level 1:colcon.colcon_core.package_identification:_identify(src/build/Testing/Temporary) by extensions ['colcon_meta']
[1.051s] Level 1:colcon.colcon_core.package_identification:_identify(src/build/Testing/Temporary) by extension 'colcon_meta'
[1.051s] Level 1:colcon.colcon_core.package_identification:_identify(src/build/Testing/Temporary) by extensions ['ros']
[1.051s] Level 1:colcon.colcon_core.package_identification:_identify(src/build/Testing/Temporary) by extension 'ros'
[1.051s] Level 1:colcon.colcon_core.package_identification:_identify(src/build/Testing/Temporary) by extensions ['cmake', 'python']
[1.051s] Level 1:colcon.colcon_core.package_identification:_identify(src/build/Testing/Temporary) by extension 'cmake'
[1.051s] Level 1:colcon.colcon_core.package_identification:_identify(src/build/Testing/Temporary) by extension 'python'
[1.052s] Level 1:colcon.colcon_core.package_identification:_identify(src/build/Testing/Temporary) by extensions ['python_setup_py']
[1.052s] Level 1:colcon.colcon_core.package_identification:_identify(src/build/Testing/Temporary) by extension 'python_setup_py'
[1.052s] Level 1:colcon.colcon_core.package_identification:_identify(src/build/ament_cmake_core) by extensions ['ignore', 'ignore_ament_install']
[1.052s] Level 1:colcon.colcon_core.package_identification:_identify(src/build/ament_cmake_core) by extension 'ignore'
[1.052s] Level 1:colcon.colcon_core.package_identification:_identify(src/build/ament_cmake_core) by extension 'ignore_ament_install'
[1.052s] Level 1:colcon.colcon_core.package_identification:_identify(src/build/ament_cmake_core) by extensions ['colcon_pkg']
[1.052s] Level 1:colcon.colcon_core.package_identification:_identify(src/build/ament_cmake_core) by extension 'colcon_pkg'
[1.052s] Level 1:colcon.colcon_core.package_identification:_identify(src/build/ament_cmake_core) by extensions ['colcon_meta']
[1.052s] Level 1:colcon.colcon_core.package_identification:_identify(src/build/ament_cmake_core) by extension 'colcon_meta'
[1.052s] Level 1:colcon.colcon_core.package_identification:_identify(src/build/ament_cmake_core) by extensions ['ros']
[1.052s] Level 1:colcon.colcon_core.package_identification:_identify(src/build/ament_cmake_core) by extension 'ros'
[1.052s] Level 1:colcon.colcon_core.package_identification:_identify(src/build/ament_cmake_core) by extensions ['cmake', 'python']
[1.052s] Level 1:colcon.colcon_core.package_identification:_identify(src/build/ament_cmake_core) by extension 'cmake'
[1.052s] Level 1:colcon.colcon_core.package_identification:_identify(src/build/ament_cmake_core) by extension 'python'
[1.052s] Level 1:colcon.colcon_core.package_identification:_identify(src/build/ament_cmake_core) by extensions ['python_setup_py']
[1.052s] Level 1:colcon.colcon_core.package_identification:_identify(src/build/ament_cmake_core) by extension 'python_setup_py'
[1.053s] Level 1:colcon.colcon_core.package_identification:_identify(src/build/ament_cmake_core/stamps) by extensions ['ignore', 'ignore_ament_install']
[1.053s] Level 1:colcon.colcon_core.package_identification:_identify(src/build/ament_cmake_core/stamps) by extension 'ignore'
[1.053s] Level 1:colcon.colcon_core.package_identification:_identify(src/build/ament_cmake_core/stamps) by extension 'ignore_ament_install'
[1.053s] Level 1:colcon.colcon_core.package_identification:_identify(src/build/ament_cmake_core/stamps) by extensions ['colcon_pkg']
[1.053s] Level 1:colcon.colcon_core.package_identification:_identify(src/build/ament_cmake_core/stamps) by extension 'colcon_pkg'
[1.053s] Level 1:colcon.colcon_core.package_identification:_identify(src/build/ament_cmake_core/stamps) by extensions ['colcon_meta']
[1.053s] Level 1:colcon.colcon_core.package_identification:_identify(src/build/ament_cmake_core/stamps) by extension 'colcon_meta'
[1.053s] Level 1:colcon.colcon_core.package_identification:_identify(src/build/ament_cmake_core/stamps) by extensions ['ros']
[1.053s] Level 1:colcon.colcon_core.package_identification:_identify(src/build/ament_cmake_core/stamps) by extension 'ros'
[1.053s] Level 1:colcon.colcon_core.package_identification:_identify(src/build/ament_cmake_core/stamps) by extensions ['cmake', 'python']
[1.053s] Level 1:colcon.colcon_core.package_identification:_identify(src/build/ament_cmake_core/stamps) by extension 'cmake'
[1.053s] Level 1:colcon.colcon_core.package_identification:_identify(src/build/ament_cmake_core/stamps) by extension 'python'
[1.053s] Level 1:colcon.colcon_core.package_identification:_identify(src/build/ament_cmake_core/stamps) by extensions ['python_setup_py']
[1.053s] Level 1:colcon.colcon_core.package_identification:_identify(src/build/ament_cmake_core/stamps) by extension 'python_setup_py'
[1.053s] Level 1:colcon.colcon_core.package_identification:_identify(src/build/ament_cmake_environment_hooks) by extensions ['ignore', 'ignore_ament_install']
[1.053s] Level 1:colcon.colcon_core.package_identification:_identify(src/build/ament_cmake_environment_hooks) by extension 'ignore'
[1.054s] Level 1:colcon.colcon_core.package_identification:_identify(src/build/ament_cmake_environment_hooks) by extension 'ignore_ament_install'
[1.054s] Level 1:colcon.colcon_core.package_identification:_identify(src/build/ament_cmake_environment_hooks) by extensions ['colcon_pkg']
[1.054s] Level 1:colcon.colcon_core.package_identification:_identify(src/build/ament_cmake_environment_hooks) by extension 'colcon_pkg'
[1.054s] Level 1:colcon.colcon_core.package_identification:_identify(src/build/ament_cmake_environment_hooks) by extensions ['colcon_meta']
[1.054s] Level 1:colcon.colcon_core.package_identification:_identify(src/build/ament_cmake_environment_hooks) by extension 'colcon_meta'
[1.054s] Level 1:colcon.colcon_core.package_identification:_identify(src/build/ament_cmake_environment_hooks) by extensions ['ros']
[1.054s] Level 1:colcon.colcon_core.package_identification:_identify(src/build/ament_cmake_environment_hooks) by extension 'ros'
[1.054s] Level 1:colcon.colcon_core.package_identification:_identify(src/build/ament_cmake_environment_hooks) by extensions ['cmake', 'python']
[1.055s] Level 1:colcon.colcon_core.package_identification:_identify(src/build/ament_cmake_environment_hooks) by extension 'cmake'
[1.055s] Level 1:colcon.colcon_core.package_identification:_identify(src/build/ament_cmake_environment_hooks) by extension 'python'
[1.055s] Level 1:colcon.colcon_core.package_identification:_identify(src/build/ament_cmake_environment_hooks) by extensions ['python_setup_py']
[1.055s] Level 1:colcon.colcon_core.package_identification:_identify(src/build/ament_cmake_environment_hooks) by extension 'python_setup_py'
[1.055s] Level 1:colcon.colcon_core.package_identification:_identify(src/build/ament_cmake_index) by extensions ['ignore', 'ignore_ament_install']
[1.055s] Level 1:colcon.colcon_core.package_identification:_identify(src/build/ament_cmake_index) by extension 'ignore'
[1.055s] Level 1:colcon.colcon_core.package_identification:_identify(src/build/ament_cmake_index) by extension 'ignore_ament_install'
[1.055s] Level 1:colcon.colcon_core.package_identification:_identify(src/build/ament_cmake_index) by extensions ['colcon_pkg']
[1.055s] Level 1:colcon.colcon_core.package_identification:_identify(src/build/ament_cmake_index) by extension 'colcon_pkg'
[1.055s] Level 1:colcon.colcon_core.package_identification:_identify(src/build/ament_cmake_index) by extensions ['colcon_meta']
[1.055s] Level 1:colcon.colcon_core.package_identification:_identify(src/build/ament_cmake_index) by extension 'colcon_meta'
[1.055s] Level 1:colcon.colcon_core.package_identification:_identify(src/build/ament_cmake_index) by extensions ['ros']
[1.055s] Level 1:colcon.colcon_core.package_identification:_identify(src/build/ament_cmake_index) by extension 'ros'
[1.056s] Level 1:colcon.colcon_core.package_identification:_identify(src/build/ament_cmake_index) by extensions ['cmake', 'python']
[1.056s] Level 1:colcon.colcon_core.package_identification:_identify(src/build/ament_cmake_index) by extension 'cmake'
[1.056s] Level 1:colcon.colcon_core.package_identification:_identify(src/build/ament_cmake_index) by extension 'python'
[1.056s] Level 1:colcon.colcon_core.package_identification:_identify(src/build/ament_cmake_index) by extensions ['python_setup_py']
[1.056s] Level 1:colcon.colcon_core.package_identification:_identify(src/build/ament_cmake_index) by extension 'python_setup_py'
[1.056s] Level 1:colcon.colcon_core.package_identification:_identify(src/build/ament_cmake_index/share) by extensions ['ignore', 'ignore_ament_install']
[1.056s] Level 1:colcon.colcon_core.package_identification:_identify(src/build/ament_cmake_index/share) by extension 'ignore'
[1.056s] Level 1:colcon.colcon_core.package_identification:_identify(src/build/ament_cmake_index/share) by extension 'ignore_ament_install'
[1.057s] Level 1:colcon.colcon_core.package_identification:_identify(src/build/ament_cmake_index/share) by extensions ['colcon_pkg']
[1.057s] Level 1:colcon.colcon_core.package_identification:_identify(src/build/ament_cmake_index/share) by extension 'colcon_pkg'
[1.057s] Level 1:colcon.colcon_core.package_identification:_identify(src/build/ament_cmake_index/share) by extensions ['colcon_meta']
[1.057s] Level 1:colcon.colcon_core.package_identification:_identify(src/build/ament_cmake_index/share) by extension 'colcon_meta'
[1.057s] Level 1:colcon.colcon_core.package_identification:_identify(src/build/ament_cmake_index/share) by extensions ['ros']
[1.057s] Level 1:colcon.colcon_core.package_identification:_identify(src/build/ament_cmake_index/share) by extension 'ros'
[1.057s] Level 1:colcon.colcon_core.package_identification:_identify(src/build/ament_cmake_index/share) by extensions ['cmake', 'python']
[1.057s] Level 1:colcon.colcon_core.package_identification:_identify(src/build/ament_cmake_index/share) by extension 'cmake'
[1.058s] Level 1:colcon.colcon_core.package_identification:_identify(src/build/ament_cmake_index/share) by extension 'python'
[1.058s] Level 1:colcon.colcon_core.package_identification:_identify(src/build/ament_cmake_index/share) by extensions ['python_setup_py']
[1.058s] Level 1:colcon.colcon_core.package_identification:_identify(src/build/ament_cmake_index/share) by extension 'python_setup_py'
[1.058s] Level 1:colcon.colcon_core.package_identification:_identify(src/build/ament_cmake_index/share/ament_index) by extensions ['ignore', 'ignore_ament_install']
[1.058s] Level 1:colcon.colcon_core.package_identification:_identify(src/build/ament_cmake_index/share/ament_index) by extension 'ignore'
[1.058s] Level 1:colcon.colcon_core.package_identification:_identify(src/build/ament_cmake_index/share/ament_index) by extension 'ignore_ament_install'
[1.058s] Level 1:colcon.colcon_core.package_identification:_identify(src/build/ament_cmake_index/share/ament_index) by extensions ['colcon_pkg']
[1.058s] Level 1:colcon.colcon_core.package_identification:_identify(src/build/ament_cmake_index/share/ament_index) by extension 'colcon_pkg'
[1.058s] Level 1:colcon.colcon_core.package_identification:_identify(src/build/ament_cmake_index/share/ament_index) by extensions ['colcon_meta']
[1.058s] Level 1:colcon.colcon_core.package_identification:_identify(src/build/ament_cmake_index/share/ament_index) by extension 'colcon_meta'
[1.058s] Level 1:colcon.colcon_core.package_identification:_identify(src/build/ament_cmake_index/share/ament_index) by extensions ['ros']
[1.058s] Level 1:colcon.colcon_core.package_identification:_identify(src/build/ament_cmake_index/share/ament_index) by extension 'ros'
[1.058s] Level 1:colcon.colcon_core.package_identification:_identify(src/build/ament_cmake_index/share/ament_index) by extensions ['cmake', 'python']
[1.058s] Level 1:colcon.colcon_core.package_identification:_identify(src/build/ament_cmake_index/share/ament_index) by extension 'cmake'
[1.058s] Level 1:colcon.colcon_core.package_identification:_identify(src/build/ament_cmake_index/share/ament_index) by extension 'python'
[1.059s] Level 1:colcon.colcon_core.package_identification:_identify(src/build/ament_cmake_index/share/ament_index) by extensions ['python_setup_py']
[1.059s] Level 1:colcon.colcon_core.package_identification:_identify(src/build/ament_cmake_index/share/ament_index) by extension 'python_setup_py'
[1.059s] Level 1:colcon.colcon_core.package_identification:_identify(src/build/ament_cmake_index/share/ament_index/resource_index) by extensions ['ignore', 'ignore_ament_install']
[1.059s] Level 1:colcon.colcon_core.package_identification:_identify(src/build/ament_cmake_index/share/ament_index/resource_index) by extension 'ignore'
[1.059s] Level 1:colcon.colcon_core.package_identification:_identify(src/build/ament_cmake_index/share/ament_index/resource_index) by extension 'ignore_ament_install'
[1.059s] Level 1:colcon.colcon_core.package_identification:_identify(src/build/ament_cmake_index/share/ament_index/resource_index) by extensions ['colcon_pkg']
[1.059s] Level 1:colcon.colcon_core.package_identification:_identify(src/build/ament_cmake_index/share/ament_index/resource_index) by extension 'colcon_pkg'
[1.059s] Level 1:colcon.colcon_core.package_identification:_identify(src/build/ament_cmake_index/share/ament_index/resource_index) by extensions ['colcon_meta']
[1.059s] Level 1:colcon.colcon_core.package_identification:_identify(src/build/ament_cmake_index/share/ament_index/resource_index) by extension 'colcon_meta'
[1.059s] Level 1:colcon.colcon_core.package_identification:_identify(src/build/ament_cmake_index/share/ament_index/resource_index) by extensions ['ros']
[1.059s] Level 1:colcon.colcon_core.package_identification:_identify(src/build/ament_cmake_index/share/ament_index/resource_index) by extension 'ros'
[1.059s] Level 1:colcon.colcon_core.package_identification:_identify(src/build/ament_cmake_index/share/ament_index/resource_index) by extensions ['cmake', 'python']
[1.059s] Level 1:colcon.colcon_core.package_identification:_identify(src/build/ament_cmake_index/share/ament_index/resource_index) by extension 'cmake'
[1.060s] Level 1:colcon.colcon_core.package_identification:_identify(src/build/ament_cmake_index/share/ament_index/resource_index) by extension 'python'
[1.060s] Level 1:colcon.colcon_core.package_identification:_identify(src/build/ament_cmake_index/share/ament_index/resource_index) by extensions ['python_setup_py']
[1.060s] Level 1:colcon.colcon_core.package_identification:_identify(src/build/ament_cmake_index/share/ament_index/resource_index) by extension 'python_setup_py'
[1.060s] Level 1:colcon.colcon_core.package_identification:_identify(src/build/ament_cmake_index/share/ament_index/resource_index/package_run_dependencies) by extensions ['ignore', 'ignore_ament_install']
[1.060s] Level 1:colcon.colcon_core.package_identification:_identify(src/build/ament_cmake_index/share/ament_index/resource_index/package_run_dependencies) by extension 'ignore'
[1.060s] Level 1:colcon.colcon_core.package_identification:_identify(src/build/ament_cmake_index/share/ament_index/resource_index/package_run_dependencies) by extension 'ignore_ament_install'
[1.060s] Level 1:colcon.colcon_core.package_identification:_identify(src/build/ament_cmake_index/share/ament_index/resource_index/package_run_dependencies) by extensions ['colcon_pkg']
[1.060s] Level 1:colcon.colcon_core.package_identification:_identify(src/build/ament_cmake_index/share/ament_index/resource_index/package_run_dependencies) by extension 'colcon_pkg'
[1.060s] Level 1:colcon.colcon_core.package_identification:_identify(src/build/ament_cmake_index/share/ament_index/resource_index/package_run_dependencies) by extensions ['colcon_meta']
[1.060s] Level 1:colcon.colcon_core.package_identification:_identify(src/build/ament_cmake_index/share/ament_index/resource_index/package_run_dependencies) by extension 'colcon_meta'
[1.060s] Level 1:colcon.colcon_core.package_identification:_identify(src/build/ament_cmake_index/share/ament_index/resource_index/package_run_dependencies) by extensions ['ros']
[1.060s] Level 1:colcon.colcon_core.package_identification:_identify(src/build/ament_cmake_index/share/ament_index/resource_index/package_run_dependencies) by extension 'ros'
[1.061s] Level 1:colcon.colcon_core.package_identification:_identify(src/build/ament_cmake_index/share/ament_index/resource_index/package_run_dependencies) by extensions ['cmake', 'python']
[1.061s] Level 1:colcon.colcon_core.package_identification:_identify(src/build/ament_cmake_index/share/ament_index/resource_index/package_run_dependencies) by extension 'cmake'
[1.061s] Level 1:colcon.colcon_core.package_identification:_identify(src/build/ament_cmake_index/share/ament_index/resource_index/package_run_dependencies) by extension 'python'
[1.061s] Level 1:colcon.colcon_core.package_identification:_identify(src/build/ament_cmake_index/share/ament_index/resource_index/package_run_dependencies) by extensions ['python_setup_py']
[1.061s] Level 1:colcon.colcon_core.package_identification:_identify(src/build/ament_cmake_index/share/ament_index/resource_index/package_run_dependencies) by extension 'python_setup_py'
[1.061s] Level 1:colcon.colcon_core.package_identification:_identify(src/build/ament_cmake_index/share/ament_index/resource_index/packages) by extensions ['ignore', 'ignore_ament_install']
[1.061s] Level 1:colcon.colcon_core.package_identification:_identify(src/build/ament_cmake_index/share/ament_index/resource_index/packages) by extension 'ignore'
[1.062s] Level 1:colcon.colcon_core.package_identification:_identify(src/build/ament_cmake_index/share/ament_index/resource_index/packages) by extension 'ignore_ament_install'
[1.062s] Level 1:colcon.colcon_core.package_identification:_identify(src/build/ament_cmake_index/share/ament_index/resource_index/packages) by extensions ['colcon_pkg']
[1.062s] Level 1:colcon.colcon_core.package_identification:_identify(src/build/ament_cmake_index/share/ament_index/resource_index/packages) by extension 'colcon_pkg'
[1.062s] Level 1:colcon.colcon_core.package_identification:_identify(src/build/ament_cmake_index/share/ament_index/resource_index/packages) by extensions ['colcon_meta']
[1.062s] Level 1:colcon.colcon_core.package_identification:_identify(src/build/ament_cmake_index/share/ament_index/resource_index/packages) by extension 'colcon_meta'
[1.062s] Level 1:colcon.colcon_core.package_identification:_identify(src/build/ament_cmake_index/share/ament_index/resource_index/packages) by extensions ['ros']
[1.062s] Level 1:colcon.colcon_core.package_identification:_identify(src/build/ament_cmake_index/share/ament_index/resource_index/packages) by extension 'ros'
[1.062s] Level 1:colcon.colcon_core.package_identification:_identify(src/build/ament_cmake_index/share/ament_index/resource_index/packages) by extensions ['cmake', 'python']
[1.062s] Level 1:colcon.colcon_core.package_identification:_identify(src/build/ament_cmake_index/share/ament_index/resource_index/packages) by extension 'cmake'
[1.062s] Level 1:colcon.colcon_core.package_identification:_identify(src/build/ament_cmake_index/share/ament_index/resource_index/packages) by extension 'python'
[1.062s] Level 1:colcon.colcon_core.package_identification:_identify(src/build/ament_cmake_index/share/ament_index/resource_index/packages) by extensions ['python_setup_py']
[1.062s] Level 1:colcon.colcon_core.package_identification:_identify(src/build/ament_cmake_index/share/ament_index/resource_index/packages) by extension 'python_setup_py'
[1.062s] Level 1:colcon.colcon_core.package_identification:_identify(src/build/ament_cmake_index/share/ament_index/resource_index/parent_prefix_path) by extensions ['ignore', 'ignore_ament_install']
[1.062s] Level 1:colcon.colcon_core.package_identification:_identify(src/build/ament_cmake_index/share/ament_index/resource_index/parent_prefix_path) by extension 'ignore'
[1.062s] Level 1:colcon.colcon_core.package_identification:_identify(src/build/ament_cmake_index/share/ament_index/resource_index/parent_prefix_path) by extension 'ignore_ament_install'
[1.063s] Level 1:colcon.colcon_core.package_identification:_identify(src/build/ament_cmake_index/share/ament_index/resource_index/parent_prefix_path) by extensions ['colcon_pkg']
[1.063s] Level 1:colcon.colcon_core.package_identification:_identify(src/build/ament_cmake_index/share/ament_index/resource_index/parent_prefix_path) by extension 'colcon_pkg'
[1.063s] Level 1:colcon.colcon_core.package_identification:_identify(src/build/ament_cmake_index/share/ament_index/resource_index/parent_prefix_path) by extensions ['colcon_meta']
[1.063s] Level 1:colcon.colcon_core.package_identification:_identify(src/build/ament_cmake_index/share/ament_index/resource_index/parent_prefix_path) by extension 'colcon_meta'
[1.063s] Level 1:colcon.colcon_core.package_identification:_identify(src/build/ament_cmake_index/share/ament_index/resource_index/parent_prefix_path) by extensions ['ros']
[1.063s] Level 1:colcon.colcon_core.package_identification:_identify(src/build/ament_cmake_index/share/ament_index/resource_index/parent_prefix_path) by extension 'ros'
[1.063s] Level 1:colcon.colcon_core.package_identification:_identify(src/build/ament_cmake_index/share/ament_index/resource_index/parent_prefix_path) by extensions ['cmake', 'python']
[1.063s] Level 1:colcon.colcon_core.package_identification:_identify(src/build/ament_cmake_index/share/ament_index/resource_index/parent_prefix_path) by extension 'cmake'
[1.063s] Level 1:colcon.colcon_core.package_identification:_identify(src/build/ament_cmake_index/share/ament_index/resource_index/parent_prefix_path) by extension 'python'
[1.063s] Level 1:colcon.colcon_core.package_identification:_identify(src/build/ament_cmake_index/share/ament_index/resource_index/parent_prefix_path) by extensions ['python_setup_py']
[1.063s] Level 1:colcon.colcon_core.package_identification:_identify(src/build/ament_cmake_index/share/ament_index/resource_index/parent_prefix_path) by extension 'python_setup_py'
[1.063s] Level 1:colcon.colcon_core.package_identification:_identify(src/build/ament_cmake_package_templates) by extensions ['ignore', 'ignore_ament_install']
[1.063s] Level 1:colcon.colcon_core.package_identification:_identify(src/build/ament_cmake_package_templates) by extension 'ignore'
[1.063s] Level 1:colcon.colcon_core.package_identification:_identify(src/build/ament_cmake_package_templates) by extension 'ignore_ament_install'
[1.063s] Level 1:colcon.colcon_core.package_identification:_identify(src/build/ament_cmake_package_templates) by extensions ['colcon_pkg']
[1.063s] Level 1:colcon.colcon_core.package_identification:_identify(src/build/ament_cmake_package_templates) by extension 'colcon_pkg'
[1.064s] Level 1:colcon.colcon_core.package_identification:_identify(src/build/ament_cmake_package_templates) by extensions ['colcon_meta']
[1.064s] Level 1:colcon.colcon_core.package_identification:_identify(src/build/ament_cmake_package_templates) by extension 'colcon_meta'
[1.064s] Level 1:colcon.colcon_core.package_identification:_identify(src/build/ament_cmake_package_templates) by extensions ['ros']
[1.064s] Level 1:colcon.colcon_core.package_identification:_identify(src/build/ament_cmake_package_templates) by extension 'ros'
[1.064s] Level 1:colcon.colcon_core.package_identification:_identify(src/build/ament_cmake_package_templates) by extensions ['cmake', 'python']
[1.064s] Level 1:colcon.colcon_core.package_identification:_identify(src/build/ament_cmake_package_templates) by extension 'cmake'
[1.064s] Level 1:colcon.colcon_core.package_identification:_identify(src/build/ament_cmake_package_templates) by extension 'python'
[1.064s] Level 1:colcon.colcon_core.package_identification:_identify(src/build/ament_cmake_package_templates) by extensions ['python_setup_py']
[1.064s] Level 1:colcon.colcon_core.package_identification:_identify(src/build/ament_cmake_package_templates) by extension 'python_setup_py'
[1.064s] Level 1:colcon.colcon_core.package_identification:_identify(src/build/ament_cmake_uninstall_target) by extensions ['ignore', 'ignore_ament_install']
[1.064s] Level 1:colcon.colcon_core.package_identification:_identify(src/build/ament_cmake_uninstall_target) by extension 'ignore'
[1.064s] Level 1:colcon.colcon_core.package_identification:_identify(src/build/ament_cmake_uninstall_target) by extension 'ignore_ament_install'
[1.064s] Level 1:colcon.colcon_core.package_identification:_identify(src/build/ament_cmake_uninstall_target) by extensions ['colcon_pkg']
[1.064s] Level 1:colcon.colcon_core.package_identification:_identify(src/build/ament_cmake_uninstall_target) by extension 'colcon_pkg'
[1.064s] Level 1:colcon.colcon_core.package_identification:_identify(src/build/ament_cmake_uninstall_target) by extensions ['colcon_meta']
[1.064s] Level 1:colcon.colcon_core.package_identification:_identify(src/build/ament_cmake_uninstall_target) by extension 'colcon_meta'
[1.065s] Level 1:colcon.colcon_core.package_identification:_identify(src/build/ament_cmake_uninstall_target) by extensions ['ros']
[1.065s] Level 1:colcon.colcon_core.package_identification:_identify(src/build/ament_cmake_uninstall_target) by extension 'ros'
[1.065s] Level 1:colcon.colcon_core.package_identification:_identify(src/build/ament_cmake_uninstall_target) by extensions ['cmake', 'python']
[1.065s] Level 1:colcon.colcon_core.package_identification:_identify(src/build/ament_cmake_uninstall_target) by extension 'cmake'
[1.065s] Level 1:colcon.colcon_core.package_identification:_identify(src/build/ament_cmake_uninstall_target) by extension 'python'
[1.065s] Level 1:colcon.colcon_core.package_identification:_identify(src/build/ament_cmake_uninstall_target) by extensions ['python_setup_py']
[1.065s] Level 1:colcon.colcon_core.package_identification:_identify(src/build/ament_cmake_uninstall_target) by extension 'python_setup_py'
[1.065s] Level 1:colcon.colcon_core.package_identification:_identify(src/build/ament_copyright) by extensions ['ignore', 'ignore_ament_install']
[1.066s] Level 1:colcon.colcon_core.package_identification:_identify(src/build/ament_copyright) by extension 'ignore'
[1.066s] Level 1:colcon.colcon_core.package_identification:_identify(src/build/ament_copyright) by extension 'ignore_ament_install'
[1.066s] Level 1:colcon.colcon_core.package_identification:_identify(src/build/ament_copyright) by extensions ['colcon_pkg']
[1.066s] Level 1:colcon.colcon_core.package_identification:_identify(src/build/ament_copyright) by extension 'colcon_pkg'
[1.066s] Level 1:colcon.colcon_core.package_identification:_identify(src/build/ament_copyright) by extensions ['colcon_meta']
[1.066s] Level 1:colcon.colcon_core.package_identification:_identify(src/build/ament_copyright) by extension 'colcon_meta'
[1.066s] Level 1:colcon.colcon_core.package_identification:_identify(src/build/ament_copyright) by extensions ['ros']
[1.066s] Level 1:colcon.colcon_core.package_identification:_identify(src/build/ament_copyright) by extension 'ros'
[1.066s] Level 1:colcon.colcon_core.package_identification:_identify(src/build/ament_copyright) by extensions ['cmake', 'python']
[1.066s] Level 1:colcon.colcon_core.package_identification:_identify(src/build/ament_copyright) by extension 'cmake'
[1.066s] Level 1:colcon.colcon_core.package_identification:_identify(src/build/ament_copyright) by extension 'python'
[1.066s] Level 1:colcon.colcon_core.package_identification:_identify(src/build/ament_copyright) by extensions ['python_setup_py']
[1.066s] Level 1:colcon.colcon_core.package_identification:_identify(src/build/ament_copyright) by extension 'python_setup_py'
[1.066s] Level 1:colcon.colcon_core.package_identification:_identify(src/build/ament_flake8) by extensions ['ignore', 'ignore_ament_install']
[1.067s] Level 1:colcon.colcon_core.package_identification:_identify(src/build/ament_flake8) by extension 'ignore'
[1.067s] Level 1:colcon.colcon_core.package_identification:_identify(src/build/ament_flake8) by extension 'ignore_ament_install'
[1.067s] Level 1:colcon.colcon_core.package_identification:_identify(src/build/ament_flake8) by extensions ['colcon_pkg']
[1.067s] Level 1:colcon.colcon_core.package_identification:_identify(src/build/ament_flake8) by extension 'colcon_pkg'
[1.067s] Level 1:colcon.colcon_core.package_identification:_identify(src/build/ament_flake8) by extensions ['colcon_meta']
[1.067s] Level 1:colcon.colcon_core.package_identification:_identify(src/build/ament_flake8) by extension 'colcon_meta'
[1.067s] Level 1:colcon.colcon_core.package_identification:_identify(src/build/ament_flake8) by extensions ['ros']
[1.067s] Level 1:colcon.colcon_core.package_identification:_identify(src/build/ament_flake8) by extension 'ros'
[1.067s] Level 1:colcon.colcon_core.package_identification:_identify(src/build/ament_flake8) by extensions ['cmake', 'python']
[1.067s] Level 1:colcon.colcon_core.package_identification:_identify(src/build/ament_flake8) by extension 'cmake'
[1.067s] Level 1:colcon.colcon_core.package_identification:_identify(src/build/ament_flake8) by extension 'python'
[1.067s] Level 1:colcon.colcon_core.package_identification:_identify(src/build/ament_flake8) by extensions ['python_setup_py']
[1.067s] Level 1:colcon.colcon_core.package_identification:_identify(src/build/ament_flake8) by extension 'python_setup_py'
[1.068s] Level 1:colcon.colcon_core.package_identification:_identify(src/build/ament_lint_cmake) by extensions ['ignore', 'ignore_ament_install']
[1.068s] Level 1:colcon.colcon_core.package_identification:_identify(src/build/ament_lint_cmake) by extension 'ignore'
[1.068s] Level 1:colcon.colcon_core.package_identification:_identify(src/build/ament_lint_cmake) by extension 'ignore_ament_install'
[1.068s] Level 1:colcon.colcon_core.package_identification:_identify(src/build/ament_lint_cmake) by extensions ['colcon_pkg']
[1.068s] Level 1:colcon.colcon_core.package_identification:_identify(src/build/ament_lint_cmake) by extension 'colcon_pkg'
[1.068s] Level 1:colcon.colcon_core.package_identification:_identify(src/build/ament_lint_cmake) by extensions ['colcon_meta']
[1.068s] Level 1:colcon.colcon_core.package_identification:_identify(src/build/ament_lint_cmake) by extension 'colcon_meta'
[1.068s] Level 1:colcon.colcon_core.package_identification:_identify(src/build/ament_lint_cmake) by extensions ['ros']
[1.068s] Level 1:colcon.colcon_core.package_identification:_identify(src/build/ament_lint_cmake) by extension 'ros'
[1.069s] Level 1:colcon.colcon_core.package_identification:_identify(src/build/ament_lint_cmake) by extensions ['cmake', 'python']
[1.069s] Level 1:colcon.colcon_core.package_identification:_identify(src/build/ament_lint_cmake) by extension 'cmake'
[1.069s] Level 1:colcon.colcon_core.package_identification:_identify(src/build/ament_lint_cmake) by extension 'python'
[1.069s] Level 1:colcon.colcon_core.package_identification:_identify(src/build/ament_lint_cmake) by extensions ['python_setup_py']
[1.069s] Level 1:colcon.colcon_core.package_identification:_identify(src/build/ament_lint_cmake) by extension 'python_setup_py'
[1.069s] Level 1:colcon.colcon_core.package_identification:_identify(src/build/ament_pep257) by extensions ['ignore', 'ignore_ament_install']
[1.069s] Level 1:colcon.colcon_core.package_identification:_identify(src/build/ament_pep257) by extension 'ignore'
[1.069s] Level 1:colcon.colcon_core.package_identification:_identify(src/build/ament_pep257) by extension 'ignore_ament_install'
[1.070s] Level 1:colcon.colcon_core.package_identification:_identify(src/build/ament_pep257) by extensions ['colcon_pkg']
[1.070s] Level 1:colcon.colcon_core.package_identification:_identify(src/build/ament_pep257) by extension 'colcon_pkg'
[1.070s] Level 1:colcon.colcon_core.package_identification:_identify(src/build/ament_pep257) by extensions ['colcon_meta']
[1.070s] Level 1:colcon.colcon_core.package_identification:_identify(src/build/ament_pep257) by extension 'colcon_meta'
[1.070s] Level 1:colcon.colcon_core.package_identification:_identify(src/build/ament_pep257) by extensions ['ros']
[1.070s] Level 1:colcon.colcon_core.package_identification:_identify(src/build/ament_pep257) by extension 'ros'
[1.070s] Level 1:colcon.colcon_core.package_identification:_identify(src/build/ament_pep257) by extensions ['cmake', 'python']
[1.070s] Level 1:colcon.colcon_core.package_identification:_identify(src/build/ament_pep257) by extension 'cmake'
[1.070s] Level 1:colcon.colcon_core.package_identification:_identify(src/build/ament_pep257) by extension 'python'
[1.070s] Level 1:colcon.colcon_core.package_identification:_identify(src/build/ament_pep257) by extensions ['python_setup_py']
[1.070s] Level 1:colcon.colcon_core.package_identification:_identify(src/build/ament_pep257) by extension 'python_setup_py'
[1.070s] Level 1:colcon.colcon_core.package_identification:_identify(src/build/ament_xmllint) by extensions ['ignore', 'ignore_ament_install']
[1.071s] Level 1:colcon.colcon_core.package_identification:_identify(src/build/ament_xmllint) by extension 'ignore'
[1.071s] Level 1:colcon.colcon_core.package_identification:_identify(src/build/ament_xmllint) by extension 'ignore_ament_install'
[1.071s] Level 1:colcon.colcon_core.package_identification:_identify(src/build/ament_xmllint) by extensions ['colcon_pkg']
[1.071s] Level 1:colcon.colcon_core.package_identification:_identify(src/build/ament_xmllint) by extension 'colcon_pkg'
[1.071s] Level 1:colcon.colcon_core.package_identification:_identify(src/build/ament_xmllint) by extensions ['colcon_meta']
[1.071s] Level 1:colcon.colcon_core.package_identification:_identify(src/build/ament_xmllint) by extension 'colcon_meta'
[1.071s] Level 1:colcon.colcon_core.package_identification:_identify(src/build/ament_xmllint) by extensions ['ros']
[1.071s] Level 1:colcon.colcon_core.package_identification:_identify(src/build/ament_xmllint) by extension 'ros'
[1.071s] Level 1:colcon.colcon_core.package_identification:_identify(src/build/ament_xmllint) by extensions ['cmake', 'python']
[1.072s] Level 1:colcon.colcon_core.package_identification:_identify(src/build/ament_xmllint) by extension 'cmake'
[1.072s] Level 1:colcon.colcon_core.package_identification:_identify(src/build/ament_xmllint) by extension 'python'
[1.072s] Level 1:colcon.colcon_core.package_identification:_identify(src/build/ament_xmllint) by extensions ['python_setup_py']
[1.072s] Level 1:colcon.colcon_core.package_identification:_identify(src/build/ament_xmllint) by extension 'python_setup_py'
[1.072s] Level 1:colcon.colcon_core.package_discovery:discover_packages(recursive) using defaults
[1.073s] Level 1:colcon.colcon_core.package_discovery:discover_packages(ignore) discover
[1.073s] Level 1:colcon.colcon_core.package_discovery:discover_packages(ignore) using defaults
[1.073s] Level 1:colcon.colcon_core.package_discovery:discover_packages(path) discover
[1.073s] Level 1:colcon.colcon_core.package_discovery:discover_packages(path) using defaults
[1.134s] Level 1:colcon.colcon_core.package_discovery:discover_packages(prefix_path) check parameters
[1.134s] Level 1:colcon.colcon_core.package_discovery:discover_packages(prefix_path) discover
[1.143s] DEBUG:colcon.colcon_installed_package_information.package_discovery:Found 1 installed packages in /home/tajw/41068_ws/install
[1.144s] DEBUG:colcon.colcon_installed_package_information.package_discovery:Found 1 installed packages in /home/tajw/rs1_ros2_ws/install
[1.146s] DEBUG:colcon.colcon_installed_package_information.package_discovery:Found 3 installed packages in /home/tajw/ros2_ws/install
[1.146s] DEBUG:colcon.colcon_installed_package_information.package_discovery:Found 1 installed packages in /home/tajw/git/team25_rs1/RS1-Gr25/install
[1.150s] DEBUG:colcon.colcon_installed_package_information.package_discovery:Found 417 installed packages in /opt/ros/humble
[1.153s] Level 1:colcon.colcon_core.package_discovery:discover_packages(prefix_path) using defaults
[1.346s] Level 5:colcon.colcon_core.verb:set package '41068_ignition_bringup' build argument 'cmake_args' from command line to 'None'
[1.346s] Level 5:colcon.colcon_core.verb:set package '41068_ignition_bringup' build argument 'cmake_target' from command line to 'None'
[1.346s] Level 5:colcon.colcon_core.verb:set package '41068_ignition_bringup' build argument 'cmake_target_skip_unavailable' from command line to 'False'
[1.346s] Level 5:colcon.colcon_core.verb:set package '41068_ignition_bringup' build argument 'cmake_clean_cache' from command line to 'False'
[1.346s] Level 5:colcon.colcon_core.verb:set package '41068_ignition_bringup' build argument 'cmake_clean_first' from command line to 'False'
[1.346s] Level 5:colcon.colcon_core.verb:set package '41068_ignition_bringup' build argument 'cmake_force_configure' from command line to 'False'
[1.346s] Level 5:colcon.colcon_core.verb:set package '41068_ignition_bringup' build argument 'ament_cmake_args' from command line to 'None'
[1.346s] Level 5:colcon.colcon_core.verb:set package '41068_ignition_bringup' build argument 'catkin_cmake_args' from command line to 'None'
[1.346s] Level 5:colcon.colcon_core.verb:set package '41068_ignition_bringup' build argument 'catkin_skip_building_tests' from command line to 'False'
[1.346s] DEBUG:colcon.colcon_core.verb:Building package '41068_ignition_bringup' with the following arguments: {'ament_cmake_args': None, 'build_base': '/home/tajw/git/team25_rs1/RS1-Gr25/build/41068_ignition_bringup', 'catkin_cmake_args': None, 'catkin_skip_building_tests': False, 'cmake_args': None, 'cmake_clean_cache': False, 'cmake_clean_first': False, 'cmake_force_configure': False, 'cmake_target': None, 'cmake_target_skip_unavailable': False, 'install_base': '/home/tajw/git/team25_rs1/RS1-Gr25/install/41068_ignition_bringup', 'merge_install': False, 'path': '/home/tajw/git/team25_rs1/RS1-Gr25/src/41068_ignition_bringup_v1/41068_ignition_bringup', 'symlink_install': False, 'test_result_base': None}
[1.346s] INFO:colcon.colcon_core.executor:Executing jobs using 'parallel' executor
[1.349s] DEBUG:colcon.colcon_parallel_executor.executor.parallel:run_until_complete
[1.353s] INFO:colcon.colcon_ros.task.ament_cmake.build:Building ROS package in '/home/tajw/git/team25_rs1/RS1-Gr25/src/41068_ignition_bringup_v1/41068_ignition_bringup' with build type 'ament_cmake'
[1.353s] INFO:colcon.colcon_cmake.task.cmake.build:Building CMake package in '/home/tajw/git/team25_rs1/RS1-Gr25/src/41068_ignition_bringup_v1/41068_ignition_bringup'
[1.360s] INFO:colcon.colcon_core.plugin_system:Skipping extension 'colcon_core.shell.bat': Not used on non-Windows systems
[1.360s] INFO:colcon.colcon_core.shell:Skip shell extension 'powershell' for command environment: Not usable outside of PowerShell
[1.361s] DEBUG:colcon.colcon_core.shell:Skip shell extension 'dsv' for command environment
[1.380s] DEBUG:colcon.colcon_core.event_handler.log_command:Invoking command in '/home/tajw/git/team25_rs1/RS1-Gr25/build/41068_ignition_bringup': CMAKE_PREFIX_PATH=${CMAKE_PREFIX_PATH}:/opt/ros/humble /usr/bin/cmake --build /home/tajw/git/team25_rs1/RS1-Gr25/build/41068_ignition_bringup -- -j8 -l8
[1.749s] DEBUG:colcon.colcon_core.event_handler.log_command:Invoked command in '/home/tajw/git/team25_rs1/RS1-Gr25/build/41068_ignition_bringup' returned '0': CMAKE_PREFIX_PATH=${CMAKE_PREFIX_PATH}:/opt/ros/humble /usr/bin/cmake --build /home/tajw/git/team25_rs1/RS1-Gr25/build/41068_ignition_bringup -- -j8 -l8
[1.763s] DEBUG:colcon.colcon_core.event_handler.log_command:Invoking command in '/home/tajw/git/team25_rs1/RS1-Gr25/build/41068_ignition_bringup': CMAKE_PREFIX_PATH=${CMAKE_PREFIX_PATH}:/opt/ros/humble /usr/bin/cmake --install /home/tajw/git/team25_rs1/RS1-Gr25/build/41068_ignition_bringup
[1.824s] Level 1:colcon.colcon_core.environment:create_environment_scripts_only(41068_ignition_bringup)
[1.825s] DEBUG:colcon.colcon_core.event_handler.log_command:Invoked command in '/home/tajw/git/team25_rs1/RS1-Gr25/build/41068_ignition_bringup' returned '0': CMAKE_PREFIX_PATH=${CMAKE_PREFIX_PATH}:/opt/ros/humble /usr/bin/cmake --install /home/tajw/git/team25_rs1/RS1-Gr25/build/41068_ignition_bringup
[1.828s] Level 1:colcon.colcon_core.environment:checking '/home/tajw/git/team25_rs1/RS1-Gr25/install/41068_ignition_bringup' for CMake module files
[1.829s] Level 1:colcon.colcon_core.environment:checking '/home/tajw/git/team25_rs1/RS1-Gr25/install/41068_ignition_bringup' for CMake config files
[1.833s] Level 1:colcon.colcon_core.shell:create_environment_hook('41068_ignition_bringup', 'cmake_prefix_path')
[1.833s] INFO:colcon.colcon_core.shell:Creating environment hook '/home/tajw/git/team25_rs1/RS1-Gr25/install/41068_ignition_bringup/share/41068_ignition_bringup/hook/cmake_prefix_path.ps1'
[1.834s] INFO:colcon.colcon_core.shell:Creating environment descriptor '/home/tajw/git/team25_rs1/RS1-Gr25/install/41068_ignition_bringup/share/41068_ignition_bringup/hook/cmake_prefix_path.dsv'
[1.835s] INFO:colcon.colcon_core.shell:Creating environment hook '/home/tajw/git/team25_rs1/RS1-Gr25/install/41068_ignition_bringup/share/41068_ignition_bringup/hook/cmake_prefix_path.sh'
[1.836s] Level 1:colcon.colcon_core.environment:checking '/home/tajw/git/team25_rs1/RS1-Gr25/install/41068_ignition_bringup/lib'
[1.836s] Level 1:colcon.colcon_core.environment:checking '/home/tajw/git/team25_rs1/RS1-Gr25/install/41068_ignition_bringup/bin'
[1.836s] Level 1:colcon.colcon_core.environment:checking '/home/tajw/git/team25_rs1/RS1-Gr25/install/41068_ignition_bringup/lib/pkgconfig/41068_ignition_bringup.pc'
[1.837s] Level 1:colcon.colcon_core.environment:checking '/home/tajw/git/team25_rs1/RS1-Gr25/install/41068_ignition_bringup/lib/python3.10/site-packages'
[1.837s] Level 1:colcon.colcon_core.environment:checking '/home/tajw/git/team25_rs1/RS1-Gr25/install/41068_ignition_bringup/bin'
[1.837s] INFO:colcon.colcon_core.shell:Creating package script '/home/tajw/git/team25_rs1/RS1-Gr25/install/41068_ignition_bringup/share/41068_ignition_bringup/package.ps1'
[1.839s] INFO:colcon.colcon_core.shell:Creating package descriptor '/home/tajw/git/team25_rs1/RS1-Gr25/install/41068_ignition_bringup/share/41068_ignition_bringup/package.dsv'
[1.840s] INFO:colcon.colcon_core.shell:Creating package script '/home/tajw/git/team25_rs1/RS1-Gr25/install/41068_ignition_bringup/share/41068_ignition_bringup/package.sh'
[1.841s] INFO:colcon.colcon_core.shell:Creating package script '/home/tajw/git/team25_rs1/RS1-Gr25/install/41068_ignition_bringup/share/41068_ignition_bringup/package.bash'
[1.842s] INFO:colcon.colcon_core.shell:Creating package script '/home/tajw/git/team25_rs1/RS1-Gr25/install/41068_ignition_bringup/share/41068_ignition_bringup/package.zsh'
[1.843s] Level 1:colcon.colcon_core.environment:create_file_with_runtime_dependencies(/home/tajw/git/team25_rs1/RS1-Gr25/install/41068_ignition_bringup/share/colcon-core/packages/41068_ignition_bringup)
[1.844s] Level 1:colcon.colcon_core.environment:create_environment_scripts_only(41068_ignition_bringup)
[1.844s] Level 1:colcon.colcon_core.environment:checking '/home/tajw/git/team25_rs1/RS1-Gr25/install/41068_ignition_bringup' for CMake module files
[1.845s] Level 1:colcon.colcon_core.environment:checking '/home/tajw/git/team25_rs1/RS1-Gr25/install/41068_ignition_bringup' for CMake config files
[1.846s] Level 1:colcon.colcon_core.shell:create_environment_hook('41068_ignition_bringup', 'cmake_prefix_path')
[1.846s] INFO:colcon.colcon_core.shell:Creating environment hook '/home/tajw/git/team25_rs1/RS1-Gr25/install/41068_ignition_bringup/share/41068_ignition_bringup/hook/cmake_prefix_path.ps1'
[1.847s] INFO:colcon.colcon_core.shell:Creating environment descriptor '/home/tajw/git/team25_rs1/RS1-Gr25/install/41068_ignition_bringup/share/41068_ignition_bringup/hook/cmake_prefix_path.dsv'
[1.847s] INFO:colcon.colcon_core.shell:Creating environment hook '/home/tajw/git/team25_rs1/RS1-Gr25/install/41068_ignition_bringup/share/41068_ignition_bringup/hook/cmake_prefix_path.sh'
[1.848s] Level 1:colcon.colcon_core.environment:checking '/home/tajw/git/team25_rs1/RS1-Gr25/install/41068_ignition_bringup/lib'
[1.848s] Level 1:colcon.colcon_core.environment:checking '/home/tajw/git/team25_rs1/RS1-Gr25/install/41068_ignition_bringup/bin'
[1.848s] Level 1:colcon.colcon_core.environment:checking '/home/tajw/git/team25_rs1/RS1-Gr25/install/41068_ignition_bringup/lib/pkgconfig/41068_ignition_bringup.pc'
[1.848s] Level 1:colcon.colcon_core.environment:checking '/home/tajw/git/team25_rs1/RS1-Gr25/install/41068_ignition_bringup/lib/python3.10/site-packages'
[1.849s] Level 1:colcon.colcon_core.environment:checking '/home/tajw/git/team25_rs1/RS1-Gr25/install/41068_ignition_bringup/bin'
[1.849s] INFO:colcon.colcon_core.shell:Creating package script '/home/tajw/git/team25_rs1/RS1-Gr25/install/41068_ignition_bringup/share/41068_ignition_bringup/package.ps1'
[1.850s] INFO:colcon.colcon_core.shell:Creating package descriptor '/home/tajw/git/team25_rs1/RS1-Gr25/install/41068_ignition_bringup/share/41068_ignition_bringup/package.dsv'
[1.850s] INFO:colcon.colcon_core.shell:Creating package script '/home/tajw/git/team25_rs1/RS1-Gr25/install/41068_ignition_bringup/share/41068_ignition_bringup/package.sh'
[1.851s] INFO:colcon.colcon_core.shell:Creating package script '/home/tajw/git/team25_rs1/RS1-Gr25/install/41068_ignition_bringup/share/41068_ignition_bringup/package.bash'
[1.851s] INFO:colcon.colcon_core.shell:Creating package script '/home/tajw/git/team25_rs1/RS1-Gr25/install/41068_ignition_bringup/share/41068_ignition_bringup/package.zsh'
[1.852s] Level 1:colcon.colcon_core.environment:create_file_with_runtime_dependencies(/home/tajw/git/team25_rs1/RS1-Gr25/install/41068_ignition_bringup/share/colcon-core/packages/41068_ignition_bringup)
[1.852s] DEBUG:colcon.colcon_parallel_executor.executor.parallel:closing loop
[1.853s] DEBUG:colcon.colcon_parallel_executor.executor.parallel:loop closed
[1.853s] DEBUG:colcon.colcon_parallel_executor.executor.parallel:run_until_complete finished with '0'
[1.853s] DEBUG:colcon.colcon_core.event_reactor:joining thread
[1.891s] INFO:colcon.colcon_core.plugin_system:Skipping extension 'colcon_notification.desktop_notification.notify_send': Could not find 'notify-send'
[1.891s] INFO:colcon.colcon_core.plugin_system:Skipping extension 'colcon_notification.desktop_notification.terminal_notifier': Not used on non-Darwin systems
[1.891s] INFO:colcon.colcon_core.plugin_system:Skipping extension 'colcon_notification.desktop_notification.win32': Not used on non-Windows systems
[1.891s] INFO:colcon.colcon_notification.desktop_notification:Sending desktop notification using 'notify2'
[1.909s] DEBUG:colcon.colcon_notification.desktop_notification.notify2:Failed to initialize notify2: org.freedesktop.DBus.Error.ServiceUnknown: The name org.freedesktop.Notifications was not provided by any .service files
[1.909s] DEBUG:colcon.colcon_core.event_reactor:joined thread
[1.910s] INFO:colcon.colcon_core.shell:Creating prefix script '/home/tajw/git/team25_rs1/RS1-Gr25/install/local_setup.ps1'
[1.911s] INFO:colcon.colcon_core.shell:Creating prefix util module '/home/tajw/git/team25_rs1/RS1-Gr25/install/_local_setup_util_ps1.py'
[1.913s] INFO:colcon.colcon_core.shell:Creating prefix chain script '/home/tajw/git/team25_rs1/RS1-Gr25/install/setup.ps1'
[1.915s] INFO:colcon.colcon_core.shell:Creating prefix script '/home/tajw/git/team25_rs1/RS1-Gr25/install/local_setup.sh'
[1.917s] INFO:colcon.colcon_core.shell:Creating prefix util module '/home/tajw/git/team25_rs1/RS1-Gr25/install/_local_setup_util_sh.py'
[1.918s] INFO:colcon.colcon_core.shell:Creating prefix chain script '/home/tajw/git/team25_rs1/RS1-Gr25/install/setup.sh'
[1.919s] INFO:colcon.colcon_core.shell:Creating prefix script '/home/tajw/git/team25_rs1/RS1-Gr25/install/local_setup.bash'
[1.921s] INFO:colcon.colcon_core.shell:Creating prefix chain script '/home/tajw/git/team25_rs1/RS1-Gr25/install/setup.bash'
[1.922s] INFO:colcon.colcon_core.shell:Creating prefix script '/home/tajw/git/team25_rs1/RS1-Gr25/install/local_setup.zsh'
[1.923s] INFO:colcon.colcon_core.shell:Creating prefix chain script '/home/tajw/git/team25_rs1/RS1-Gr25/install/setup.zsh'
