[0.735s] DEBUG:colcon:Command line arguments: ['/usr/bin/colcon', 'build']
[0.735s] DEBUG:colcon:Parsed command line arguments: Namespace(log_base=None, log_level=None, verb_name='build', build_base='build', install_base='install', merge_install=False, symlink_install=False, test_result_base=None, continue_on_error=False, executor='parallel', parallel_workers=8, event_handlers=None, ignore_user_meta=False, metas=['./colcon.meta'], base_paths=['.'], packages_ignore=None, packages_ignore_regex=None, paths=None, packages_up_to=None, packages_up_to_regex=None, packages_above=None, packages_above_and_dependencies=None, packages_above_depth=None, packages_select_by_dep=None, packages_skip_by_dep=None, packages_skip_up_to=None, packages_select_build_failed=False, packages_skip_build_finished=False, packages_select_test_failures=False, packages_skip_test_passed=False, packages_select=None, packages_skip=None, packages_select_regex=None, packages_skip_regex=None, packages_start=None, packages_end=None, allow_overriding=[], cmake_args=None, cmake_target=None, cmake_target_skip_unavailable=False, cmake_clean_cache=False, cmake_clean_first=False, cmake_force_configure=False, ament_cmake_args=None, catkin_cmake_args=None, catkin_skip_building_tests=False, mixin_files=None, mixin=None, verb_parser=<colcon_mixin.mixin.mixin_argument.MixinArgumentDecorator object at 0x7616f3345c90>, verb_extension=<colcon_core.verb.build.BuildVerb object at 0x7616f34c7400>, main=<bound method BuildVerb.main of <colcon_core.verb.build.BuildVerb object at 0x7616f34c7400>>, mixin_verb=('build',))
[1.217s] Level 1:colcon.colcon_core.package_discovery:discover_packages(colcon_meta) check parameters
[1.217s] Level 1:colcon.colcon_core.package_discovery:discover_packages(recursive) check parameters
[1.217s] Level 1:colcon.colcon_core.package_discovery:discover_packages(ignore) check parameters
[1.217s] Level 1:colcon.colcon_core.package_discovery:discover_packages(path) check parameters
[1.217s] Level 1:colcon.colcon_core.package_discovery:discover_packages(colcon_meta) discover
[1.218s] Level 1:colcon.colcon_core.package_discovery:discover_packages(recursive) discover
[1.218s] INFO:colcon.colcon_core.package_discovery:Crawling recursively for packages in '/home/tajw/git/team25_rs1/RS1-Gr25'
[1.218s] Level 1:colcon.colcon_core.package_identification:_identify(.) by extensions ['ignore', 'ignore_ament_install']
[1.218s] Level 1:colcon.colcon_core.package_identification:_identify(.) by extension 'ignore'
[1.218s] Level 1:colcon.colcon_core.package_identification:_identify(.) by extension 'ignore_ament_install'
[1.218s] Level 1:colcon.colcon_core.package_identification:_identify(.) by extensions ['colcon_pkg']
[1.218s] Level 1:colcon.colcon_core.package_identification:_identify(.) by extension 'colcon_pkg'
[1.218s] Level 1:colcon.colcon_core.package_identification:_identify(.) by extensions ['colcon_meta']
[1.218s] Level 1:colcon.colcon_core.package_identification:_identify(.) by extension 'colcon_meta'
[1.218s] Level 1:colcon.colcon_core.package_identification:_identify(.) by extensions ['ros']
[1.218s] Level 1:colcon.colcon_core.package_identification:_identify(.) by extension 'ros'
[1.236s] Level 1:colcon.colcon_core.package_identification:_identify(.) by extensions ['cmake', 'python']
[1.236s] Level 1:colcon.colcon_core.package_identification:_identify(.) by extension 'cmake'
[1.236s] Level 1:colcon.colcon_core.package_identification:_identify(.) by extension 'python'
[1.236s] Level 1:colcon.colcon_core.package_identification:_identify(.) by extensions ['python_setup_py']
[1.236s] Level 1:colcon.colcon_core.package_identification:_identify(.) by extension 'python_setup_py'
[1.237s] Level 1:colcon.colcon_core.package_identification:_identify(build) by extensions ['ignore', 'ignore_ament_install']
[1.237s] Level 1:colcon.colcon_core.package_identification:_identify(build) by extension 'ignore'
[1.237s] Level 1:colcon.colcon_core.package_identification:_identify(build) ignored
[1.237s] Level 1:colcon.colcon_core.package_identification:_identify(install) by extensions ['ignore', 'ignore_ament_install']
[1.237s] Level 1:colcon.colcon_core.package_identification:_identify(install) by extension 'ignore'
[1.237s] Level 1:colcon.colcon_core.package_identification:_identify(install) ignored
[1.237s] Level 1:colcon.colcon_core.package_identification:_identify(log) by extensions ['ignore', 'ignore_ament_install']
[1.237s] Level 1:colcon.colcon_core.package_identification:_identify(log) by extension 'ignore'
[1.237s] Level 1:colcon.colcon_core.package_identification:_identify(log) ignored
[1.237s] Level 1:colcon.colcon_core.package_identification:_identify(src) by extensions ['ignore', 'ignore_ament_install']
[1.237s] Level 1:colcon.colcon_core.package_identification:_identify(src) by extension 'ignore'
[1.237s] Level 1:colcon.colcon_core.package_identification:_identify(src) by extension 'ignore_ament_install'
[1.238s] Level 1:colcon.colcon_core.package_identification:_identify(src) by extensions ['colcon_pkg']
[1.238s] Level 1:colcon.colcon_core.package_identification:_identify(src) by extension 'colcon_pkg'
[1.238s] Level 1:colcon.colcon_core.package_identification:_identify(src) by extensions ['colcon_meta']
[1.238s] Level 1:colcon.colcon_core.package_identification:_identify(src) by extension 'colcon_meta'
[1.238s] Level 1:colcon.colcon_core.package_identification:_identify(src) by extensions ['ros']
[1.238s] Level 1:colcon.colcon_core.package_identification:_identify(src) by extension 'ros'
[1.238s] Level 1:colcon.colcon_core.package_identification:_identify(src) by extensions ['cmake', 'python']
[1.238s] Level 1:colcon.colcon_core.package_identification:_identify(src) by extension 'cmake'
[1.238s] Level 1:colcon.colcon_core.package_identification:_identify(src) by extension 'python'
[1.238s] Level 1:colcon.colcon_core.package_identification:_identify(src) by extensions ['python_setup_py']
[1.238s] Level 1:colcon.colcon_core.package_identification:_identify(src) by extension 'python_setup_py'
[1.238s] Level 1:colcon.colcon_core.package_identification:_identify(src/41068_ignition_bringup_v1) by extensions ['ignore', 'ignore_ament_install']
[1.238s] Level 1:colcon.colcon_core.package_identification:_identify(src/41068_ignition_bringup_v1) by extension 'ignore'
[1.238s] Level 1:colcon.colcon_core.package_identification:_identify(src/41068_ignition_bringup_v1) by extension 'ignore_ament_install'
[1.238s] Level 1:colcon.colcon_core.package_identification:_identify(src/41068_ignition_bringup_v1) by extensions ['colcon_pkg']
[1.238s] Level 1:colcon.colcon_core.package_identification:_identify(src/41068_ignition_bringup_v1) by extension 'colcon_pkg'
[1.238s] Level 1:colcon.colcon_core.package_identification:_identify(src/41068_ignition_bringup_v1) by extensions ['colcon_meta']
[1.238s] Level 1:colcon.colcon_core.package_identification:_identify(src/41068_ignition_bringup_v1) by extension 'colcon_meta'
[1.238s] Level 1:colcon.colcon_core.package_identification:_identify(src/41068_ignition_bringup_v1) by extensions ['ros']
[1.239s] Level 1:colcon.colcon_core.package_identification:_identify(src/41068_ignition_bringup_v1) by extension 'ros'
[1.239s] Level 1:colcon.colcon_core.package_identification:_identify(src/41068_ignition_bringup_v1) by extensions ['cmake', 'python']
[1.239s] Level 1:colcon.colcon_core.package_identification:_identify(src/41068_ignition_bringup_v1) by extension 'cmake'
[1.239s] Level 1:colcon.colcon_core.package_identification:_identify(src/41068_ignition_bringup_v1) by extension 'python'
[1.239s] Level 1:colcon.colcon_core.package_identification:_identify(src/41068_ignition_bringup_v1) by extensions ['python_setup_py']
[1.239s] Level 1:colcon.colcon_core.package_identification:_identify(src/41068_ignition_bringup_v1) by extension 'python_setup_py'
[1.239s] Level 1:colcon.colcon_core.package_identification:_identify(src/41068_ignition_bringup_v1/41068_ignition_bringup) by extensions ['ignore', 'ignore_ament_install']
[1.239s] Level 1:colcon.colcon_core.package_identification:_identify(src/41068_ignition_bringup_v1/41068_ignition_bringup) by extension 'ignore'
[1.239s] Level 1:colcon.colcon_core.package_identification:_identify(src/41068_ignition_bringup_v1/41068_ignition_bringup) by extension 'ignore_ament_install'
[1.239s] Level 1:colcon.colcon_core.package_identification:_identify(src/41068_ignition_bringup_v1/41068_ignition_bringup) by extensions ['colcon_pkg']
[1.239s] Level 1:colcon.colcon_core.package_identification:_identify(src/41068_ignition_bringup_v1/41068_ignition_bringup) by extension 'colcon_pkg'
[1.239s] Level 1:colcon.colcon_core.package_identification:_identify(src/41068_ignition_bringup_v1/41068_ignition_bringup) by extensions ['colcon_meta']
[1.239s] Level 1:colcon.colcon_core.package_identification:_identify(src/41068_ignition_bringup_v1/41068_ignition_bringup) by extension 'colcon_meta'
[1.239s] Level 1:colcon.colcon_core.package_identification:_identify(src/41068_ignition_bringup_v1/41068_ignition_bringup) by extensions ['ros']
[1.239s] Level 1:colcon.colcon_core.package_identification:_identify(src/41068_ignition_bringup_v1/41068_ignition_bringup) by extension 'ros'
[1.249s] DEBUG:colcon.colcon_core.package_identification:Package 'src/41068_ignition_bringup_v1/41068_ignition_bringup' with type 'ros.ament_cmake' and name '41068_ignition_bringup'
[1.249s] Level 1:colcon.colcon_core.package_identification:_identify(src/build) by extensions ['ignore', 'ignore_ament_install']
[1.249s] Level 1:colcon.colcon_core.package_identification:_identify(src/build) by extension 'ignore'
[1.249s] Level 1:colcon.colcon_core.package_identification:_identify(src/build) by extension 'ignore_ament_install'
[1.249s] Level 1:colcon.colcon_core.package_identification:_identify(src/build) by extensions ['colcon_pkg']
[1.249s] Level 1:colcon.colcon_core.package_identification:_identify(src/build) by extension 'colcon_pkg'
[1.249s] Level 1:colcon.colcon_core.package_identification:_identify(src/build) by extensions ['colcon_meta']
[1.249s] Level 1:colcon.colcon_core.package_identification:_identify(src/build) by extension 'colcon_meta'
[1.249s] Level 1:colcon.colcon_core.package_identification:_identify(src/build) by extensions ['ros']
[1.249s] Level 1:colcon.colcon_core.package_identification:_identify(src/build) by extension 'ros'
[1.250s] Level 1:colcon.colcon_core.package_identification:_identify(src/build) by extensions ['cmake', 'python']
[1.250s] Level 1:colcon.colcon_core.package_identification:_identify(src/build) by extension 'cmake'
[1.250s] Level 1:colcon.colcon_core.package_identification:_identify(src/build) by extension 'python'
[1.250s] Level 1:colcon.colcon_core.package_identification:_identify(src/build) by extensions ['python_setup_py']
[1.250s] Level 1:colcon.colcon_core.package_identification:_identify(src/build) by extension 'python_setup_py'
[1.250s] Level 1:colcon.colcon_core.package_identification:_identify(src/build/41068_ignition_bringup) by extensions ['ignore', 'ignore_ament_install']
[1.250s] Level 1:colcon.colcon_core.package_identification:_identify(src/build/41068_ignition_bringup) by extension 'ignore'
[1.251s] Level 1:colcon.colcon_core.package_identification:_identify(src/build/41068_ignition_bringup) by extension 'ignore_ament_install'
[1.251s] Level 1:colcon.colcon_core.package_identification:_identify(src/build/41068_ignition_bringup) by extensions ['colcon_pkg']
[1.251s] Level 1:colcon.colcon_core.package_identification:_identify(src/build/41068_ignition_bringup) by extension 'colcon_pkg'
[1.251s] Level 1:colcon.colcon_core.package_identification:_identify(src/build/41068_ignition_bringup) by extensions ['colcon_meta']
[1.251s] Level 1:colcon.colcon_core.package_identification:_identify(src/build/41068_ignition_bringup) by extension 'colcon_meta'
[1.251s] Level 1:colcon.colcon_core.package_identification:_identify(src/build/41068_ignition_bringup) by extensions ['ros']
[1.251s] Level 1:colcon.colcon_core.package_identification:_identify(src/build/41068_ignition_bringup) by extension 'ros'
[1.251s] Level 1:colcon.colcon_core.package_identification:_identify(src/build/41068_ignition_bringup) by extensions ['cmake', 'python']
[1.251s] Level 1:colcon.colcon_core.package_identification:_identify(src/build/41068_ignition_bringup) by extension 'cmake'
[1.251s] Level 1:colcon.colcon_core.package_identification:_identify(src/build/41068_ignition_bringup) by extension 'python'
[1.251s] Level 1:colcon.colcon_core.package_identification:_identify(src/build/41068_ignition_bringup) by extensions ['python_setup_py']
[1.251s] Level 1:colcon.colcon_core.package_identification:_identify(src/build/41068_ignition_bringup) by extension 'python_setup_py'
[1.252s] Level 1:colcon.colcon_core.package_identification:_identify(src/build/41068_ignition_bringup/CMakeFiles) by extensions ['ignore', 'ignore_ament_install']
[1.252s] Level 1:colcon.colcon_core.package_identification:_identify(src/build/41068_ignition_bringup/CMakeFiles) by extension 'ignore'
[1.252s] Level 1:colcon.colcon_core.package_identification:_identify(src/build/41068_ignition_bringup/CMakeFiles) by extension 'ignore_ament_install'
[1.252s] Level 1:colcon.colcon_core.package_identification:_identify(src/build/41068_ignition_bringup/CMakeFiles) by extensions ['colcon_pkg']
[1.252s] Level 1:colcon.colcon_core.package_identification:_identify(src/build/41068_ignition_bringup/CMakeFiles) by extension 'colcon_pkg'
[1.252s] Level 1:colcon.colcon_core.package_identification:_identify(src/build/41068_ignition_bringup/CMakeFiles) by extensions ['colcon_meta']
[1.252s] Level 1:colcon.colcon_core.package_identification:_identify(src/build/41068_ignition_bringup/CMakeFiles) by extension 'colcon_meta'
[1.252s] Level 1:colcon.colcon_core.package_identification:_identify(src/build/41068_ignition_bringup/CMakeFiles) by extensions ['ros']
[1.252s] Level 1:colcon.colcon_core.package_identification:_identify(src/build/41068_ignition_bringup/CMakeFiles) by extension 'ros'
[1.252s] Level 1:colcon.colcon_core.package_identification:_identify(src/build/41068_ignition_bringup/CMakeFiles) by extensions ['cmake', 'python']
[1.252s] Level 1:colcon.colcon_core.package_identification:_identify(src/build/41068_ignition_bringup/CMakeFiles) by extension 'cmake'
[1.253s] Level 1:colcon.colcon_core.package_identification:_identify(src/build/41068_ignition_bringup/CMakeFiles) by extension 'python'
[1.253s] Level 1:colcon.colcon_core.package_identification:_identify(src/build/41068_ignition_bringup/CMakeFiles) by extensions ['python_setup_py']
[1.253s] Level 1:colcon.colcon_core.package_identification:_identify(src/build/41068_ignition_bringup/CMakeFiles) by extension 'python_setup_py'
[1.253s] Level 1:colcon.colcon_core.package_identification:_identify(src/build/41068_ignition_bringup/CMakeFiles/3.22.1) by extensions ['ignore', 'ignore_ament_install']
[1.253s] Level 1:colcon.colcon_core.package_identification:_identify(src/build/41068_ignition_bringup/CMakeFiles/3.22.1) by extension 'ignore'
[1.253s] Level 1:colcon.colcon_core.package_identification:_identify(src/build/41068_ignition_bringup/CMakeFiles/3.22.1) by extension 'ignore_ament_install'
[1.253s] Level 1:colcon.colcon_core.package_identification:_identify(src/build/41068_ignition_bringup/CMakeFiles/3.22.1) by extensions ['colcon_pkg']
[1.253s] Level 1:colcon.colcon_core.package_identification:_identify(src/build/41068_ignition_bringup/CMakeFiles/3.22.1) by extension 'colcon_pkg'
[1.253s] Level 1:colcon.colcon_core.package_identification:_identify(src/build/41068_ignition_bringup/CMakeFiles/3.22.1) by extensions ['colcon_meta']
[1.253s] Level 1:colcon.colcon_core.package_identification:_identify(src/build/41068_ignition_bringup/CMakeFiles/3.22.1) by extension 'colcon_meta'
[1.253s] Level 1:colcon.colcon_core.package_identification:_identify(src/build/41068_ignition_bringup/CMakeFiles/3.22.1) by extensions ['ros']
[1.253s] Level 1:colcon.colcon_core.package_identification:_identify(src/build/41068_ignition_bringup/CMakeFiles/3.22.1) by extension 'ros'
[1.254s] Level 1:colcon.colcon_core.package_identification:_identify(src/build/41068_ignition_bringup/CMakeFiles/3.22.1) by extensions ['cmake', 'python']
[1.254s] Level 1:colcon.colcon_core.package_identification:_identify(src/build/41068_ignition_bringup/CMakeFiles/3.22.1) by extension 'cmake'
[1.254s] Level 1:colcon.colcon_core.package_identification:_identify(src/build/41068_ignition_bringup/CMakeFiles/3.22.1) by extension 'python'
[1.254s] Level 1:colcon.colcon_core.package_identification:_identify(src/build/41068_ignition_bringup/CMakeFiles/3.22.1) by extensions ['python_setup_py']
[1.254s] Level 1:colcon.colcon_core.package_identification:_identify(src/build/41068_ignition_bringup/CMakeFiles/3.22.1) by extension 'python_setup_py'
[1.254s] Level 1:colcon.colcon_core.package_identification:_identify(src/build/41068_ignition_bringup/CMakeFiles/3.22.1/CompilerIdC) by extensions ['ignore', 'ignore_ament_install']
[1.255s] Level 1:colcon.colcon_core.package_identification:_identify(src/build/41068_ignition_bringup/CMakeFiles/3.22.1/CompilerIdC) by extension 'ignore'
[1.255s] Level 1:colcon.colcon_core.package_identification:_identify(src/build/41068_ignition_bringup/CMakeFiles/3.22.1/CompilerIdC) by extension 'ignore_ament_install'
[1.255s] Level 1:colcon.colcon_core.package_identification:_identify(src/build/41068_ignition_bringup/CMakeFiles/3.22.1/CompilerIdC) by extensions ['colcon_pkg']
[1.255s] Level 1:colcon.colcon_core.package_identification:_identify(src/build/41068_ignition_bringup/CMakeFiles/3.22.1/CompilerIdC) by extension 'colcon_pkg'
[1.255s] Level 1:colcon.colcon_core.package_identification:_identify(src/build/41068_ignition_bringup/CMakeFiles/3.22.1/CompilerIdC) by extensions ['colcon_meta']
[1.255s] Level 1:colcon.colcon_core.package_identification:_identify(src/build/41068_ignition_bringup/CMakeFiles/3.22.1/CompilerIdC) by extension 'colcon_meta'
[1.255s] Level 1:colcon.colcon_core.package_identification:_identify(src/build/41068_ignition_bringup/CMakeFiles/3.22.1/CompilerIdC) by extensions ['ros']
[1.255s] Level 1:colcon.colcon_core.package_identification:_identify(src/build/41068_ignition_bringup/CMakeFiles/3.22.1/CompilerIdC) by extension 'ros'
[1.255s] Level 1:colcon.colcon_core.package_identification:_identify(src/build/41068_ignition_bringup/CMakeFiles/3.22.1/CompilerIdC) by extensions ['cmake', 'python']
[1.255s] Level 1:colcon.colcon_core.package_identification:_identify(src/build/41068_ignition_bringup/CMakeFiles/3.22.1/CompilerIdC) by extension 'cmake'
[1.255s] Level 1:colcon.colcon_core.package_identification:_identify(src/build/41068_ignition_bringup/CMakeFiles/3.22.1/CompilerIdC) by extension 'python'
[1.255s] Level 1:colcon.colcon_core.package_identification:_identify(src/build/41068_ignition_bringup/CMakeFiles/3.22.1/CompilerIdC) by extensions ['python_setup_py']
[1.255s] Level 1:colcon.colcon_core.package_identification:_identify(src/build/41068_ignition_bringup/CMakeFiles/3.22.1/CompilerIdC) by extension 'python_setup_py'
[1.255s] Level 1:colcon.colcon_core.package_identification:_identify(src/build/41068_ignition_bringup/CMakeFiles/3.22.1/CompilerIdC/tmp) by extensions ['ignore', 'ignore_ament_install']
[1.255s] Level 1:colcon.colcon_core.package_identification:_identify(src/build/41068_ignition_bringup/CMakeFiles/3.22.1/CompilerIdC/tmp) by extension 'ignore'
[1.255s] Level 1:colcon.colcon_core.package_identification:_identify(src/build/41068_ignition_bringup/CMakeFiles/3.22.1/CompilerIdC/tmp) by extension 'ignore_ament_install'
[1.255s] Level 1:colcon.colcon_core.package_identification:_identify(src/build/41068_ignition_bringup/CMakeFiles/3.22.1/CompilerIdC/tmp) by extensions ['colcon_pkg']
[1.255s] Level 1:colcon.colcon_core.package_identification:_identify(src/build/41068_ignition_bringup/CMakeFiles/3.22.1/CompilerIdC/tmp) by extension 'colcon_pkg'
[1.255s] Level 1:colcon.colcon_core.package_identification:_identify(src/build/41068_ignition_bringup/CMakeFiles/3.22.1/CompilerIdC/tmp) by extensions ['colcon_meta']
[1.255s] Level 1:colcon.colcon_core.package_identification:_identify(src/build/41068_ignition_bringup/CMakeFiles/3.22.1/CompilerIdC/tmp) by extension 'colcon_meta'
[1.255s] Level 1:colcon.colcon_core.package_identification:_identify(src/build/41068_ignition_bringup/CMakeFiles/3.22.1/CompilerIdC/tmp) by extensions ['ros']
[1.255s] Level 1:colcon.colcon_core.package_identification:_identify(src/build/41068_ignition_bringup/CMakeFiles/3.22.1/CompilerIdC/tmp) by extension 'ros'
[1.256s] Level 1:colcon.colcon_core.package_identification:_identify(src/build/41068_ignition_bringup/CMakeFiles/3.22.1/CompilerIdC/tmp) by extensions ['cmake', 'python']
[1.256s] Level 1:colcon.colcon_core.package_identification:_identify(src/build/41068_ignition_bringup/CMakeFiles/3.22.1/CompilerIdC/tmp) by extension 'cmake'
[1.256s] Level 1:colcon.colcon_core.package_identification:_identify(src/build/41068_ignition_bringup/CMakeFiles/3.22.1/CompilerIdC/tmp) by extension 'python'
[1.256s] Level 1:colcon.colcon_core.package_identification:_identify(src/build/41068_ignition_bringup/CMakeFiles/3.22.1/CompilerIdC/tmp) by extensions ['python_setup_py']
[1.256s] Level 1:colcon.colcon_core.package_identification:_identify(src/build/41068_ignition_bringup/CMakeFiles/3.22.1/CompilerIdC/tmp) by extension 'python_setup_py'
[1.256s] Level 1:colcon.colcon_core.package_identification:_identify(src/build/41068_ignition_bringup/CMakeFiles/3.22.1/CompilerIdCXX) by extensions ['ignore', 'ignore_ament_install']
[1.256s] Level 1:colcon.colcon_core.package_identification:_identify(src/build/41068_ignition_bringup/CMakeFiles/3.22.1/CompilerIdCXX) by extension 'ignore'
[1.256s] Level 1:colcon.colcon_core.package_identification:_identify(src/build/41068_ignition_bringup/CMakeFiles/3.22.1/CompilerIdCXX) by extension 'ignore_ament_install'
[1.256s] Level 1:colcon.colcon_core.package_identification:_identify(src/build/41068_ignition_bringup/CMakeFiles/3.22.1/CompilerIdCXX) by extensions ['colcon_pkg']
[1.256s] Level 1:colcon.colcon_core.package_identification:_identify(src/build/41068_ignition_bringup/CMakeFiles/3.22.1/CompilerIdCXX) by extension 'colcon_pkg'
[1.256s] Level 1:colcon.colcon_core.package_identification:_identify(src/build/41068_ignition_bringup/CMakeFiles/3.22.1/CompilerIdCXX) by extensions ['colcon_meta']
[1.256s] Level 1:colcon.colcon_core.package_identification:_identify(src/build/41068_ignition_bringup/CMakeFiles/3.22.1/CompilerIdCXX) by extension 'colcon_meta'
[1.256s] Level 1:colcon.colcon_core.package_identification:_identify(src/build/41068_ignition_bringup/CMakeFiles/3.22.1/CompilerIdCXX) by extensions ['ros']
[1.256s] Level 1:colcon.colcon_core.package_identification:_identify(src/build/41068_ignition_bringup/CMakeFiles/3.22.1/CompilerIdCXX) by extension 'ros'
[1.256s] Level 1:colcon.colcon_core.package_identification:_identify(src/build/41068_ignition_bringup/CMakeFiles/3.22.1/CompilerIdCXX) by extensions ['cmake', 'python']
[1.256s] Level 1:colcon.colcon_core.package_identification:_identify(src/build/41068_ignition_bringup/CMakeFiles/3.22.1/CompilerIdCXX) by extension 'cmake'
[1.256s] Level 1:colcon.colcon_core.package_identification:_identify(src/build/41068_ignition_bringup/CMakeFiles/3.22.1/CompilerIdCXX) by extension 'python'
[1.256s] Level 1:colcon.colcon_core.package_identification:_identify(src/build/41068_ignition_bringup/CMakeFiles/3.22.1/CompilerIdCXX) by extensions ['python_setup_py']
[1.256s] Level 1:colcon.colcon_core.package_identification:_identify(src/build/41068_ignition_bringup/CMakeFiles/3.22.1/CompilerIdCXX) by extension 'python_setup_py'
[1.257s] Level 1:colcon.colcon_core.package_identification:_identify(src/build/41068_ignition_bringup/CMakeFiles/3.22.1/CompilerIdCXX/tmp) by extensions ['ignore', 'ignore_ament_install']
[1.257s] Level 1:colcon.colcon_core.package_identification:_identify(src/build/41068_ignition_bringup/CMakeFiles/3.22.1/CompilerIdCXX/tmp) by extension 'ignore'
[1.257s] Level 1:colcon.colcon_core.package_identification:_identify(src/build/41068_ignition_bringup/CMakeFiles/3.22.1/CompilerIdCXX/tmp) by extension 'ignore_ament_install'
[1.257s] Level 1:colcon.colcon_core.package_identification:_identify(src/build/41068_ignition_bringup/CMakeFiles/3.22.1/CompilerIdCXX/tmp) by extensions ['colcon_pkg']
[1.257s] Level 1:colcon.colcon_core.package_identification:_identify(src/build/41068_ignition_bringup/CMakeFiles/3.22.1/CompilerIdCXX/tmp) by extension 'colcon_pkg'
[1.257s] Level 1:colcon.colcon_core.package_identification:_identify(src/build/41068_ignition_bringup/CMakeFiles/3.22.1/CompilerIdCXX/tmp) by extensions ['colcon_meta']
[1.257s] Level 1:colcon.colcon_core.package_identification:_identify(src/build/41068_ignition_bringup/CMakeFiles/3.22.1/CompilerIdCXX/tmp) by extension 'colcon_meta'
[1.257s] Level 1:colcon.colcon_core.package_identification:_identify(src/build/41068_ignition_bringup/CMakeFiles/3.22.1/CompilerIdCXX/tmp) by extensions ['ros']
[1.257s] Level 1:colcon.colcon_core.package_identification:_identify(src/build/41068_ignition_bringup/CMakeFiles/3.22.1/CompilerIdCXX/tmp) by extension 'ros'
[1.257s] Level 1:colcon.colcon_core.package_identification:_identify(src/build/41068_ignition_bringup/CMakeFiles/3.22.1/CompilerIdCXX/tmp) by extensions ['cmake', 'python']
[1.257s] Level 1:colcon.colcon_core.package_identification:_identify(src/build/41068_ignition_bringup/CMakeFiles/3.22.1/CompilerIdCXX/tmp) by extension 'cmake'
[1.257s] Level 1:colcon.colcon_core.package_identification:_identify(src/build/41068_ignition_bringup/CMakeFiles/3.22.1/CompilerIdCXX/tmp) by extension 'python'
[1.257s] Level 1:colcon.colcon_core.package_identification:_identify(src/build/41068_ignition_bringup/CMakeFiles/3.22.1/CompilerIdCXX/tmp) by extensions ['python_setup_py']
[1.257s] Level 1:colcon.colcon_core.package_identification:_identify(src/build/41068_ignition_bringup/CMakeFiles/3.22.1/CompilerIdCXX/tmp) by extension 'python_setup_py'
[1.257s] Level 1:colcon.colcon_core.package_identification:_identify(src/build/41068_ignition_bringup/CMakeFiles/CMakeTmp) by extensions ['ignore', 'ignore_ament_install']
[1.257s] Level 1:colcon.colcon_core.package_identification:_identify(src/build/41068_ignition_bringup/CMakeFiles/CMakeTmp) by extension 'ignore'
[1.257s] Level 1:colcon.colcon_core.package_identification:_identify(src/build/41068_ignition_bringup/CMakeFiles/CMakeTmp) by extension 'ignore_ament_install'
[1.258s] Level 1:colcon.colcon_core.package_identification:_identify(src/build/41068_ignition_bringup/CMakeFiles/CMakeTmp) by extensions ['colcon_pkg']
[1.258s] Level 1:colcon.colcon_core.package_identification:_identify(src/build/41068_ignition_bringup/CMakeFiles/CMakeTmp) by extension 'colcon_pkg'
[1.258s] Level 1:colcon.colcon_core.package_identification:_identify(src/build/41068_ignition_bringup/CMakeFiles/CMakeTmp) by extensions ['colcon_meta']
[1.258s] Level 1:colcon.colcon_core.package_identification:_identify(src/build/41068_ignition_bringup/CMakeFiles/CMakeTmp) by extension 'colcon_meta'
[1.258s] Level 1:colcon.colcon_core.package_identification:_identify(src/build/41068_ignition_bringup/CMakeFiles/CMakeTmp) by extensions ['ros']
[1.258s] Level 1:colcon.colcon_core.package_identification:_identify(src/build/41068_ignition_bringup/CMakeFiles/CMakeTmp) by extension 'ros'
[1.258s] Level 1:colcon.colcon_core.package_identification:_identify(src/build/41068_ignition_bringup/CMakeFiles/CMakeTmp) by extensions ['cmake', 'python']
[1.258s] Level 1:colcon.colcon_core.package_identification:_identify(src/build/41068_ignition_bringup/CMakeFiles/CMakeTmp) by extension 'cmake'
[1.258s] Level 1:colcon.colcon_core.package_identification:_identify(src/build/41068_ignition_bringup/CMakeFiles/CMakeTmp) by extension 'python'
[1.258s] Level 1:colcon.colcon_core.package_identification:_identify(src/build/41068_ignition_bringup/CMakeFiles/CMakeTmp) by extensions ['python_setup_py']
[1.258s] Level 1:colcon.colcon_core.package_identification:_identify(src/build/41068_ignition_bringup/CMakeFiles/CMakeTmp) by extension 'python_setup_py'
[1.258s] Level 1:colcon.colcon_core.package_identification:_identify(src/build/41068_ignition_bringup/ament_copyright) by extensions ['ignore', 'ignore_ament_install']
[1.258s] Level 1:colcon.colcon_core.package_identification:_identify(src/build/41068_ignition_bringup/ament_copyright) by extension 'ignore'
[1.258s] Level 1:colcon.colcon_core.package_identification:_identify(src/build/41068_ignition_bringup/ament_copyright) by extension 'ignore_ament_install'
[1.258s] Level 1:colcon.colcon_core.package_identification:_identify(src/build/41068_ignition_bringup/ament_copyright) by extensions ['colcon_pkg']
[1.258s] Level 1:colcon.colcon_core.package_identification:_identify(src/build/41068_ignition_bringup/ament_copyright) by extension 'colcon_pkg'
[1.258s] Level 1:colcon.colcon_core.package_identification:_identify(src/build/41068_ignition_bringup/ament_copyright) by extensions ['colcon_meta']
[1.258s] Level 1:colcon.colcon_core.package_identification:_identify(src/build/41068_ignition_bringup/ament_copyright) by extension 'colcon_meta'
[1.258s] Level 1:colcon.colcon_core.package_identification:_identify(src/build/41068_ignition_bringup/ament_copyright) by extensions ['ros']
[1.258s] Level 1:colcon.colcon_core.package_identification:_identify(src/build/41068_ignition_bringup/ament_copyright) by extension 'ros'
[1.259s] Level 1:colcon.colcon_core.package_identification:_identify(src/build/41068_ignition_bringup/ament_copyright) by extensions ['cmake', 'python']
[1.259s] Level 1:colcon.colcon_core.package_identification:_identify(src/build/41068_ignition_bringup/ament_copyright) by extension 'cmake'
[1.259s] Level 1:colcon.colcon_core.package_identification:_identify(src/build/41068_ignition_bringup/ament_copyright) by extension 'python'
[1.259s] Level 1:colcon.colcon_core.package_identification:_identify(src/build/41068_ignition_bringup/ament_copyright) by extensions ['python_setup_py']
[1.259s] Level 1:colcon.colcon_core.package_identification:_identify(src/build/41068_ignition_bringup/ament_copyright) by extension 'python_setup_py'
[1.259s] Level 1:colcon.colcon_core.package_identification:_identify(src/build/41068_ignition_bringup/ament_flake8) by extensions ['ignore', 'ignore_ament_install']
[1.259s] Level 1:colcon.colcon_core.package_identification:_identify(src/build/41068_ignition_bringup/ament_flake8) by extension 'ignore'
[1.259s] Level 1:colcon.colcon_core.package_identification:_identify(src/build/41068_ignition_bringup/ament_flake8) by extension 'ignore_ament_install'
[1.259s] Level 1:colcon.colcon_core.package_identification:_identify(src/build/41068_ignition_bringup/ament_flake8) by extensions ['colcon_pkg']
[1.259s] Level 1:colcon.colcon_core.package_identification:_identify(src/build/41068_ignition_bringup/ament_flake8) by extension 'colcon_pkg'
[1.259s] Level 1:colcon.colcon_core.package_identification:_identify(src/build/41068_ignition_bringup/ament_flake8) by extensions ['colcon_meta']
[1.259s] Level 1:colcon.colcon_core.package_identification:_identify(src/build/41068_ignition_bringup/ament_flake8) by extension 'colcon_meta'
[1.259s] Level 1:colcon.colcon_core.package_identification:_identify(src/build/41068_ignition_bringup/ament_flake8) by extensions ['ros']
[1.259s] Level 1:colcon.colcon_core.package_identification:_identify(src/build/41068_ignition_bringup/ament_flake8) by extension 'ros'
[1.259s] Level 1:colcon.colcon_core.package_identification:_identify(src/build/41068_ignition_bringup/ament_flake8) by extensions ['cmake', 'python']
[1.259s] Level 1:colcon.colcon_core.package_identification:_identify(src/build/41068_ignition_bringup/ament_flake8) by extension 'cmake'
[1.259s] Level 1:colcon.colcon_core.package_identification:_identify(src/build/41068_ignition_bringup/ament_flake8) by extension 'python'
[1.259s] Level 1:colcon.colcon_core.package_identification:_identify(src/build/41068_ignition_bringup/ament_flake8) by extensions ['python_setup_py']
[1.259s] Level 1:colcon.colcon_core.package_identification:_identify(src/build/41068_ignition_bringup/ament_flake8) by extension 'python_setup_py'
[1.259s] Level 1:colcon.colcon_core.package_identification:_identify(src/build/41068_ignition_bringup/ament_lint_cmake) by extensions ['ignore', 'ignore_ament_install']
[1.259s] Level 1:colcon.colcon_core.package_identification:_identify(src/build/41068_ignition_bringup/ament_lint_cmake) by extension 'ignore'
[1.259s] Level 1:colcon.colcon_core.package_identification:_identify(src/build/41068_ignition_bringup/ament_lint_cmake) by extension 'ignore_ament_install'
[1.260s] Level 1:colcon.colcon_core.package_identification:_identify(src/build/41068_ignition_bringup/ament_lint_cmake) by extensions ['colcon_pkg']
[1.260s] Level 1:colcon.colcon_core.package_identification:_identify(src/build/41068_ignition_bringup/ament_lint_cmake) by extension 'colcon_pkg'
[1.260s] Level 1:colcon.colcon_core.package_identification:_identify(src/build/41068_ignition_bringup/ament_lint_cmake) by extensions ['colcon_meta']
[1.260s] Level 1:colcon.colcon_core.package_identification:_identify(src/build/41068_ignition_bringup/ament_lint_cmake) by extension 'colcon_meta'
[1.260s] Level 1:colcon.colcon_core.package_identification:_identify(src/build/41068_ignition_bringup/ament_lint_cmake) by extensions ['ros']
[1.260s] Level 1:colcon.colcon_core.package_identification:_identify(src/build/41068_ignition_bringup/ament_lint_cmake) by extension 'ros'
[1.260s] Level 1:colcon.colcon_core.package_identification:_identify(src/build/41068_ignition_bringup/ament_lint_cmake) by extensions ['cmake', 'python']
[1.260s] Level 1:colcon.colcon_core.package_identification:_identify(src/build/41068_ignition_bringup/ament_lint_cmake) by extension 'cmake'
[1.260s] Level 1:colcon.colcon_core.package_identification:_identify(src/build/41068_ignition_bringup/ament_lint_cmake) by extension 'python'
[1.260s] Level 1:colcon.colcon_core.package_identification:_identify(src/build/41068_ignition_bringup/ament_lint_cmake) by extensions ['python_setup_py']
[1.260s] Level 1:colcon.colcon_core.package_identification:_identify(src/build/41068_ignition_bringup/ament_lint_cmake) by extension 'python_setup_py'
[1.260s] Level 1:colcon.colcon_core.package_identification:_identify(src/build/41068_ignition_bringup/ament_pep257) by extensions ['ignore', 'ignore_ament_install']
[1.260s] Level 1:colcon.colcon_core.package_identification:_identify(src/build/41068_ignition_bringup/ament_pep257) by extension 'ignore'
[1.260s] Level 1:colcon.colcon_core.package_identification:_identify(src/build/41068_ignition_bringup/ament_pep257) by extension 'ignore_ament_install'
[1.260s] Level 1:colcon.colcon_core.package_identification:_identify(src/build/41068_ignition_bringup/ament_pep257) by extensions ['colcon_pkg']
[1.260s] Level 1:colcon.colcon_core.package_identification:_identify(src/build/41068_ignition_bringup/ament_pep257) by extension 'colcon_pkg'
[1.260s] Level 1:colcon.colcon_core.package_identification:_identify(src/build/41068_ignition_bringup/ament_pep257) by extensions ['colcon_meta']
[1.260s] Level 1:colcon.colcon_core.package_identification:_identify(src/build/41068_ignition_bringup/ament_pep257) by extension 'colcon_meta'
[1.260s] Level 1:colcon.colcon_core.package_identification:_identify(src/build/41068_ignition_bringup/ament_pep257) by extensions ['ros']
[1.260s] Level 1:colcon.colcon_core.package_identification:_identify(src/build/41068_ignition_bringup/ament_pep257) by extension 'ros'
[1.260s] Level 1:colcon.colcon_core.package_identification:_identify(src/build/41068_ignition_bringup/ament_pep257) by extensions ['cmake', 'python']
[1.260s] Level 1:colcon.colcon_core.package_identification:_identify(src/build/41068_ignition_bringup/ament_pep257) by extension 'cmake'
[1.260s] Level 1:colcon.colcon_core.package_identification:_identify(src/build/41068_ignition_bringup/ament_pep257) by extension 'python'
[1.261s] Level 1:colcon.colcon_core.package_identification:_identify(src/build/41068_ignition_bringup/ament_pep257) by extensions ['python_setup_py']
[1.261s] Level 1:colcon.colcon_core.package_identification:_identify(src/build/41068_ignition_bringup/ament_pep257) by extension 'python_setup_py'
[1.261s] Level 1:colcon.colcon_core.package_identification:_identify(src/build/41068_ignition_bringup/ament_xmllint) by extensions ['ignore', 'ignore_ament_install']
[1.261s] Level 1:colcon.colcon_core.package_identification:_identify(src/build/41068_ignition_bringup/ament_xmllint) by extension 'ignore'
[1.261s] Level 1:colcon.colcon_core.package_identification:_identify(src/build/41068_ignition_bringup/ament_xmllint) by extension 'ignore_ament_install'
[1.261s] Level 1:colcon.colcon_core.package_identification:_identify(src/build/41068_ignition_bringup/ament_xmllint) by extensions ['colcon_pkg']
[1.261s] Level 1:colcon.colcon_core.package_identification:_identify(src/build/41068_ignition_bringup/ament_xmllint) by extension 'colcon_pkg'
[1.261s] Level 1:colcon.colcon_core.package_identification:_identify(src/build/41068_ignition_bringup/ament_xmllint) by extensions ['colcon_meta']
[1.261s] Level 1:colcon.colcon_core.package_identification:_identify(src/build/41068_ignition_bringup/ament_xmllint) by extension 'colcon_meta'
[1.261s] Level 1:colcon.colcon_core.package_identification:_identify(src/build/41068_ignition_bringup/ament_xmllint) by extensions ['ros']
[1.261s] Level 1:colcon.colcon_core.package_identification:_identify(src/build/41068_ignition_bringup/ament_xmllint) by extension 'ros'
[1.261s] Level 1:colcon.colcon_core.package_identification:_identify(src/build/41068_ignition_bringup/ament_xmllint) by extensions ['cmake', 'python']
[1.261s] Level 1:colcon.colcon_core.package_identification:_identify(src/build/41068_ignition_bringup/ament_xmllint) by extension 'cmake'
[1.261s] Level 1:colcon.colcon_core.package_identification:_identify(src/build/41068_ignition_bringup/ament_xmllint) by extension 'python'
[1.261s] Level 1:colcon.colcon_core.package_identification:_identify(src/build/41068_ignition_bringup/ament_xmllint) by extensions ['python_setup_py']
[1.261s] Level 1:colcon.colcon_core.package_identification:_identify(src/build/41068_ignition_bringup/ament_xmllint) by extension 'python_setup_py'
[1.261s] Level 1:colcon.colcon_core.package_identification:_identify(src/build/CMakeFiles) by extensions ['ignore', 'ignore_ament_install']
[1.261s] Level 1:colcon.colcon_core.package_identification:_identify(src/build/CMakeFiles) by extension 'ignore'
[1.262s] Level 1:colcon.colcon_core.package_identification:_identify(src/build/CMakeFiles) by extension 'ignore_ament_install'
[1.262s] Level 1:colcon.colcon_core.package_identification:_identify(src/build/CMakeFiles) by extensions ['colcon_pkg']
[1.262s] Level 1:colcon.colcon_core.package_identification:_identify(src/build/CMakeFiles) by extension 'colcon_pkg'
[1.262s] Level 1:colcon.colcon_core.package_identification:_identify(src/build/CMakeFiles) by extensions ['colcon_meta']
[1.262s] Level 1:colcon.colcon_core.package_identification:_identify(src/build/CMakeFiles) by extension 'colcon_meta'
[1.262s] Level 1:colcon.colcon_core.package_identification:_identify(src/build/CMakeFiles) by extensions ['ros']
[1.262s] Level 1:colcon.colcon_core.package_identification:_identify(src/build/CMakeFiles) by extension 'ros'
[1.262s] Level 1:colcon.colcon_core.package_identification:_identify(src/build/CMakeFiles) by extensions ['cmake', 'python']
[1.262s] Level 1:colcon.colcon_core.package_identification:_identify(src/build/CMakeFiles) by extension 'cmake'
[1.262s] Level 1:colcon.colcon_core.package_identification:_identify(src/build/CMakeFiles) by extension 'python'
[1.262s] Level 1:colcon.colcon_core.package_identification:_identify(src/build/CMakeFiles) by extensions ['python_setup_py']
[1.262s] Level 1:colcon.colcon_core.package_identification:_identify(src/build/CMakeFiles) by extension 'python_setup_py'
[1.263s] Level 1:colcon.colcon_core.package_identification:_identify(src/build/CMakeFiles/3.22.1) by extensions ['ignore', 'ignore_ament_install']
[1.263s] Level 1:colcon.colcon_core.package_identification:_identify(src/build/CMakeFiles/3.22.1) by extension 'ignore'
[1.263s] Level 1:colcon.colcon_core.package_identification:_identify(src/build/CMakeFiles/3.22.1) by extension 'ignore_ament_install'
[1.263s] Level 1:colcon.colcon_core.package_identification:_identify(src/build/CMakeFiles/3.22.1) by extensions ['colcon_pkg']
[1.263s] Level 1:colcon.colcon_core.package_identification:_identify(src/build/CMakeFiles/3.22.1) by extension 'colcon_pkg'
[1.263s] Level 1:colcon.colcon_core.package_identification:_identify(src/build/CMakeFiles/3.22.1) by extensions ['colcon_meta']
[1.263s] Level 1:colcon.colcon_core.package_identification:_identify(src/build/CMakeFiles/3.22.1) by extension 'colcon_meta'
[1.263s] Level 1:colcon.colcon_core.package_identification:_identify(src/build/CMakeFiles/3.22.1) by extensions ['ros']
[1.263s] Level 1:colcon.colcon_core.package_identification:_identify(src/build/CMakeFiles/3.22.1) by extension 'ros'
[1.263s] Level 1:colcon.colcon_core.package_identification:_identify(src/build/CMakeFiles/3.22.1) by extensions ['cmake', 'python']
[1.263s] Level 1:colcon.colcon_core.package_identification:_identify(src/build/CMakeFiles/3.22.1) by extension 'cmake'
[1.263s] Level 1:colcon.colcon_core.package_identification:_identify(src/build/CMakeFiles/3.22.1) by extension 'python'
[1.263s] Level 1:colcon.colcon_core.package_identification:_identify(src/build/CMakeFiles/3.22.1) by extensions ['python_setup_py']
[1.263s] Level 1:colcon.colcon_core.package_identification:_identify(src/build/CMakeFiles/3.22.1) by extension 'python_setup_py'
[1.263s] Level 1:colcon.colcon_core.package_identification:_identify(src/build/CMakeFiles/3.22.1/CompilerIdC) by extensions ['ignore', 'ignore_ament_install']
[1.263s] Level 1:colcon.colcon_core.package_identification:_identify(src/build/CMakeFiles/3.22.1/CompilerIdC) by extension 'ignore'
[1.263s] Level 1:colcon.colcon_core.package_identification:_identify(src/build/CMakeFiles/3.22.1/CompilerIdC) by extension 'ignore_ament_install'
[1.264s] Level 1:colcon.colcon_core.package_identification:_identify(src/build/CMakeFiles/3.22.1/CompilerIdC) by extensions ['colcon_pkg']
[1.264s] Level 1:colcon.colcon_core.package_identification:_identify(src/build/CMakeFiles/3.22.1/CompilerIdC) by extension 'colcon_pkg'
[1.264s] Level 1:colcon.colcon_core.package_identification:_identify(src/build/CMakeFiles/3.22.1/CompilerIdC) by extensions ['colcon_meta']
[1.264s] Level 1:colcon.colcon_core.package_identification:_identify(src/build/CMakeFiles/3.22.1/CompilerIdC) by extension 'colcon_meta'
[1.264s] Level 1:colcon.colcon_core.package_identification:_identify(src/build/CMakeFiles/3.22.1/CompilerIdC) by extensions ['ros']
[1.264s] Level 1:colcon.colcon_core.package_identification:_identify(src/build/CMakeFiles/3.22.1/CompilerIdC) by extension 'ros'
[1.264s] Level 1:colcon.colcon_core.package_identification:_identify(src/build/CMakeFiles/3.22.1/CompilerIdC) by extensions ['cmake', 'python']
[1.264s] Level 1:colcon.colcon_core.package_identification:_identify(src/build/CMakeFiles/3.22.1/CompilerIdC) by extension 'cmake'
[1.264s] Level 1:colcon.colcon_core.package_identification:_identify(src/build/CMakeFiles/3.22.1/CompilerIdC) by extension 'python'
[1.264s] Level 1:colcon.colcon_core.package_identification:_identify(src/build/CMakeFiles/3.22.1/CompilerIdC) by extensions ['python_setup_py']
[1.264s] Level 1:colcon.colcon_core.package_identification:_identify(src/build/CMakeFiles/3.22.1/CompilerIdC) by extension 'python_setup_py'
[1.264s] Level 1:colcon.colcon_core.package_identification:_identify(src/build/CMakeFiles/3.22.1/CompilerIdC/tmp) by extensions ['ignore', 'ignore_ament_install']
[1.264s] Level 1:colcon.colcon_core.package_identification:_identify(src/build/CMakeFiles/3.22.1/CompilerIdC/tmp) by extension 'ignore'
[1.264s] Level 1:colcon.colcon_core.package_identification:_identify(src/build/CMakeFiles/3.22.1/CompilerIdC/tmp) by extension 'ignore_ament_install'
[1.264s] Level 1:colcon.colcon_core.package_identification:_identify(src/build/CMakeFiles/3.22.1/CompilerIdC/tmp) by extensions ['colcon_pkg']
[1.264s] Level 1:colcon.colcon_core.package_identification:_identify(src/build/CMakeFiles/3.22.1/CompilerIdC/tmp) by extension 'colcon_pkg'
[1.264s] Level 1:colcon.colcon_core.package_identification:_identify(src/build/CMakeFiles/3.22.1/CompilerIdC/tmp) by extensions ['colcon_meta']
[1.264s] Level 1:colcon.colcon_core.package_identification:_identify(src/build/CMakeFiles/3.22.1/CompilerIdC/tmp) by extension 'colcon_meta'
[1.264s] Level 1:colcon.colcon_core.package_identification:_identify(src/build/CMakeFiles/3.22.1/CompilerIdC/tmp) by extensions ['ros']
[1.264s] Level 1:colcon.colcon_core.package_identification:_identify(src/build/CMakeFiles/3.22.1/CompilerIdC/tmp) by extension 'ros'
[1.265s] Level 1:colcon.colcon_core.package_identification:_identify(src/build/CMakeFiles/3.22.1/CompilerIdC/tmp) by extensions ['cmake', 'python']
[1.265s] Level 1:colcon.colcon_core.package_identification:_identify(src/build/CMakeFiles/3.22.1/CompilerIdC/tmp) by extension 'cmake'
[1.265s] Level 1:colcon.colcon_core.package_identification:_identify(src/build/CMakeFiles/3.22.1/CompilerIdC/tmp) by extension 'python'
[1.265s] Level 1:colcon.colcon_core.package_identification:_identify(src/build/CMakeFiles/3.22.1/CompilerIdC/tmp) by extensions ['python_setup_py']
[1.265s] Level 1:colcon.colcon_core.package_identification:_identify(src/build/CMakeFiles/3.22.1/CompilerIdC/tmp) by extension 'python_setup_py'
[1.265s] Level 1:colcon.colcon_core.package_identification:_identify(src/build/CMakeFiles/3.22.1/CompilerIdCXX) by extensions ['ignore', 'ignore_ament_install']
[1.265s] Level 1:colcon.colcon_core.package_identification:_identify(src/build/CMakeFiles/3.22.1/CompilerIdCXX) by extension 'ignore'
[1.265s] Level 1:colcon.colcon_core.package_identification:_identify(src/build/CMakeFiles/3.22.1/CompilerIdCXX) by extension 'ignore_ament_install'
[1.265s] Level 1:colcon.colcon_core.package_identification:_identify(src/build/CMakeFiles/3.22.1/CompilerIdCXX) by extensions ['colcon_pkg']
[1.265s] Level 1:colcon.colcon_core.package_identification:_identify(src/build/CMakeFiles/3.22.1/CompilerIdCXX) by extension 'colcon_pkg'
[1.265s] Level 1:colcon.colcon_core.package_identification:_identify(src/build/CMakeFiles/3.22.1/CompilerIdCXX) by extensions ['colcon_meta']
[1.265s] Level 1:colcon.colcon_core.package_identification:_identify(src/build/CMakeFiles/3.22.1/CompilerIdCXX) by extension 'colcon_meta'
[1.265s] Level 1:colcon.colcon_core.package_identification:_identify(src/build/CMakeFiles/3.22.1/CompilerIdCXX) by extensions ['ros']
[1.265s] Level 1:colcon.colcon_core.package_identification:_identify(src/build/CMakeFiles/3.22.1/CompilerIdCXX) by extension 'ros'
[1.265s] Level 1:colcon.colcon_core.package_identification:_identify(src/build/CMakeFiles/3.22.1/CompilerIdCXX) by extensions ['cmake', 'python']
[1.265s] Level 1:colcon.colcon_core.package_identification:_identify(src/build/CMakeFiles/3.22.1/CompilerIdCXX) by extension 'cmake'
[1.265s] Level 1:colcon.colcon_core.package_identification:_identify(src/build/CMakeFiles/3.22.1/CompilerIdCXX) by extension 'python'
[1.265s] Level 1:colcon.colcon_core.package_identification:_identify(src/build/CMakeFiles/3.22.1/CompilerIdCXX) by extensions ['python_setup_py']
[1.265s] Level 1:colcon.colcon_core.package_identification:_identify(src/build/CMakeFiles/3.22.1/CompilerIdCXX) by extension 'python_setup_py'
[1.266s] Level 1:colcon.colcon_core.package_identification:_identify(src/build/CMakeFiles/3.22.1/CompilerIdCXX/tmp) by extensions ['ignore', 'ignore_ament_install']
[1.266s] Level 1:colcon.colcon_core.package_identification:_identify(src/build/CMakeFiles/3.22.1/CompilerIdCXX/tmp) by extension 'ignore'
[1.266s] Level 1:colcon.colcon_core.package_identification:_identify(src/build/CMakeFiles/3.22.1/CompilerIdCXX/tmp) by extension 'ignore_ament_install'
[1.266s] Level 1:colcon.colcon_core.package_identification:_identify(src/build/CMakeFiles/3.22.1/CompilerIdCXX/tmp) by extensions ['colcon_pkg']
[1.266s] Level 1:colcon.colcon_core.package_identification:_identify(src/build/CMakeFiles/3.22.1/CompilerIdCXX/tmp) by extension 'colcon_pkg'
[1.266s] Level 1:colcon.colcon_core.package_identification:_identify(src/build/CMakeFiles/3.22.1/CompilerIdCXX/tmp) by extensions ['colcon_meta']
[1.266s] Level 1:colcon.colcon_core.package_identification:_identify(src/build/CMakeFiles/3.22.1/CompilerIdCXX/tmp) by extension 'colcon_meta'
[1.266s] Level 1:colcon.colcon_core.package_identification:_identify(src/build/CMakeFiles/3.22.1/CompilerIdCXX/tmp) by extensions ['ros']
[1.266s] Level 1:colcon.colcon_core.package_identification:_identify(src/build/CMakeFiles/3.22.1/CompilerIdCXX/tmp) by extension 'ros'
[1.266s] Level 1:colcon.colcon_core.package_identification:_identify(src/build/CMakeFiles/3.22.1/CompilerIdCXX/tmp) by extensions ['cmake', 'python']
[1.266s] Level 1:colcon.colcon_core.package_identification:_identify(src/build/CMakeFiles/3.22.1/CompilerIdCXX/tmp) by extension 'cmake'
[1.266s] Level 1:colcon.colcon_core.package_identification:_identify(src/build/CMakeFiles/3.22.1/CompilerIdCXX/tmp) by extension 'python'
[1.266s] Level 1:colcon.colcon_core.package_identification:_identify(src/build/CMakeFiles/3.22.1/CompilerIdCXX/tmp) by extensions ['python_setup_py']
[1.266s] Level 1:colcon.colcon_core.package_identification:_identify(src/build/CMakeFiles/3.22.1/CompilerIdCXX/tmp) by extension 'python_setup_py'
[1.266s] Level 1:colcon.colcon_core.package_identification:_identify(src/build/CMakeFiles/41068_ignition_bringup_uninstall.dir) by extensions ['ignore', 'ignore_ament_install']
[1.266s] Level 1:colcon.colcon_core.package_identification:_identify(src/build/CMakeFiles/41068_ignition_bringup_uninstall.dir) by extension 'ignore'
[1.266s] Level 1:colcon.colcon_core.package_identification:_identify(src/build/CMakeFiles/41068_ignition_bringup_uninstall.dir) by extension 'ignore_ament_install'
[1.267s] Level 1:colcon.colcon_core.package_identification:_identify(src/build/CMakeFiles/41068_ignition_bringup_uninstall.dir) by extensions ['colcon_pkg']
[1.267s] Level 1:colcon.colcon_core.package_identification:_identify(src/build/CMakeFiles/41068_ignition_bringup_uninstall.dir) by extension 'colcon_pkg'
[1.267s] Level 1:colcon.colcon_core.package_identification:_identify(src/build/CMakeFiles/41068_ignition_bringup_uninstall.dir) by extensions ['colcon_meta']
[1.267s] Level 1:colcon.colcon_core.package_identification:_identify(src/build/CMakeFiles/41068_ignition_bringup_uninstall.dir) by extension 'colcon_meta'
[1.267s] Level 1:colcon.colcon_core.package_identification:_identify(src/build/CMakeFiles/41068_ignition_bringup_uninstall.dir) by extensions ['ros']
[1.267s] Level 1:colcon.colcon_core.package_identification:_identify(src/build/CMakeFiles/41068_ignition_bringup_uninstall.dir) by extension 'ros'
[1.267s] Level 1:colcon.colcon_core.package_identification:_identify(src/build/CMakeFiles/41068_ignition_bringup_uninstall.dir) by extensions ['cmake', 'python']
[1.267s] Level 1:colcon.colcon_core.package_identification:_identify(src/build/CMakeFiles/41068_ignition_bringup_uninstall.dir) by extension 'cmake'
[1.267s] Level 1:colcon.colcon_core.package_identification:_identify(src/build/CMakeFiles/41068_ignition_bringup_uninstall.dir) by extension 'python'
[1.267s] Level 1:colcon.colcon_core.package_identification:_identify(src/build/CMakeFiles/41068_ignition_bringup_uninstall.dir) by extensions ['python_setup_py']
[1.267s] Level 1:colcon.colcon_core.package_identification:_identify(src/build/CMakeFiles/41068_ignition_bringup_uninstall.dir) by extension 'python_setup_py'
[1.267s] Level 1:colcon.colcon_core.package_identification:_identify(src/build/CMakeFiles/CMakeTmp) by extensions ['ignore', 'ignore_ament_install']
[1.267s] Level 1:colcon.colcon_core.package_identification:_identify(src/build/CMakeFiles/CMakeTmp) by extension 'ignore'
[1.267s] Level 1:colcon.colcon_core.package_identification:_identify(src/build/CMakeFiles/CMakeTmp) by extension 'ignore_ament_install'
[1.267s] Level 1:colcon.colcon_core.package_identification:_identify(src/build/CMakeFiles/CMakeTmp) by extensions ['colcon_pkg']
[1.267s] Level 1:colcon.colcon_core.package_identification:_identify(src/build/CMakeFiles/CMakeTmp) by extension 'colcon_pkg'
[1.267s] Level 1:colcon.colcon_core.package_identification:_identify(src/build/CMakeFiles/CMakeTmp) by extensions ['colcon_meta']
[1.267s] Level 1:colcon.colcon_core.package_identification:_identify(src/build/CMakeFiles/CMakeTmp) by extension 'colcon_meta'
[1.267s] Level 1:colcon.colcon_core.package_identification:_identify(src/build/CMakeFiles/CMakeTmp) by extensions ['ros']
[1.267s] Level 1:colcon.colcon_core.package_identification:_identify(src/build/CMakeFiles/CMakeTmp) by extension 'ros'
[1.267s] Level 1:colcon.colcon_core.package_identification:_identify(src/build/CMakeFiles/CMakeTmp) by extensions ['cmake', 'python']
[1.268s] Level 1:colcon.colcon_core.package_identification:_identify(src/build/CMakeFiles/CMakeTmp) by extension 'cmake'
[1.268s] Level 1:colcon.colcon_core.package_identification:_identify(src/build/CMakeFiles/CMakeTmp) by extension 'python'
[1.268s] Level 1:colcon.colcon_core.package_identification:_identify(src/build/CMakeFiles/CMakeTmp) by extensions ['python_setup_py']
[1.268s] Level 1:colcon.colcon_core.package_identification:_identify(src/build/CMakeFiles/CMakeTmp) by extension 'python_setup_py'
[1.268s] Level 1:colcon.colcon_core.package_identification:_identify(src/build/CMakeFiles/uninstall.dir) by extensions ['ignore', 'ignore_ament_install']
[1.268s] Level 1:colcon.colcon_core.package_identification:_identify(src/build/CMakeFiles/uninstall.dir) by extension 'ignore'
[1.268s] Level 1:colcon.colcon_core.package_identification:_identify(src/build/CMakeFiles/uninstall.dir) by extension 'ignore_ament_install'
[1.268s] Level 1:colcon.colcon_core.package_identification:_identify(src/build/CMakeFiles/uninstall.dir) by extensions ['colcon_pkg']
[1.268s] Level 1:colcon.colcon_core.package_identification:_identify(src/build/CMakeFiles/uninstall.dir) by extension 'colcon_pkg'
[1.268s] Level 1:colcon.colcon_core.package_identification:_identify(src/build/CMakeFiles/uninstall.dir) by extensions ['colcon_meta']
[1.268s] Level 1:colcon.colcon_core.package_identification:_identify(src/build/CMakeFiles/uninstall.dir) by extension 'colcon_meta'
[1.268s] Level 1:colcon.colcon_core.package_identification:_identify(src/build/CMakeFiles/uninstall.dir) by extensions ['ros']
[1.268s] Level 1:colcon.colcon_core.package_identification:_identify(src/build/CMakeFiles/uninstall.dir) by extension 'ros'
[1.268s] Level 1:colcon.colcon_core.package_identification:_identify(src/build/CMakeFiles/uninstall.dir) by extensions ['cmake', 'python']
[1.268s] Level 1:colcon.colcon_core.package_identification:_identify(src/build/CMakeFiles/uninstall.dir) by extension 'cmake'
[1.268s] Level 1:colcon.colcon_core.package_identification:_identify(src/build/CMakeFiles/uninstall.dir) by extension 'python'
[1.268s] Level 1:colcon.colcon_core.package_identification:_identify(src/build/CMakeFiles/uninstall.dir) by extensions ['python_setup_py']
[1.268s] Level 1:colcon.colcon_core.package_identification:_identify(src/build/CMakeFiles/uninstall.dir) by extension 'python_setup_py'
[1.268s] Level 1:colcon.colcon_core.package_identification:_identify(src/build/Testing) by extensions ['ignore', 'ignore_ament_install']
[1.268s] Level 1:colcon.colcon_core.package_identification:_identify(src/build/Testing) by extension 'ignore'
[1.268s] Level 1:colcon.colcon_core.package_identification:_identify(src/build/Testing) by extension 'ignore_ament_install'
[1.268s] Level 1:colcon.colcon_core.package_identification:_identify(src/build/Testing) by extensions ['colcon_pkg']
[1.268s] Level 1:colcon.colcon_core.package_identification:_identify(src/build/Testing) by extension 'colcon_pkg'
[1.268s] Level 1:colcon.colcon_core.package_identification:_identify(src/build/Testing) by extensions ['colcon_meta']
[1.269s] Level 1:colcon.colcon_core.package_identification:_identify(src/build/Testing) by extension 'colcon_meta'
[1.269s] Level 1:colcon.colcon_core.package_identification:_identify(src/build/Testing) by extensions ['ros']
[1.269s] Level 1:colcon.colcon_core.package_identification:_identify(src/build/Testing) by extension 'ros'
[1.269s] Level 1:colcon.colcon_core.package_identification:_identify(src/build/Testing) by extensions ['cmake', 'python']
[1.269s] Level 1:colcon.colcon_core.package_identification:_identify(src/build/Testing) by extension 'cmake'
[1.269s] Level 1:colcon.colcon_core.package_identification:_identify(src/build/Testing) by extension 'python'
[1.269s] Level 1:colcon.colcon_core.package_identification:_identify(src/build/Testing) by extensions ['python_setup_py']
[1.269s] Level 1:colcon.colcon_core.package_identification:_identify(src/build/Testing) by extension 'python_setup_py'
[1.269s] Level 1:colcon.colcon_core.package_identification:_identify(src/build/Testing/20260817-2301) by extensions ['ignore', 'ignore_ament_install']
[1.269s] Level 1:colcon.colcon_core.package_identification:_identify(src/build/Testing/20260817-2301) by extension 'ignore'
[1.269s] Level 1:colcon.colcon_core.package_identification:_identify(src/build/Testing/20260817-2301) by extension 'ignore_ament_install'
[1.269s] Level 1:colcon.colcon_core.package_identification:_identify(src/build/Testing/20260817-2301) by extensions ['colcon_pkg']
[1.269s] Level 1:colcon.colcon_core.package_identification:_identify(src/build/Testing/20260817-2301) by extension 'colcon_pkg'
[1.269s] Level 1:colcon.colcon_core.package_identification:_identify(src/build/Testing/20260817-2301) by extensions ['colcon_meta']
[1.269s] Level 1:colcon.colcon_core.package_identification:_identify(src/build/Testing/20260817-2301) by extension 'colcon_meta'
[1.269s] Level 1:colcon.colcon_core.package_identification:_identify(src/build/Testing/20260817-2301) by extensions ['ros']
[1.269s] Level 1:colcon.colcon_core.package_identification:_identify(src/build/Testing/20260817-2301) by extension 'ros'
[1.270s] Level 1:colcon.colcon_core.package_identification:_identify(src/build/Testing/20260817-2301) by extensions ['cmake', 'python']
[1.270s] Level 1:colcon.colcon_core.package_identification:_identify(src/build/Testing/20260817-2301) by extension 'cmake'
[1.270s] Level 1:colcon.colcon_core.package_identification:_identify(src/build/Testing/20260817-2301) by extension 'python'
[1.270s] Level 1:colcon.colcon_core.package_identification:_identify(src/build/Testing/20260817-2301) by extensions ['python_setup_py']
[1.270s] Level 1:colcon.colcon_core.package_identification:_identify(src/build/Testing/20260817-2301) by extension 'python_setup_py'
[1.270s] Level 1:colcon.colcon_core.package_identification:_identify(src/build/Testing/Temporary) by extensions ['ignore', 'ignore_ament_install']
[1.270s] Level 1:colcon.colcon_core.package_identification:_identify(src/build/Testing/Temporary) by extension 'ignore'
[1.270s] Level 1:colcon.colcon_core.package_identification:_identify(src/build/Testing/Temporary) by extension 'ignore_ament_install'
[1.270s] Level 1:colcon.colcon_core.package_identification:_identify(src/build/Testing/Temporary) by extensions ['colcon_pkg']
[1.270s] Level 1:colcon.colcon_core.package_identification:_identify(src/build/Testing/Temporary) by extension 'colcon_pkg'
[1.270s] Level 1:colcon.colcon_core.package_identification:_identify(src/build/Testing/Temporary) by extensions ['colcon_meta']
[1.270s] Level 1:colcon.colcon_core.package_identification:_identify(src/build/Testing/Temporary) by extension 'colcon_meta'
[1.270s] Level 1:colcon.colcon_core.package_identification:_identify(src/build/Testing/Temporary) by extensions ['ros']
[1.270s] Level 1:colcon.colcon_core.package_identification:_identify(src/build/Testing/Temporary) by extension 'ros'
[1.271s] Level 1:colcon.colcon_core.package_identification:_identify(src/build/Testing/Temporary) by extensions ['cmake', 'python']
[1.271s] Level 1:colcon.colcon_core.package_identification:_identify(src/build/Testing/Temporary) by extension 'cmake'
[1.271s] Level 1:colcon.colcon_core.package_identification:_identify(src/build/Testing/Temporary) by extension 'python'
[1.271s] Level 1:colcon.colcon_core.package_identification:_identify(src/build/Testing/Temporary) by extensions ['python_setup_py']
[1.271s] Level 1:colcon.colcon_core.package_identification:_identify(src/build/Testing/Temporary) by extension 'python_setup_py'
[1.271s] Level 1:colcon.colcon_core.package_identification:_identify(src/build/ament_cmake_core) by extensions ['ignore', 'ignore_ament_install']
[1.271s] Level 1:colcon.colcon_core.package_identification:_identify(src/build/ament_cmake_core) by extension 'ignore'
[1.271s] Level 1:colcon.colcon_core.package_identification:_identify(src/build/ament_cmake_core) by extension 'ignore_ament_install'
[1.271s] Level 1:colcon.colcon_core.package_identification:_identify(src/build/ament_cmake_core) by extensions ['colcon_pkg']
[1.271s] Level 1:colcon.colcon_core.package_identification:_identify(src/build/ament_cmake_core) by extension 'colcon_pkg'
[1.271s] Level 1:colcon.colcon_core.package_identification:_identify(src/build/ament_cmake_core) by extensions ['colcon_meta']
[1.271s] Level 1:colcon.colcon_core.package_identification:_identify(src/build/ament_cmake_core) by extension 'colcon_meta'
[1.271s] Level 1:colcon.colcon_core.package_identification:_identify(src/build/ament_cmake_core) by extensions ['ros']
[1.271s] Level 1:colcon.colcon_core.package_identification:_identify(src/build/ament_cmake_core) by extension 'ros'
[1.271s] Level 1:colcon.colcon_core.package_identification:_identify(src/build/ament_cmake_core) by extensions ['cmake', 'python']
[1.271s] Level 1:colcon.colcon_core.package_identification:_identify(src/build/ament_cmake_core) by extension 'cmake'
[1.271s] Level 1:colcon.colcon_core.package_identification:_identify(src/build/ament_cmake_core) by extension 'python'
[1.272s] Level 1:colcon.colcon_core.package_identification:_identify(src/build/ament_cmake_core) by extensions ['python_setup_py']
[1.272s] Level 1:colcon.colcon_core.package_identification:_identify(src/build/ament_cmake_core) by extension 'python_setup_py'
[1.272s] Level 1:colcon.colcon_core.package_identification:_identify(src/build/ament_cmake_core/stamps) by extensions ['ignore', 'ignore_ament_install']
[1.272s] Level 1:colcon.colcon_core.package_identification:_identify(src/build/ament_cmake_core/stamps) by extension 'ignore'
[1.272s] Level 1:colcon.colcon_core.package_identification:_identify(src/build/ament_cmake_core/stamps) by extension 'ignore_ament_install'
[1.272s] Level 1:colcon.colcon_core.package_identification:_identify(src/build/ament_cmake_core/stamps) by extensions ['colcon_pkg']
[1.272s] Level 1:colcon.colcon_core.package_identification:_identify(src/build/ament_cmake_core/stamps) by extension 'colcon_pkg'
[1.272s] Level 1:colcon.colcon_core.package_identification:_identify(src/build/ament_cmake_core/stamps) by extensions ['colcon_meta']
[1.272s] Level 1:colcon.colcon_core.package_identification:_identify(src/build/ament_cmake_core/stamps) by extension 'colcon_meta'
[1.272s] Level 1:colcon.colcon_core.package_identification:_identify(src/build/ament_cmake_core/stamps) by extensions ['ros']
[1.272s] Level 1:colcon.colcon_core.package_identification:_identify(src/build/ament_cmake_core/stamps) by extension 'ros'
[1.272s] Level 1:colcon.colcon_core.package_identification:_identify(src/build/ament_cmake_core/stamps) by extensions ['cmake', 'python']
[1.272s] Level 1:colcon.colcon_core.package_identification:_identify(src/build/ament_cmake_core/stamps) by extension 'cmake'
[1.272s] Level 1:colcon.colcon_core.package_identification:_identify(src/build/ament_cmake_core/stamps) by extension 'python'
[1.272s] Level 1:colcon.colcon_core.package_identification:_identify(src/build/ament_cmake_core/stamps) by extensions ['python_setup_py']
[1.272s] Level 1:colcon.colcon_core.package_identification:_identify(src/build/ament_cmake_core/stamps) by extension 'python_setup_py'
[1.272s] Level 1:colcon.colcon_core.package_identification:_identify(src/build/ament_cmake_environment_hooks) by extensions ['ignore', 'ignore_ament_install']
[1.272s] Level 1:colcon.colcon_core.package_identification:_identify(src/build/ament_cmake_environment_hooks) by extension 'ignore'
[1.272s] Level 1:colcon.colcon_core.package_identification:_identify(src/build/ament_cmake_environment_hooks) by extension 'ignore_ament_install'
[1.273s] Level 1:colcon.colcon_core.package_identification:_identify(src/build/ament_cmake_environment_hooks) by extensions ['colcon_pkg']
[1.273s] Level 1:colcon.colcon_core.package_identification:_identify(src/build/ament_cmake_environment_hooks) by extension 'colcon_pkg'
[1.273s] Level 1:colcon.colcon_core.package_identification:_identify(src/build/ament_cmake_environment_hooks) by extensions ['colcon_meta']
[1.273s] Level 1:colcon.colcon_core.package_identification:_identify(src/build/ament_cmake_environment_hooks) by extension 'colcon_meta'
[1.273s] Level 1:colcon.colcon_core.package_identification:_identify(src/build/ament_cmake_environment_hooks) by extensions ['ros']
[1.273s] Level 1:colcon.colcon_core.package_identification:_identify(src/build/ament_cmake_environment_hooks) by extension 'ros'
[1.273s] Level 1:colcon.colcon_core.package_identification:_identify(src/build/ament_cmake_environment_hooks) by extensions ['cmake', 'python']
[1.273s] Level 1:colcon.colcon_core.package_identification:_identify(src/build/ament_cmake_environment_hooks) by extension 'cmake'
[1.273s] Level 1:colcon.colcon_core.package_identification:_identify(src/build/ament_cmake_environment_hooks) by extension 'python'
[1.273s] Level 1:colcon.colcon_core.package_identification:_identify(src/build/ament_cmake_environment_hooks) by extensions ['python_setup_py']
[1.273s] Level 1:colcon.colcon_core.package_identification:_identify(src/build/ament_cmake_environment_hooks) by extension 'python_setup_py'
[1.273s] Level 1:colcon.colcon_core.package_identification:_identify(src/build/ament_cmake_index) by extensions ['ignore', 'ignore_ament_install']
[1.273s] Level 1:colcon.colcon_core.package_identification:_identify(src/build/ament_cmake_index) by extension 'ignore'
[1.273s] Level 1:colcon.colcon_core.package_identification:_identify(src/build/ament_cmake_index) by extension 'ignore_ament_install'
[1.273s] Level 1:colcon.colcon_core.package_identification:_identify(src/build/ament_cmake_index) by extensions ['colcon_pkg']
[1.273s] Level 1:colcon.colcon_core.package_identification:_identify(src/build/ament_cmake_index) by extension 'colcon_pkg'
[1.274s] Level 1:colcon.colcon_core.package_identification:_identify(src/build/ament_cmake_index) by extensions ['colcon_meta']
[1.274s] Level 1:colcon.colcon_core.package_identification:_identify(src/build/ament_cmake_index) by extension 'colcon_meta'
[1.274s] Level 1:colcon.colcon_core.package_identification:_identify(src/build/ament_cmake_index) by extensions ['ros']
[1.274s] Level 1:colcon.colcon_core.package_identification:_identify(src/build/ament_cmake_index) by extension 'ros'
[1.274s] Level 1:colcon.colcon_core.package_identification:_identify(src/build/ament_cmake_index) by extensions ['cmake', 'python']
[1.274s] Level 1:colcon.colcon_core.package_identification:_identify(src/build/ament_cmake_index) by extension 'cmake'
[1.274s] Level 1:colcon.colcon_core.package_identification:_identify(src/build/ament_cmake_index) by extension 'python'
[1.274s] Level 1:colcon.colcon_core.package_identification:_identify(src/build/ament_cmake_index) by extensions ['python_setup_py']
[1.274s] Level 1:colcon.colcon_core.package_identification:_identify(src/build/ament_cmake_index) by extension 'python_setup_py'
[1.274s] Level 1:colcon.colcon_core.package_identification:_identify(src/build/ament_cmake_index/share) by extensions ['ignore', 'ignore_ament_install']
[1.274s] Level 1:colcon.colcon_core.package_identification:_identify(src/build/ament_cmake_index/share) by extension 'ignore'
[1.274s] Level 1:colcon.colcon_core.package_identification:_identify(src/build/ament_cmake_index/share) by extension 'ignore_ament_install'
[1.274s] Level 1:colcon.colcon_core.package_identification:_identify(src/build/ament_cmake_index/share) by extensions ['colcon_pkg']
[1.274s] Level 1:colcon.colcon_core.package_identification:_identify(src/build/ament_cmake_index/share) by extension 'colcon_pkg'
[1.274s] Level 1:colcon.colcon_core.package_identification:_identify(src/build/ament_cmake_index/share) by extensions ['colcon_meta']
[1.274s] Level 1:colcon.colcon_core.package_identification:_identify(src/build/ament_cmake_index/share) by extension 'colcon_meta'
[1.274s] Level 1:colcon.colcon_core.package_identification:_identify(src/build/ament_cmake_index/share) by extensions ['ros']
[1.274s] Level 1:colcon.colcon_core.package_identification:_identify(src/build/ament_cmake_index/share) by extension 'ros'
[1.275s] Level 1:colcon.colcon_core.package_identification:_identify(src/build/ament_cmake_index/share) by extensions ['cmake', 'python']
[1.275s] Level 1:colcon.colcon_core.package_identification:_identify(src/build/ament_cmake_index/share) by extension 'cmake'
[1.275s] Level 1:colcon.colcon_core.package_identification:_identify(src/build/ament_cmake_index/share) by extension 'python'
[1.275s] Level 1:colcon.colcon_core.package_identification:_identify(src/build/ament_cmake_index/share) by extensions ['python_setup_py']
[1.275s] Level 1:colcon.colcon_core.package_identification:_identify(src/build/ament_cmake_index/share) by extension 'python_setup_py'
[1.275s] Level 1:colcon.colcon_core.package_identification:_identify(src/build/ament_cmake_index/share/ament_index) by extensions ['ignore', 'ignore_ament_install']
[1.275s] Level 1:colcon.colcon_core.package_identification:_identify(src/build/ament_cmake_index/share/ament_index) by extension 'ignore'
[1.275s] Level 1:colcon.colcon_core.package_identification:_identify(src/build/ament_cmake_index/share/ament_index) by extension 'ignore_ament_install'
[1.275s] Level 1:colcon.colcon_core.package_identification:_identify(src/build/ament_cmake_index/share/ament_index) by extensions ['colcon_pkg']
[1.275s] Level 1:colcon.colcon_core.package_identification:_identify(src/build/ament_cmake_index/share/ament_index) by extension 'colcon_pkg'
[1.275s] Level 1:colcon.colcon_core.package_identification:_identify(src/build/ament_cmake_index/share/ament_index) by extensions ['colcon_meta']
[1.275s] Level 1:colcon.colcon_core.package_identification:_identify(src/build/ament_cmake_index/share/ament_index) by extension 'colcon_meta'
[1.275s] Level 1:colcon.colcon_core.package_identification:_identify(src/build/ament_cmake_index/share/ament_index) by extensions ['ros']
[1.275s] Level 1:colcon.colcon_core.package_identification:_identify(src/build/ament_cmake_index/share/ament_index) by extension 'ros'
[1.275s] Level 1:colcon.colcon_core.package_identification:_identify(src/build/ament_cmake_index/share/ament_index) by extensions ['cmake', 'python']
[1.276s] Level 1:colcon.colcon_core.package_identification:_identify(src/build/ament_cmake_index/share/ament_index) by extension 'cmake'
[1.276s] Level 1:colcon.colcon_core.package_identification:_identify(src/build/ament_cmake_index/share/ament_index) by extension 'python'
[1.276s] Level 1:colcon.colcon_core.package_identification:_identify(src/build/ament_cmake_index/share/ament_index) by extensions ['python_setup_py']
[1.276s] Level 1:colcon.colcon_core.package_identification:_identify(src/build/ament_cmake_index/share/ament_index) by extension 'python_setup_py'
[1.276s] Level 1:colcon.colcon_core.package_identification:_identify(src/build/ament_cmake_index/share/ament_index/resource_index) by extensions ['ignore', 'ignore_ament_install']
[1.276s] Level 1:colcon.colcon_core.package_identification:_identify(src/build/ament_cmake_index/share/ament_index/resource_index) by extension 'ignore'
[1.276s] Level 1:colcon.colcon_core.package_identification:_identify(src/build/ament_cmake_index/share/ament_index/resource_index) by extension 'ignore_ament_install'
[1.276s] Level 1:colcon.colcon_core.package_identification:_identify(src/build/ament_cmake_index/share/ament_index/resource_index) by extensions ['colcon_pkg']
[1.276s] Level 1:colcon.colcon_core.package_identification:_identify(src/build/ament_cmake_index/share/ament_index/resource_index) by extension 'colcon_pkg'
[1.276s] Level 1:colcon.colcon_core.package_identification:_identify(src/build/ament_cmake_index/share/ament_index/resource_index) by extensions ['colcon_meta']
[1.276s] Level 1:colcon.colcon_core.package_identification:_identify(src/build/ament_cmake_index/share/ament_index/resource_index) by extension 'colcon_meta'
[1.276s] Level 1:colcon.colcon_core.package_identification:_identify(src/build/ament_cmake_index/share/ament_index/resource_index) by extensions ['ros']
[1.276s] Level 1:colcon.colcon_core.package_identification:_identify(src/build/ament_cmake_index/share/ament_index/resource_index) by extension 'ros'
[1.277s] Level 1:colcon.colcon_core.package_identification:_identify(src/build/ament_cmake_index/share/ament_index/resource_index) by extensions ['cmake', 'python']
[1.277s] Level 1:colcon.colcon_core.package_identification:_identify(src/build/ament_cmake_index/share/ament_index/resource_index) by extension 'cmake'
[1.277s] Level 1:colcon.colcon_core.package_identification:_identify(src/build/ament_cmake_index/share/ament_index/resource_index) by extension 'python'
[1.277s] Level 1:colcon.colcon_core.package_identification:_identify(src/build/ament_cmake_index/share/ament_index/resource_index) by extensions ['python_setup_py']
[1.277s] Level 1:colcon.colcon_core.package_identification:_identify(src/build/ament_cmake_index/share/ament_index/resource_index) by extension 'python_setup_py'
[1.277s] Level 1:colcon.colcon_core.package_identification:_identify(src/build/ament_cmake_index/share/ament_index/resource_index/package_run_dependencies) by extensions ['ignore', 'ignore_ament_install']
[1.277s] Level 1:colcon.colcon_core.package_identification:_identify(src/build/ament_cmake_index/share/ament_index/resource_index/package_run_dependencies) by extension 'ignore'
[1.277s] Level 1:colcon.colcon_core.package_identification:_identify(src/build/ament_cmake_index/share/ament_index/resource_index/package_run_dependencies) by extension 'ignore_ament_install'
[1.277s] Level 1:colcon.colcon_core.package_identification:_identify(src/build/ament_cmake_index/share/ament_index/resource_index/package_run_dependencies) by extensions ['colcon_pkg']
[1.277s] Level 1:colcon.colcon_core.package_identification:_identify(src/build/ament_cmake_index/share/ament_index/resource_index/package_run_dependencies) by extension 'colcon_pkg'
[1.277s] Level 1:colcon.colcon_core.package_identification:_identify(src/build/ament_cmake_index/share/ament_index/resource_index/package_run_dependencies) by extensions ['colcon_meta']
[1.277s] Level 1:colcon.colcon_core.package_identification:_identify(src/build/ament_cmake_index/share/ament_index/resource_index/package_run_dependencies) by extension 'colcon_meta'
[1.278s] Level 1:colcon.colcon_core.package_identification:_identify(src/build/ament_cmake_index/share/ament_index/resource_index/package_run_dependencies) by extensions ['ros']
[1.278s] Level 1:colcon.colcon_core.package_identification:_identify(src/build/ament_cmake_index/share/ament_index/resource_index/package_run_dependencies) by extension 'ros'
[1.278s] Level 1:colcon.colcon_core.package_identification:_identify(src/build/ament_cmake_index/share/ament_index/resource_index/package_run_dependencies) by extensions ['cmake', 'python']
[1.278s] Level 1:colcon.colcon_core.package_identification:_identify(src/build/ament_cmake_index/share/ament_index/resource_index/package_run_dependencies) by extension 'cmake'
[1.278s] Level 1:colcon.colcon_core.package_identification:_identify(src/build/ament_cmake_index/share/ament_index/resource_index/package_run_dependencies) by extension 'python'
[1.278s] Level 1:colcon.colcon_core.package_identification:_identify(src/build/ament_cmake_index/share/ament_index/resource_index/package_run_dependencies) by extensions ['python_setup_py']
[1.278s] Level 1:colcon.colcon_core.package_identification:_identify(src/build/ament_cmake_index/share/ament_index/resource_index/package_run_dependencies) by extension 'python_setup_py'
[1.278s] Level 1:colcon.colcon_core.package_identification:_identify(src/build/ament_cmake_index/share/ament_index/resource_index/packages) by extensions ['ignore', 'ignore_ament_install']
[1.278s] Level 1:colcon.colcon_core.package_identification:_identify(src/build/ament_cmake_index/share/ament_index/resource_index/packages) by extension 'ignore'
[1.278s] Level 1:colcon.colcon_core.package_identification:_identify(src/build/ament_cmake_index/share/ament_index/resource_index/packages) by extension 'ignore_ament_install'
[1.278s] Level 1:colcon.colcon_core.package_identification:_identify(src/build/ament_cmake_index/share/ament_index/resource_index/packages) by extensions ['colcon_pkg']
[1.278s] Level 1:colcon.colcon_core.package_identification:_identify(src/build/ament_cmake_index/share/ament_index/resource_index/packages) by extension 'colcon_pkg'
[1.278s] Level 1:colcon.colcon_core.package_identification:_identify(src/build/ament_cmake_index/share/ament_index/resource_index/packages) by extensions ['colcon_meta']
[1.278s] Level 1:colcon.colcon_core.package_identification:_identify(src/build/ament_cmake_index/share/ament_index/resource_index/packages) by extension 'colcon_meta'
[1.278s] Level 1:colcon.colcon_core.package_identification:_identify(src/build/ament_cmake_index/share/ament_index/resource_index/packages) by extensions ['ros']
[1.278s] Level 1:colcon.colcon_core.package_identification:_identify(src/build/ament_cmake_index/share/ament_index/resource_index/packages) by extension 'ros'
[1.279s] Level 1:colcon.colcon_core.package_identification:_identify(src/build/ament_cmake_index/share/ament_index/resource_index/packages) by extensions ['cmake', 'python']
[1.279s] Level 1:colcon.colcon_core.package_identification:_identify(src/build/ament_cmake_index/share/ament_index/resource_index/packages) by extension 'cmake'
[1.279s] Level 1:colcon.colcon_core.package_identification:_identify(src/build/ament_cmake_index/share/ament_index/resource_index/packages) by extension 'python'
[1.279s] Level 1:colcon.colcon_core.package_identification:_identify(src/build/ament_cmake_index/share/ament_index/resource_index/packages) by extensions ['python_setup_py']
[1.279s] Level 1:colcon.colcon_core.package_identification:_identify(src/build/ament_cmake_index/share/ament_index/resource_index/packages) by extension 'python_setup_py'
[1.279s] Level 1:colcon.colcon_core.package_identification:_identify(src/build/ament_cmake_index/share/ament_index/resource_index/parent_prefix_path) by extensions ['ignore', 'ignore_ament_install']
[1.279s] Level 1:colcon.colcon_core.package_identification:_identify(src/build/ament_cmake_index/share/ament_index/resource_index/parent_prefix_path) by extension 'ignore'
[1.279s] Level 1:colcon.colcon_core.package_identification:_identify(src/build/ament_cmake_index/share/ament_index/resource_index/parent_prefix_path) by extension 'ignore_ament_install'
[1.279s] Level 1:colcon.colcon_core.package_identification:_identify(src/build/ament_cmake_index/share/ament_index/resource_index/parent_prefix_path) by extensions ['colcon_pkg']
[1.279s] Level 1:colcon.colcon_core.package_identification:_identify(src/build/ament_cmake_index/share/ament_index/resource_index/parent_prefix_path) by extension 'colcon_pkg'
[1.279s] Level 1:colcon.colcon_core.package_identification:_identify(src/build/ament_cmake_index/share/ament_index/resource_index/parent_prefix_path) by extensions ['colcon_meta']
[1.279s] Level 1:colcon.colcon_core.package_identification:_identify(src/build/ament_cmake_index/share/ament_index/resource_index/parent_prefix_path) by extension 'colcon_meta'
[1.279s] Level 1:colcon.colcon_core.package_identification:_identify(src/build/ament_cmake_index/share/ament_index/resource_index/parent_prefix_path) by extensions ['ros']
[1.279s] Level 1:colcon.colcon_core.package_identification:_identify(src/build/ament_cmake_index/share/ament_index/resource_index/parent_prefix_path) by extension 'ros'
[1.279s] Level 1:colcon.colcon_core.package_identification:_identify(src/build/ament_cmake_index/share/ament_index/resource_index/parent_prefix_path) by extensions ['cmake', 'python']
[1.279s] Level 1:colcon.colcon_core.package_identification:_identify(src/build/ament_cmake_index/share/ament_index/resource_index/parent_prefix_path) by extension 'cmake'
[1.279s] Level 1:colcon.colcon_core.package_identification:_identify(src/build/ament_cmake_index/share/ament_index/resource_index/parent_prefix_path) by extension 'python'
[1.280s] Level 1:colcon.colcon_core.package_identification:_identify(src/build/ament_cmake_index/share/ament_index/resource_index/parent_prefix_path) by extensions ['python_setup_py']
[1.280s] Level 1:colcon.colcon_core.package_identification:_identify(src/build/ament_cmake_index/share/ament_index/resource_index/parent_prefix_path) by extension 'python_setup_py'
[1.280s] Level 1:colcon.colcon_core.package_identification:_identify(src/build/ament_cmake_package_templates) by extensions ['ignore', 'ignore_ament_install']
[1.280s] Level 1:colcon.colcon_core.package_identification:_identify(src/build/ament_cmake_package_templates) by extension 'ignore'
[1.280s] Level 1:colcon.colcon_core.package_identification:_identify(src/build/ament_cmake_package_templates) by extension 'ignore_ament_install'
[1.280s] Level 1:colcon.colcon_core.package_identification:_identify(src/build/ament_cmake_package_templates) by extensions ['colcon_pkg']
[1.280s] Level 1:colcon.colcon_core.package_identification:_identify(src/build/ament_cmake_package_templates) by extension 'colcon_pkg'
[1.280s] Level 1:colcon.colcon_core.package_identification:_identify(src/build/ament_cmake_package_templates) by extensions ['colcon_meta']
[1.280s] Level 1:colcon.colcon_core.package_identification:_identify(src/build/ament_cmake_package_templates) by extension 'colcon_meta'
[1.280s] Level 1:colcon.colcon_core.package_identification:_identify(src/build/ament_cmake_package_templates) by extensions ['ros']
[1.280s] Level 1:colcon.colcon_core.package_identification:_identify(src/build/ament_cmake_package_templates) by extension 'ros'
[1.280s] Level 1:colcon.colcon_core.package_identification:_identify(src/build/ament_cmake_package_templates) by extensions ['cmake', 'python']
[1.280s] Level 1:colcon.colcon_core.package_identification:_identify(src/build/ament_cmake_package_templates) by extension 'cmake'
[1.280s] Level 1:colcon.colcon_core.package_identification:_identify(src/build/ament_cmake_package_templates) by extension 'python'
[1.280s] Level 1:colcon.colcon_core.package_identification:_identify(src/build/ament_cmake_package_templates) by extensions ['python_setup_py']
[1.280s] Level 1:colcon.colcon_core.package_identification:_identify(src/build/ament_cmake_package_templates) by extension 'python_setup_py'
[1.280s] Level 1:colcon.colcon_core.package_identification:_identify(src/build/ament_cmake_uninstall_target) by extensions ['ignore', 'ignore_ament_install']
[1.281s] Level 1:colcon.colcon_core.package_identification:_identify(src/build/ament_cmake_uninstall_target) by extension 'ignore'
[1.281s] Level 1:colcon.colcon_core.package_identification:_identify(src/build/ament_cmake_uninstall_target) by extension 'ignore_ament_install'
[1.281s] Level 1:colcon.colcon_core.package_identification:_identify(src/build/ament_cmake_uninstall_target) by extensions ['colcon_pkg']
[1.281s] Level 1:colcon.colcon_core.package_identification:_identify(src/build/ament_cmake_uninstall_target) by extension 'colcon_pkg'
[1.281s] Level 1:colcon.colcon_core.package_identification:_identify(src/build/ament_cmake_uninstall_target) by extensions ['colcon_meta']
[1.281s] Level 1:colcon.colcon_core.package_identification:_identify(src/build/ament_cmake_uninstall_target) by extension 'colcon_meta'
[1.281s] Level 1:colcon.colcon_core.package_identification:_identify(src/build/ament_cmake_uninstall_target) by extensions ['ros']
[1.281s] Level 1:colcon.colcon_core.package_identification:_identify(src/build/ament_cmake_uninstall_target) by extension 'ros'
[1.281s] Level 1:colcon.colcon_core.package_identification:_identify(src/build/ament_cmake_uninstall_target) by extensions ['cmake', 'python']
[1.281s] Level 1:colcon.colcon_core.package_identification:_identify(src/build/ament_cmake_uninstall_target) by extension 'cmake'
[1.281s] Level 1:colcon.colcon_core.package_identification:_identify(src/build/ament_cmake_uninstall_target) by extension 'python'
[1.281s] Level 1:colcon.colcon_core.package_identification:_identify(src/build/ament_cmake_uninstall_target) by extensions ['python_setup_py']
[1.281s] Level 1:colcon.colcon_core.package_identification:_identify(src/build/ament_cmake_uninstall_target) by extension 'python_setup_py'
[1.281s] Level 1:colcon.colcon_core.package_identification:_identify(src/build/ament_copyright) by extensions ['ignore', 'ignore_ament_install']
[1.282s] Level 1:colcon.colcon_core.package_identification:_identify(src/build/ament_copyright) by extension 'ignore'
[1.282s] Level 1:colcon.colcon_core.package_identification:_identify(src/build/ament_copyright) by extension 'ignore_ament_install'
[1.282s] Level 1:colcon.colcon_core.package_identification:_identify(src/build/ament_copyright) by extensions ['colcon_pkg']
[1.282s] Level 1:colcon.colcon_core.package_identification:_identify(src/build/ament_copyright) by extension 'colcon_pkg'
[1.282s] Level 1:colcon.colcon_core.package_identification:_identify(src/build/ament_copyright) by extensions ['colcon_meta']
[1.282s] Level 1:colcon.colcon_core.package_identification:_identify(src/build/ament_copyright) by extension 'colcon_meta'
[1.282s] Level 1:colcon.colcon_core.package_identification:_identify(src/build/ament_copyright) by extensions ['ros']
[1.282s] Level 1:colcon.colcon_core.package_identification:_identify(src/build/ament_copyright) by extension 'ros'
[1.282s] Level 1:colcon.colcon_core.package_identification:_identify(src/build/ament_copyright) by extensions ['cmake', 'python']
[1.282s] Level 1:colcon.colcon_core.package_identification:_identify(src/build/ament_copyright) by extension 'cmake'
[1.282s] Level 1:colcon.colcon_core.package_identification:_identify(src/build/ament_copyright) by extension 'python'
[1.282s] Level 1:colcon.colcon_core.package_identification:_identify(src/build/ament_copyright) by extensions ['python_setup_py']
[1.282s] Level 1:colcon.colcon_core.package_identification:_identify(src/build/ament_copyright) by extension 'python_setup_py'
[1.282s] Level 1:colcon.colcon_core.package_identification:_identify(src/build/ament_flake8) by extensions ['ignore', 'ignore_ament_install']
[1.282s] Level 1:colcon.colcon_core.package_identification:_identify(src/build/ament_flake8) by extension 'ignore'
[1.282s] Level 1:colcon.colcon_core.package_identification:_identify(src/build/ament_flake8) by extension 'ignore_ament_install'
[1.283s] Level 1:colcon.colcon_core.package_identification:_identify(src/build/ament_flake8) by extensions ['colcon_pkg']
[1.283s] Level 1:colcon.colcon_core.package_identification:_identify(src/build/ament_flake8) by extension 'colcon_pkg'
[1.283s] Level 1:colcon.colcon_core.package_identification:_identify(src/build/ament_flake8) by extensions ['colcon_meta']
[1.283s] Level 1:colcon.colcon_core.package_identification:_identify(src/build/ament_flake8) by extension 'colcon_meta'
[1.283s] Level 1:colcon.colcon_core.package_identification:_identify(src/build/ament_flake8) by extensions ['ros']
[1.283s] Level 1:colcon.colcon_core.package_identification:_identify(src/build/ament_flake8) by extension 'ros'
[1.283s] Level 1:colcon.colcon_core.package_identification:_identify(src/build/ament_flake8) by extensions ['cmake', 'python']
[1.283s] Level 1:colcon.colcon_core.package_identification:_identify(src/build/ament_flake8) by extension 'cmake'
[1.283s] Level 1:colcon.colcon_core.package_identification:_identify(src/build/ament_flake8) by extension 'python'
[1.283s] Level 1:colcon.colcon_core.package_identification:_identify(src/build/ament_flake8) by extensions ['python_setup_py']
[1.283s] Level 1:colcon.colcon_core.package_identification:_identify(src/build/ament_flake8) by extension 'python_setup_py'
[1.283s] Level 1:colcon.colcon_core.package_identification:_identify(src/build/ament_lint_cmake) by extensions ['ignore', 'ignore_ament_install']
[1.284s] Level 1:colcon.colcon_core.package_identification:_identify(src/build/ament_lint_cmake) by extension 'ignore'
[1.284s] Level 1:colcon.colcon_core.package_identification:_identify(src/build/ament_lint_cmake) by extension 'ignore_ament_install'
[1.284s] Level 1:colcon.colcon_core.package_identification:_identify(src/build/ament_lint_cmake) by extensions ['colcon_pkg']
[1.284s] Level 1:colcon.colcon_core.package_identification:_identify(src/build/ament_lint_cmake) by extension 'colcon_pkg'
[1.284s] Level 1:colcon.colcon_core.package_identification:_identify(src/build/ament_lint_cmake) by extensions ['colcon_meta']
[1.284s] Level 1:colcon.colcon_core.package_identification:_identify(src/build/ament_lint_cmake) by extension 'colcon_meta'
[1.284s] Level 1:colcon.colcon_core.package_identification:_identify(src/build/ament_lint_cmake) by extensions ['ros']
[1.284s] Level 1:colcon.colcon_core.package_identification:_identify(src/build/ament_lint_cmake) by extension 'ros'
[1.284s] Level 1:colcon.colcon_core.package_identification:_identify(src/build/ament_lint_cmake) by extensions ['cmake', 'python']
[1.284s] Level 1:colcon.colcon_core.package_identification:_identify(src/build/ament_lint_cmake) by extension 'cmake'
[1.284s] Level 1:colcon.colcon_core.package_identification:_identify(src/build/ament_lint_cmake) by extension 'python'
[1.284s] Level 1:colcon.colcon_core.package_identification:_identify(src/build/ament_lint_cmake) by extensions ['python_setup_py']
[1.284s] Level 1:colcon.colcon_core.package_identification:_identify(src/build/ament_lint_cmake) by extension 'python_setup_py'
[1.284s] Level 1:colcon.colcon_core.package_identification:_identify(src/build/ament_pep257) by extensions ['ignore', 'ignore_ament_install']
[1.284s] Level 1:colcon.colcon_core.package_identification:_identify(src/build/ament_pep257) by extension 'ignore'
[1.284s] Level 1:colcon.colcon_core.package_identification:_identify(src/build/ament_pep257) by extension 'ignore_ament_install'
[1.284s] Level 1:colcon.colcon_core.package_identification:_identify(src/build/ament_pep257) by extensions ['colcon_pkg']
[1.284s] Level 1:colcon.colcon_core.package_identification:_identify(src/build/ament_pep257) by extension 'colcon_pkg'
[1.284s] Level 1:colcon.colcon_core.package_identification:_identify(src/build/ament_pep257) by extensions ['colcon_meta']
[1.284s] Level 1:colcon.colcon_core.package_identification:_identify(src/build/ament_pep257) by extension 'colcon_meta'
[1.285s] Level 1:colcon.colcon_core.package_identification:_identify(src/build/ament_pep257) by extensions ['ros']
[1.285s] Level 1:colcon.colcon_core.package_identification:_identify(src/build/ament_pep257) by extension 'ros'
[1.285s] Level 1:colcon.colcon_core.package_identification:_identify(src/build/ament_pep257) by extensions ['cmake', 'python']
[1.285s] Level 1:colcon.colcon_core.package_identification:_identify(src/build/ament_pep257) by extension 'cmake'
[1.285s] Level 1:colcon.colcon_core.package_identification:_identify(src/build/ament_pep257) by extension 'python'
[1.285s] Level 1:colcon.colcon_core.package_identification:_identify(src/build/ament_pep257) by extensions ['python_setup_py']
[1.285s] Level 1:colcon.colcon_core.package_identification:_identify(src/build/ament_pep257) by extension 'python_setup_py'
[1.285s] Level 1:colcon.colcon_core.package_identification:_identify(src/build/ament_xmllint) by extensions ['ignore', 'ignore_ament_install']
[1.285s] Level 1:colcon.colcon_core.package_identification:_identify(src/build/ament_xmllint) by extension 'ignore'
[1.285s] Level 1:colcon.colcon_core.package_identification:_identify(src/build/ament_xmllint) by extension 'ignore_ament_install'
[1.285s] Level 1:colcon.colcon_core.package_identification:_identify(src/build/ament_xmllint) by extensions ['colcon_pkg']
[1.285s] Level 1:colcon.colcon_core.package_identification:_identify(src/build/ament_xmllint) by extension 'colcon_pkg'
[1.285s] Level 1:colcon.colcon_core.package_identification:_identify(src/build/ament_xmllint) by extensions ['colcon_meta']
[1.285s] Level 1:colcon.colcon_core.package_identification:_identify(src/build/ament_xmllint) by extension 'colcon_meta'
[1.285s] Level 1:colcon.colcon_core.package_identification:_identify(src/build/ament_xmllint) by extensions ['ros']
[1.285s] Level 1:colcon.colcon_core.package_identification:_identify(src/build/ament_xmllint) by extension 'ros'
[1.285s] Level 1:colcon.colcon_core.package_identification:_identify(src/build/ament_xmllint) by extensions ['cmake', 'python']
[1.285s] Level 1:colcon.colcon_core.package_identification:_identify(src/build/ament_xmllint) by extension 'cmake'
[1.285s] Level 1:colcon.colcon_core.package_identification:_identify(src/build/ament_xmllint) by extension 'python'
[1.286s] Level 1:colcon.colcon_core.package_identification:_identify(src/build/ament_xmllint) by extensions ['python_setup_py']
[1.286s] Level 1:colcon.colcon_core.package_identification:_identify(src/build/ament_xmllint) by extension 'python_setup_py'
[1.286s] Level 1:colcon.colcon_core.package_discovery:discover_packages(recursive) using defaults
[1.286s] Level 1:colcon.colcon_core.package_discovery:discover_packages(ignore) discover
[1.286s] Level 1:colcon.colcon_core.package_discovery:discover_packages(ignore) using defaults
[1.286s] Level 1:colcon.colcon_core.package_discovery:discover_packages(path) discover
[1.286s] Level 1:colcon.colcon_core.package_discovery:discover_packages(path) using defaults
[1.360s] Level 1:colcon.colcon_core.package_discovery:discover_packages(prefix_path) check parameters
[1.360s] Level 1:colcon.colcon_core.package_discovery:discover_packages(prefix_path) discover
[1.378s] DEBUG:colcon.colcon_installed_package_information.package_discovery:Found 1 installed packages in /home/tajw/41068_ws/install
[1.380s] DEBUG:colcon.colcon_installed_package_information.package_discovery:Found 1 installed packages in /home/tajw/rs1_ros2_ws/install
[1.384s] DEBUG:colcon.colcon_installed_package_information.package_discovery:Found 3 installed packages in /home/tajw/ros2_ws/install
[1.384s] DEBUG:colcon.colcon_installed_package_information.package_discovery:Found 1 installed packages in /home/tajw/git/team25_rs1/RS1-Gr25/install
[1.389s] DEBUG:colcon.colcon_installed_package_information.package_discovery:Found 417 installed packages in /opt/ros/humble
[1.391s] Level 1:colcon.colcon_core.package_discovery:discover_packages(prefix_path) using defaults
[1.575s] Level 5:colcon.colcon_core.verb:set package '41068_ignition_bringup' build argument 'cmake_args' from command line to 'None'
[1.575s] Level 5:colcon.colcon_core.verb:set package '41068_ignition_bringup' build argument 'cmake_target' from command line to 'None'
[1.575s] Level 5:colcon.colcon_core.verb:set package '41068_ignition_bringup' build argument 'cmake_target_skip_unavailable' from command line to 'False'
[1.575s] Level 5:colcon.colcon_core.verb:set package '41068_ignition_bringup' build argument 'cmake_clean_cache' from command line to 'False'
[1.575s] Level 5:colcon.colcon_core.verb:set package '41068_ignition_bringup' build argument 'cmake_clean_first' from command line to 'False'
[1.575s] Level 5:colcon.colcon_core.verb:set package '41068_ignition_bringup' build argument 'cmake_force_configure' from command line to 'False'
[1.575s] Level 5:colcon.colcon_core.verb:set package '41068_ignition_bringup' build argument 'ament_cmake_args' from command line to 'None'
[1.575s] Level 5:colcon.colcon_core.verb:set package '41068_ignition_bringup' build argument 'catkin_cmake_args' from command line to 'None'
[1.575s] Level 5:colcon.colcon_core.verb:set package '41068_ignition_bringup' build argument 'catkin_skip_building_tests' from command line to 'False'
[1.575s] DEBUG:colcon.colcon_core.verb:Building package '41068_ignition_bringup' with the following arguments: {'ament_cmake_args': None, 'build_base': '/home/tajw/git/team25_rs1/RS1-Gr25/build/41068_ignition_bringup', 'catkin_cmake_args': None, 'catkin_skip_building_tests': False, 'cmake_args': None, 'cmake_clean_cache': False, 'cmake_clean_first': False, 'cmake_force_configure': False, 'cmake_target': None, 'cmake_target_skip_unavailable': False, 'install_base': '/home/tajw/git/team25_rs1/RS1-Gr25/install/41068_ignition_bringup', 'merge_install': False, 'path': '/home/tajw/git/team25_rs1/RS1-Gr25/src/41068_ignition_bringup_v1/41068_ignition_bringup', 'symlink_install': False, 'test_result_base': None}
[1.575s] INFO:colcon.colcon_core.executor:Executing jobs using 'parallel' executor
[1.577s] DEBUG:colcon.colcon_parallel_executor.executor.parallel:run_until_complete
[1.578s] INFO:colcon.colcon_ros.task.ament_cmake.build:Building ROS package in '/home/tajw/git/team25_rs1/RS1-Gr25/src/41068_ignition_bringup_v1/41068_ignition_bringup' with build type 'ament_cmake'
[1.579s] INFO:colcon.colcon_cmake.task.cmake.build:Building CMake package in '/home/tajw/git/team25_rs1/RS1-Gr25/src/41068_ignition_bringup_v1/41068_ignition_bringup'
[1.587s] INFO:colcon.colcon_core.plugin_system:Skipping extension 'colcon_core.shell.bat': Not used on non-Windows systems
[1.588s] INFO:colcon.colcon_core.shell:Skip shell extension 'powershell' for command environment: Not usable outside of PowerShell
[1.588s] DEBUG:colcon.colcon_core.shell:Skip shell extension 'dsv' for command environment
[1.614s] DEBUG:colcon.colcon_core.event_handler.log_command:Invoking command in '/home/tajw/git/team25_rs1/RS1-Gr25/build/41068_ignition_bringup': CMAKE_PREFIX_PATH=${CMAKE_PREFIX_PATH}:/opt/ros/humble /usr/bin/cmake --build /home/tajw/git/team25_rs1/RS1-Gr25/build/41068_ignition_bringup -- -j8 -l8
[1.850s] DEBUG:colcon.colcon_core.event_handler.log_command:Invoked command in '/home/tajw/git/team25_rs1/RS1-Gr25/build/41068_ignition_bringup' returned '0': CMAKE_PREFIX_PATH=${CMAKE_PREFIX_PATH}:/opt/ros/humble /usr/bin/cmake --build /home/tajw/git/team25_rs1/RS1-Gr25/build/41068_ignition_bringup -- -j8 -l8
[1.861s] DEBUG:colcon.colcon_core.event_handler.log_command:Invoking command in '/home/tajw/git/team25_rs1/RS1-Gr25/build/41068_ignition_bringup': CMAKE_PREFIX_PATH=${CMAKE_PREFIX_PATH}:/opt/ros/humble /usr/bin/cmake --install /home/tajw/git/team25_rs1/RS1-Gr25/build/41068_ignition_bringup
[1.942s] Level 1:colcon.colcon_core.environment:create_environment_scripts_only(41068_ignition_bringup)
[1.942s] DEBUG:colcon.colcon_core.event_handler.log_command:Invoked command in '/home/tajw/git/team25_rs1/RS1-Gr25/build/41068_ignition_bringup' returned '0': CMAKE_PREFIX_PATH=${CMAKE_PREFIX_PATH}:/opt/ros/humble /usr/bin/cmake --install /home/tajw/git/team25_rs1/RS1-Gr25/build/41068_ignition_bringup
[1.953s] Level 1:colcon.colcon_core.environment:checking '/home/tajw/git/team25_rs1/RS1-Gr25/install/41068_ignition_bringup' for CMake module files
[1.954s] Level 1:colcon.colcon_core.environment:checking '/home/tajw/git/team25_rs1/RS1-Gr25/install/41068_ignition_bringup' for CMake config files
[1.964s] Level 1:colcon.colcon_core.shell:create_environment_hook('41068_ignition_bringup', 'cmake_prefix_path')
[1.965s] INFO:colcon.colcon_core.shell:Creating environment hook '/home/tajw/git/team25_rs1/RS1-Gr25/install/41068_ignition_bringup/share/41068_ignition_bringup/hook/cmake_prefix_path.ps1'
[1.966s] INFO:colcon.colcon_core.shell:Creating environment descriptor '/home/tajw/git/team25_rs1/RS1-Gr25/install/41068_ignition_bringup/share/41068_ignition_bringup/hook/cmake_prefix_path.dsv'
[1.967s] INFO:colcon.colcon_core.shell:Creating environment hook '/home/tajw/git/team25_rs1/RS1-Gr25/install/41068_ignition_bringup/share/41068_ignition_bringup/hook/cmake_prefix_path.sh'
[1.969s] Level 1:colcon.colcon_core.environment:checking '/home/tajw/git/team25_rs1/RS1-Gr25/install/41068_ignition_bringup/lib'
[1.969s] Level 1:colcon.colcon_core.environment:checking '/home/tajw/git/team25_rs1/RS1-Gr25/install/41068_ignition_bringup/bin'
[1.969s] Level 1:colcon.colcon_core.environment:checking '/home/tajw/git/team25_rs1/RS1-Gr25/install/41068_ignition_bringup/lib/pkgconfig/41068_ignition_bringup.pc'
[1.969s] Level 1:colcon.colcon_core.environment:checking '/home/tajw/git/team25_rs1/RS1-Gr25/install/41068_ignition_bringup/lib/python3.10/site-packages'
[1.970s] Level 1:colcon.colcon_core.environment:checking '/home/tajw/git/team25_rs1/RS1-Gr25/install/41068_ignition_bringup/bin'
[1.970s] INFO:colcon.colcon_core.shell:Creating package script '/home/tajw/git/team25_rs1/RS1-Gr25/install/41068_ignition_bringup/share/41068_ignition_bringup/package.ps1'
[1.971s] INFO:colcon.colcon_core.shell:Creating package descriptor '/home/tajw/git/team25_rs1/RS1-Gr25/install/41068_ignition_bringup/share/41068_ignition_bringup/package.dsv'
[1.973s] INFO:colcon.colcon_core.shell:Creating package script '/home/tajw/git/team25_rs1/RS1-Gr25/install/41068_ignition_bringup/share/41068_ignition_bringup/package.sh'
[1.975s] INFO:colcon.colcon_core.shell:Creating package script '/home/tajw/git/team25_rs1/RS1-Gr25/install/41068_ignition_bringup/share/41068_ignition_bringup/package.bash'
[1.978s] INFO:colcon.colcon_core.shell:Creating package script '/home/tajw/git/team25_rs1/RS1-Gr25/install/41068_ignition_bringup/share/41068_ignition_bringup/package.zsh'
[1.980s] Level 1:colcon.colcon_core.environment:create_file_with_runtime_dependencies(/home/tajw/git/team25_rs1/RS1-Gr25/install/41068_ignition_bringup/share/colcon-core/packages/41068_ignition_bringup)
[1.981s] Level 1:colcon.colcon_core.environment:create_environment_scripts_only(41068_ignition_bringup)
[1.982s] Level 1:colcon.colcon_core.environment:checking '/home/tajw/git/team25_rs1/RS1-Gr25/install/41068_ignition_bringup' for CMake module files
[1.982s] Level 1:colcon.colcon_core.environment:checking '/home/tajw/git/team25_rs1/RS1-Gr25/install/41068_ignition_bringup' for CMake config files
[1.984s] Level 1:colcon.colcon_core.shell:create_environment_hook('41068_ignition_bringup', 'cmake_prefix_path')
[1.984s] INFO:colcon.colcon_core.shell:Creating environment hook '/home/tajw/git/team25_rs1/RS1-Gr25/install/41068_ignition_bringup/share/41068_ignition_bringup/hook/cmake_prefix_path.ps1'
[1.985s] INFO:colcon.colcon_core.shell:Creating environment descriptor '/home/tajw/git/team25_rs1/RS1-Gr25/install/41068_ignition_bringup/share/41068_ignition_bringup/hook/cmake_prefix_path.dsv'
[1.985s] INFO:colcon.colcon_core.shell:Creating environment hook '/home/tajw/git/team25_rs1/RS1-Gr25/install/41068_ignition_bringup/share/41068_ignition_bringup/hook/cmake_prefix_path.sh'
[1.986s] Level 1:colcon.colcon_core.environment:checking '/home/tajw/git/team25_rs1/RS1-Gr25/install/41068_ignition_bringup/lib'
[1.986s] Level 1:colcon.colcon_core.environment:checking '/home/tajw/git/team25_rs1/RS1-Gr25/install/41068_ignition_bringup/bin'
[1.986s] Level 1:colcon.colcon_core.environment:checking '/home/tajw/git/team25_rs1/RS1-Gr25/install/41068_ignition_bringup/lib/pkgconfig/41068_ignition_bringup.pc'
[1.986s] Level 1:colcon.colcon_core.environment:checking '/home/tajw/git/team25_rs1/RS1-Gr25/install/41068_ignition_bringup/lib/python3.10/site-packages'
[1.987s] Level 1:colcon.colcon_core.environment:checking '/home/tajw/git/team25_rs1/RS1-Gr25/install/41068_ignition_bringup/bin'
[1.987s] INFO:colcon.colcon_core.shell:Creating package script '/home/tajw/git/team25_rs1/RS1-Gr25/install/41068_ignition_bringup/share/41068_ignition_bringup/package.ps1'
[1.988s] INFO:colcon.colcon_core.shell:Creating package descriptor '/home/tajw/git/team25_rs1/RS1-Gr25/install/41068_ignition_bringup/share/41068_ignition_bringup/package.dsv'
[1.988s] INFO:colcon.colcon_core.shell:Creating package script '/home/tajw/git/team25_rs1/RS1-Gr25/install/41068_ignition_bringup/share/41068_ignition_bringup/package.sh'
[1.989s] INFO:colcon.colcon_core.shell:Creating package script '/home/tajw/git/team25_rs1/RS1-Gr25/install/41068_ignition_bringup/share/41068_ignition_bringup/package.bash'
[1.990s] INFO:colcon.colcon_core.shell:Creating package script '/home/tajw/git/team25_rs1/RS1-Gr25/install/41068_ignition_bringup/share/41068_ignition_bringup/package.zsh'
[1.990s] Level 1:colcon.colcon_core.environment:create_file_with_runtime_dependencies(/home/tajw/git/team25_rs1/RS1-Gr25/install/41068_ignition_bringup/share/colcon-core/packages/41068_ignition_bringup)
[1.990s] DEBUG:colcon.colcon_parallel_executor.executor.parallel:closing loop
[1.991s] DEBUG:colcon.colcon_parallel_executor.executor.parallel:loop closed
[1.991s] DEBUG:colcon.colcon_parallel_executor.executor.parallel:run_until_complete finished with '0'
[1.992s] DEBUG:colcon.colcon_core.event_reactor:joining thread
[8.691s] INFO:colcon.colcon_core.plugin_system:Skipping extension 'colcon_notification.desktop_notification.notify_send': Could not find 'notify-send'
[8.691s] INFO:colcon.colcon_core.plugin_system:Skipping extension 'colcon_notification.desktop_notification.terminal_notifier': Not used on non-Darwin systems
[8.692s] INFO:colcon.colcon_core.plugin_system:Skipping extension 'colcon_notification.desktop_notification.win32': Not used on non-Windows systems
[8.692s] INFO:colcon.colcon_notification.desktop_notification:Sending desktop notification using 'notify2'
[8.718s] DEBUG:colcon.colcon_notification.desktop_notification.notify2:Failed to initialize notify2: org.freedesktop.DBus.Error.ServiceUnknown: The name org.freedesktop.Notifications was not provided by any .service files
[8.719s] DEBUG:colcon.colcon_core.event_reactor:joined thread
[8.719s] INFO:colcon.colcon_core.shell:Creating prefix script '/home/tajw/git/team25_rs1/RS1-Gr25/install/local_setup.ps1'
[8.721s] INFO:colcon.colcon_core.shell:Creating prefix util module '/home/tajw/git/team25_rs1/RS1-Gr25/install/_local_setup_util_ps1.py'
[8.725s] INFO:colcon.colcon_core.shell:Creating prefix chain script '/home/tajw/git/team25_rs1/RS1-Gr25/install/setup.ps1'
[8.727s] INFO:colcon.colcon_core.shell:Creating prefix script '/home/tajw/git/team25_rs1/RS1-Gr25/install/local_setup.sh'
[8.729s] INFO:colcon.colcon_core.shell:Creating prefix util module '/home/tajw/git/team25_rs1/RS1-Gr25/install/_local_setup_util_sh.py'
[8.730s] INFO:colcon.colcon_core.shell:Creating prefix chain script '/home/tajw/git/team25_rs1/RS1-Gr25/install/setup.sh'
[8.732s] INFO:colcon.colcon_core.shell:Creating prefix script '/home/tajw/git/team25_rs1/RS1-Gr25/install/local_setup.bash'
[8.733s] INFO:colcon.colcon_core.shell:Creating prefix chain script '/home/tajw/git/team25_rs1/RS1-Gr25/install/setup.bash'
[8.735s] INFO:colcon.colcon_core.shell:Creating prefix script '/home/tajw/git/team25_rs1/RS1-Gr25/install/local_setup.zsh'
[8.736s] INFO:colcon.colcon_core.shell:Creating prefix chain script '/home/tajw/git/team25_rs1/RS1-Gr25/install/setup.zsh'
