[0.564s] DEBUG:colcon:Command line arguments: ['/usr/bin/colcon', 'build']
[0.564s] DEBUG:colcon:Parsed command line arguments: Namespace(log_base=None, log_level=None, verb_name='build', build_base='build', install_base='install', merge_install=False, symlink_install=False, test_result_base=None, continue_on_error=False, executor='parallel', parallel_workers=8, event_handlers=None, ignore_user_meta=False, metas=['./colcon.meta'], base_paths=['.'], packages_ignore=None, packages_ignore_regex=None, paths=None, packages_up_to=None, packages_up_to_regex=None, packages_above=None, packages_above_and_dependencies=None, packages_above_depth=None, packages_select_by_dep=None, packages_skip_by_dep=None, packages_skip_up_to=None, packages_select_build_failed=False, packages_skip_build_finished=False, packages_select_test_failures=False, packages_skip_test_passed=False, packages_select=None, packages_skip=None, packages_select_regex=None, packages_skip_regex=None, packages_start=None, packages_end=None, allow_overriding=[], cmake_args=None, cmake_target=None, cmake_target_skip_unavailable=False, cmake_clean_cache=False, cmake_clean_first=False, cmake_force_configure=False, ament_cmake_args=None, catkin_cmake_args=None, catkin_skip_building_tests=False, mixin_files=None, mixin=None, verb_parser=<colcon_mixin.mixin.mixin_argument.MixinArgumentDecorator object at 0x73dfc0b11c90>, verb_extension=<colcon_core.verb.build.BuildVerb object at 0x73dfc0cd3400>, main=<bound method BuildVerb.main of <colcon_core.verb.build.BuildVerb object at 0x73dfc0cd3400>>, mixin_verb=('build',))
[1.046s] Level 1:colcon.colcon_core.package_discovery:discover_packages(colcon_meta) check parameters
[1.046s] Level 1:colcon.colcon_core.package_discovery:discover_packages(recursive) check parameters
[1.046s] Level 1:colcon.colcon_core.package_discovery:discover_packages(ignore) check parameters
[1.046s] Level 1:colcon.colcon_core.package_discovery:discover_packages(path) check parameters
[1.046s] Level 1:colcon.colcon_core.package_discovery:discover_packages(colcon_meta) discover
[1.046s] Level 1:colcon.colcon_core.package_discovery:discover_packages(recursive) discover
[1.046s] INFO:colcon.colcon_core.package_discovery:Crawling recursively for packages in '/home/tajw/git/team25_rs1/RS1-Gr25'
[1.046s] Level 1:colcon.colcon_core.package_identification:_identify(.) by extensions ['ignore', 'ignore_ament_install']
[1.047s] Level 1:colcon.colcon_core.package_identification:_identify(.) by extension 'ignore'
[1.047s] Level 1:colcon.colcon_core.package_identification:_identify(.) by extension 'ignore_ament_install'
[1.047s] Level 1:colcon.colcon_core.package_identification:_identify(.) by extensions ['colcon_pkg']
[1.047s] Level 1:colcon.colcon_core.package_identification:_identify(.) by extension 'colcon_pkg'
[1.047s] Level 1:colcon.colcon_core.package_identification:_identify(.) by extensions ['colcon_meta']
[1.047s] Level 1:colcon.colcon_core.package_identification:_identify(.) by extension 'colcon_meta'
[1.048s] Level 1:colcon.colcon_core.package_identification:_identify(.) by extensions ['ros']
[1.048s] Level 1:colcon.colcon_core.package_identification:_identify(.) by extension 'ros'
[1.076s] Level 1:colcon.colcon_core.package_identification:_identify(.) by extensions ['cmake', 'python']
[1.077s] Level 1:colcon.colcon_core.package_identification:_identify(.) by extension 'cmake'
[1.077s] Level 1:colcon.colcon_core.package_identification:_identify(.) by extension 'python'
[1.077s] Level 1:colcon.colcon_core.package_identification:_identify(.) by extensions ['python_setup_py']
[1.077s] Level 1:colcon.colcon_core.package_identification:_identify(.) by extension 'python_setup_py'
[1.077s] Level 1:colcon.colcon_core.package_identification:_identify(build) by extensions ['ignore', 'ignore_ament_install']
[1.077s] Level 1:colcon.colcon_core.package_identification:_identify(build) by extension 'ignore'
[1.077s] Level 1:colcon.colcon_core.package_identification:_identify(build) ignored
[1.077s] Level 1:colcon.colcon_core.package_identification:_identify(install) by extensions ['ignore', 'ignore_ament_install']
[1.077s] Level 1:colcon.colcon_core.package_identification:_identify(install) by extension 'ignore'
[1.077s] Level 1:colcon.colcon_core.package_identification:_identify(install) ignored
[1.077s] Level 1:colcon.colcon_core.package_identification:_identify(log) by extensions ['ignore', 'ignore_ament_install']
[1.077s] Level 1:colcon.colcon_core.package_identification:_identify(log) by extension 'ignore'
[1.077s] Level 1:colcon.colcon_core.package_identification:_identify(log) ignored
[1.077s] Level 1:colcon.colcon_core.package_identification:_identify(src) by extensions ['ignore', 'ignore_ament_install']
[1.078s] Level 1:colcon.colcon_core.package_identification:_identify(src) by extension 'ignore'
[1.078s] Level 1:colcon.colcon_core.package_identification:_identify(src) by extension 'ignore_ament_install'
[1.078s] Level 1:colcon.colcon_core.package_identification:_identify(src) by extensions ['colcon_pkg']
[1.078s] Level 1:colcon.colcon_core.package_identification:_identify(src) by extension 'colcon_pkg'
[1.078s] Level 1:colcon.colcon_core.package_identification:_identify(src) by extensions ['colcon_meta']
[1.079s] Level 1:colcon.colcon_core.package_identification:_identify(src) by extension 'colcon_meta'
[1.079s] Level 1:colcon.colcon_core.package_identification:_identify(src) by extensions ['ros']
[1.079s] Level 1:colcon.colcon_core.package_identification:_identify(src) by extension 'ros'
[1.079s] Level 1:colcon.colcon_core.package_identification:_identify(src) by extensions ['cmake', 'python']
[1.079s] Level 1:colcon.colcon_core.package_identification:_identify(src) by extension 'cmake'
[1.079s] Level 1:colcon.colcon_core.package_identification:_identify(src) by extension 'python'
[1.079s] Level 1:colcon.colcon_core.package_identification:_identify(src) by extensions ['python_setup_py']
[1.079s] Level 1:colcon.colcon_core.package_identification:_identify(src) by extension 'python_setup_py'
[1.079s] Level 1:colcon.colcon_core.package_identification:_identify(src/41068_ignition_bringup_v1) by extensions ['ignore', 'ignore_ament_install']
[1.079s] Level 1:colcon.colcon_core.package_identification:_identify(src/41068_ignition_bringup_v1) by extension 'ignore'
[1.079s] Level 1:colcon.colcon_core.package_identification:_identify(src/41068_ignition_bringup_v1) by extension 'ignore_ament_install'
[1.079s] Level 1:colcon.colcon_core.package_identification:_identify(src/41068_ignition_bringup_v1) by extensions ['colcon_pkg']
[1.079s] Level 1:colcon.colcon_core.package_identification:_identify(src/41068_ignition_bringup_v1) by extension 'colcon_pkg'
[1.079s] Level 1:colcon.colcon_core.package_identification:_identify(src/41068_ignition_bringup_v1) by extensions ['colcon_meta']
[1.080s] Level 1:colcon.colcon_core.package_identification:_identify(src/41068_ignition_bringup_v1) by extension 'colcon_meta'
[1.080s] Level 1:colcon.colcon_core.package_identification:_identify(src/41068_ignition_bringup_v1) by extensions ['ros']
[1.080s] Level 1:colcon.colcon_core.package_identification:_identify(src/41068_ignition_bringup_v1) by extension 'ros'
[1.080s] Level 1:colcon.colcon_core.package_identification:_identify(src/41068_ignition_bringup_v1) by extensions ['cmake', 'python']
[1.081s] Level 1:colcon.colcon_core.package_identification:_identify(src/41068_ignition_bringup_v1) by extension 'cmake'
[1.081s] Level 1:colcon.colcon_core.package_identification:_identify(src/41068_ignition_bringup_v1) by extension 'python'
[1.081s] Level 1:colcon.colcon_core.package_identification:_identify(src/41068_ignition_bringup_v1) by extensions ['python_setup_py']
[1.081s] Level 1:colcon.colcon_core.package_identification:_identify(src/41068_ignition_bringup_v1) by extension 'python_setup_py'
[1.081s] Level 1:colcon.colcon_core.package_identification:_identify(src/41068_ignition_bringup_v1/41068_ignition_bringup) by extensions ['ignore', 'ignore_ament_install']
[1.081s] Level 1:colcon.colcon_core.package_identification:_identify(src/41068_ignition_bringup_v1/41068_ignition_bringup) by extension 'ignore'
[1.082s] Level 1:colcon.colcon_core.package_identification:_identify(src/41068_ignition_bringup_v1/41068_ignition_bringup) by extension 'ignore_ament_install'
[1.082s] Level 1:colcon.colcon_core.package_identification:_identify(src/41068_ignition_bringup_v1/41068_ignition_bringup) by extensions ['colcon_pkg']
[1.082s] Level 1:colcon.colcon_core.package_identification:_identify(src/41068_ignition_bringup_v1/41068_ignition_bringup) by extension 'colcon_pkg'
[1.082s] Level 1:colcon.colcon_core.package_identification:_identify(src/41068_ignition_bringup_v1/41068_ignition_bringup) by extensions ['colcon_meta']
[1.082s] Level 1:colcon.colcon_core.package_identification:_identify(src/41068_ignition_bringup_v1/41068_ignition_bringup) by extension 'colcon_meta'
[1.082s] Level 1:colcon.colcon_core.package_identification:_identify(src/41068_ignition_bringup_v1/41068_ignition_bringup) by extensions ['ros']
[1.082s] Level 1:colcon.colcon_core.package_identification:_identify(src/41068_ignition_bringup_v1/41068_ignition_bringup) by extension 'ros'
[1.094s] DEBUG:colcon.colcon_core.package_identification:Package 'src/41068_ignition_bringup_v1/41068_ignition_bringup' with type 'ros.ament_cmake' and name '41068_ignition_bringup'
[1.094s] Level 1:colcon.colcon_core.package_identification:_identify(src/build) by extensions ['ignore', 'ignore_ament_install']
[1.094s] Level 1:colcon.colcon_core.package_identification:_identify(src/build) by extension 'ignore'
[1.094s] Level 1:colcon.colcon_core.package_identification:_identify(src/build) by extension 'ignore_ament_install'
[1.094s] Level 1:colcon.colcon_core.package_identification:_identify(src/build) by extensions ['colcon_pkg']
[1.095s] Level 1:colcon.colcon_core.package_identification:_identify(src/build) by extension 'colcon_pkg'
[1.095s] Level 1:colcon.colcon_core.package_identification:_identify(src/build) by extensions ['colcon_meta']
[1.095s] Level 1:colcon.colcon_core.package_identification:_identify(src/build) by extension 'colcon_meta'
[1.095s] Level 1:colcon.colcon_core.package_identification:_identify(src/build) by extensions ['ros']
[1.095s] Level 1:colcon.colcon_core.package_identification:_identify(src/build) by extension 'ros'
[1.095s] Level 1:colcon.colcon_core.package_identification:_identify(src/build) by extensions ['cmake', 'python']
[1.095s] Level 1:colcon.colcon_core.package_identification:_identify(src/build) by extension 'cmake'
[1.095s] Level 1:colcon.colcon_core.package_identification:_identify(src/build) by extension 'python'
[1.095s] Level 1:colcon.colcon_core.package_identification:_identify(src/build) by extensions ['python_setup_py']
[1.095s] Level 1:colcon.colcon_core.package_identification:_identify(src/build) by extension 'python_setup_py'
[1.095s] Level 1:colcon.colcon_core.package_identification:_identify(src/build/41068_ignition_bringup) by extensions ['ignore', 'ignore_ament_install']
[1.096s] Level 1:colcon.colcon_core.package_identification:_identify(src/build/41068_ignition_bringup) by extension 'ignore'
[1.096s] Level 1:colcon.colcon_core.package_identification:_identify(src/build/41068_ignition_bringup) by extension 'ignore_ament_install'
[1.096s] Level 1:colcon.colcon_core.package_identification:_identify(src/build/41068_ignition_bringup) by extensions ['colcon_pkg']
[1.096s] Level 1:colcon.colcon_core.package_identification:_identify(src/build/41068_ignition_bringup) by extension 'colcon_pkg'
[1.096s] Level 1:colcon.colcon_core.package_identification:_identify(src/build/41068_ignition_bringup) by extensions ['colcon_meta']
[1.096s] Level 1:colcon.colcon_core.package_identification:_identify(src/build/41068_ignition_bringup) by extension 'colcon_meta'
[1.096s] Level 1:colcon.colcon_core.package_identification:_identify(src/build/41068_ignition_bringup) by extensions ['ros']
[1.096s] Level 1:colcon.colcon_core.package_identification:_identify(src/build/41068_ignition_bringup) by extension 'ros'
[1.096s] Level 1:colcon.colcon_core.package_identification:_identify(src/build/41068_ignition_bringup) by extensions ['cmake', 'python']
[1.096s] Level 1:colcon.colcon_core.package_identification:_identify(src/build/41068_ignition_bringup) by extension 'cmake'
[1.096s] Level 1:colcon.colcon_core.package_identification:_identify(src/build/41068_ignition_bringup) by extension 'python'
[1.096s] Level 1:colcon.colcon_core.package_identification:_identify(src/build/41068_ignition_bringup) by extensions ['python_setup_py']
[1.096s] Level 1:colcon.colcon_core.package_identification:_identify(src/build/41068_ignition_bringup) by extension 'python_setup_py'
[1.097s] Level 1:colcon.colcon_core.package_identification:_identify(src/build/41068_ignition_bringup/CMakeFiles) by extensions ['ignore', 'ignore_ament_install']
[1.097s] Level 1:colcon.colcon_core.package_identification:_identify(src/build/41068_ignition_bringup/CMakeFiles) by extension 'ignore'
[1.097s] Level 1:colcon.colcon_core.package_identification:_identify(src/build/41068_ignition_bringup/CMakeFiles) by extension 'ignore_ament_install'
[1.098s] Level 1:colcon.colcon_core.package_identification:_identify(src/build/41068_ignition_bringup/CMakeFiles) by extensions ['colcon_pkg']
[1.098s] Level 1:colcon.colcon_core.package_identification:_identify(src/build/41068_ignition_bringup/CMakeFiles) by extension 'colcon_pkg'
[1.098s] Level 1:colcon.colcon_core.package_identification:_identify(src/build/41068_ignition_bringup/CMakeFiles) by extensions ['colcon_meta']
[1.098s] Level 1:colcon.colcon_core.package_identification:_identify(src/build/41068_ignition_bringup/CMakeFiles) by extension 'colcon_meta'
[1.098s] Level 1:colcon.colcon_core.package_identification:_identify(src/build/41068_ignition_bringup/CMakeFiles) by extensions ['ros']
[1.098s] Level 1:colcon.colcon_core.package_identification:_identify(src/build/41068_ignition_bringup/CMakeFiles) by extension 'ros'
[1.098s] Level 1:colcon.colcon_core.package_identification:_identify(src/build/41068_ignition_bringup/CMakeFiles) by extensions ['cmake', 'python']
[1.098s] Level 1:colcon.colcon_core.package_identification:_identify(src/build/41068_ignition_bringup/CMakeFiles) by extension 'cmake'
[1.098s] Level 1:colcon.colcon_core.package_identification:_identify(src/build/41068_ignition_bringup/CMakeFiles) by extension 'python'
[1.098s] Level 1:colcon.colcon_core.package_identification:_identify(src/build/41068_ignition_bringup/CMakeFiles) by extensions ['python_setup_py']
[1.098s] Level 1:colcon.colcon_core.package_identification:_identify(src/build/41068_ignition_bringup/CMakeFiles) by extension 'python_setup_py'
[1.098s] Level 1:colcon.colcon_core.package_identification:_identify(src/build/41068_ignition_bringup/CMakeFiles/3.22.1) by extensions ['ignore', 'ignore_ament_install']
[1.099s] Level 1:colcon.colcon_core.package_identification:_identify(src/build/41068_ignition_bringup/CMakeFiles/3.22.1) by extension 'ignore'
[1.099s] Level 1:colcon.colcon_core.package_identification:_identify(src/build/41068_ignition_bringup/CMakeFiles/3.22.1) by extension 'ignore_ament_install'
[1.099s] Level 1:colcon.colcon_core.package_identification:_identify(src/build/41068_ignition_bringup/CMakeFiles/3.22.1) by extensions ['colcon_pkg']
[1.099s] Level 1:colcon.colcon_core.package_identification:_identify(src/build/41068_ignition_bringup/CMakeFiles/3.22.1) by extension 'colcon_pkg'
[1.099s] Level 1:colcon.colcon_core.package_identification:_identify(src/build/41068_ignition_bringup/CMakeFiles/3.22.1) by extensions ['colcon_meta']
[1.099s] Level 1:colcon.colcon_core.package_identification:_identify(src/build/41068_ignition_bringup/CMakeFiles/3.22.1) by extension 'colcon_meta'
[1.099s] Level 1:colcon.colcon_core.package_identification:_identify(src/build/41068_ignition_bringup/CMakeFiles/3.22.1) by extensions ['ros']
[1.099s] Level 1:colcon.colcon_core.package_identification:_identify(src/build/41068_ignition_bringup/CMakeFiles/3.22.1) by extension 'ros'
[1.099s] Level 1:colcon.colcon_core.package_identification:_identify(src/build/41068_ignition_bringup/CMakeFiles/3.22.1) by extensions ['cmake', 'python']
[1.099s] Level 1:colcon.colcon_core.package_identification:_identify(src/build/41068_ignition_bringup/CMakeFiles/3.22.1) by extension 'cmake'
[1.099s] Level 1:colcon.colcon_core.package_identification:_identify(src/build/41068_ignition_bringup/CMakeFiles/3.22.1) by extension 'python'
[1.099s] Level 1:colcon.colcon_core.package_identification:_identify(src/build/41068_ignition_bringup/CMakeFiles/3.22.1) by extensions ['python_setup_py']
[1.099s] Level 1:colcon.colcon_core.package_identification:_identify(src/build/41068_ignition_bringup/CMakeFiles/3.22.1) by extension 'python_setup_py'
[1.099s] Level 1:colcon.colcon_core.package_identification:_identify(src/build/41068_ignition_bringup/CMakeFiles/3.22.1/CompilerIdC) by extensions ['ignore', 'ignore_ament_install']
[1.099s] Level 1:colcon.colcon_core.package_identification:_identify(src/build/41068_ignition_bringup/CMakeFiles/3.22.1/CompilerIdC) by extension 'ignore'
[1.100s] Level 1:colcon.colcon_core.package_identification:_identify(src/build/41068_ignition_bringup/CMakeFiles/3.22.1/CompilerIdC) by extension 'ignore_ament_install'
[1.100s] Level 1:colcon.colcon_core.package_identification:_identify(src/build/41068_ignition_bringup/CMakeFiles/3.22.1/CompilerIdC) by extensions ['colcon_pkg']
[1.100s] Level 1:colcon.colcon_core.package_identification:_identify(src/build/41068_ignition_bringup/CMakeFiles/3.22.1/CompilerIdC) by extension 'colcon_pkg'
[1.100s] Level 1:colcon.colcon_core.package_identification:_identify(src/build/41068_ignition_bringup/CMakeFiles/3.22.1/CompilerIdC) by extensions ['colcon_meta']
[1.100s] Level 1:colcon.colcon_core.package_identification:_identify(src/build/41068_ignition_bringup/CMakeFiles/3.22.1/CompilerIdC) by extension 'colcon_meta'
[1.100s] Level 1:colcon.colcon_core.package_identification:_identify(src/build/41068_ignition_bringup/CMakeFiles/3.22.1/CompilerIdC) by extensions ['ros']
[1.100s] Level 1:colcon.colcon_core.package_identification:_identify(src/build/41068_ignition_bringup/CMakeFiles/3.22.1/CompilerIdC) by extension 'ros'
[1.100s] Level 1:colcon.colcon_core.package_identification:_identify(src/build/41068_ignition_bringup/CMakeFiles/3.22.1/CompilerIdC) by extensions ['cmake', 'python']
[1.100s] Level 1:colcon.colcon_core.package_identification:_identify(src/build/41068_ignition_bringup/CMakeFiles/3.22.1/CompilerIdC) by extension 'cmake'
[1.100s] Level 1:colcon.colcon_core.package_identification:_identify(src/build/41068_ignition_bringup/CMakeFiles/3.22.1/CompilerIdC) by extension 'python'
[1.100s] Level 1:colcon.colcon_core.package_identification:_identify(src/build/41068_ignition_bringup/CMakeFiles/3.22.1/CompilerIdC) by extensions ['python_setup_py']
[1.100s] Level 1:colcon.colcon_core.package_identification:_identify(src/build/41068_ignition_bringup/CMakeFiles/3.22.1/CompilerIdC) by extension 'python_setup_py'
[1.100s] Level 1:colcon.colcon_core.package_identification:_identify(src/build/41068_ignition_bringup/CMakeFiles/3.22.1/CompilerIdC/tmp) by extensions ['ignore', 'ignore_ament_install']
[1.100s] Level 1:colcon.colcon_core.package_identification:_identify(src/build/41068_ignition_bringup/CMakeFiles/3.22.1/CompilerIdC/tmp) by extension 'ignore'
[1.101s] Level 1:colcon.colcon_core.package_identification:_identify(src/build/41068_ignition_bringup/CMakeFiles/3.22.1/CompilerIdC/tmp) by extension 'ignore_ament_install'
[1.101s] Level 1:colcon.colcon_core.package_identification:_identify(src/build/41068_ignition_bringup/CMakeFiles/3.22.1/CompilerIdC/tmp) by extensions ['colcon_pkg']
[1.101s] Level 1:colcon.colcon_core.package_identification:_identify(src/build/41068_ignition_bringup/CMakeFiles/3.22.1/CompilerIdC/tmp) by extension 'colcon_pkg'
[1.101s] Level 1:colcon.colcon_core.package_identification:_identify(src/build/41068_ignition_bringup/CMakeFiles/3.22.1/CompilerIdC/tmp) by extensions ['colcon_meta']
[1.101s] Level 1:colcon.colcon_core.package_identification:_identify(src/build/41068_ignition_bringup/CMakeFiles/3.22.1/CompilerIdC/tmp) by extension 'colcon_meta'
[1.101s] Level 1:colcon.colcon_core.package_identification:_identify(src/build/41068_ignition_bringup/CMakeFiles/3.22.1/CompilerIdC/tmp) by extensions ['ros']
[1.101s] Level 1:colcon.colcon_core.package_identification:_identify(src/build/41068_ignition_bringup/CMakeFiles/3.22.1/CompilerIdC/tmp) by extension 'ros'
[1.101s] Level 1:colcon.colcon_core.package_identification:_identify(src/build/41068_ignition_bringup/CMakeFiles/3.22.1/CompilerIdC/tmp) by extensions ['cmake', 'python']
[1.101s] Level 1:colcon.colcon_core.package_identification:_identify(src/build/41068_ignition_bringup/CMakeFiles/3.22.1/CompilerIdC/tmp) by extension 'cmake'
[1.101s] Level 1:colcon.colcon_core.package_identification:_identify(src/build/41068_ignition_bringup/CMakeFiles/3.22.1/CompilerIdC/tmp) by extension 'python'
[1.101s] Level 1:colcon.colcon_core.package_identification:_identify(src/build/41068_ignition_bringup/CMakeFiles/3.22.1/CompilerIdC/tmp) by extensions ['python_setup_py']
[1.101s] Level 1:colcon.colcon_core.package_identification:_identify(src/build/41068_ignition_bringup/CMakeFiles/3.22.1/CompilerIdC/tmp) by extension 'python_setup_py'
[1.102s] Level 1:colcon.colcon_core.package_identification:_identify(src/build/41068_ignition_bringup/CMakeFiles/3.22.1/CompilerIdCXX) by extensions ['ignore', 'ignore_ament_install']
[1.102s] Level 1:colcon.colcon_core.package_identification:_identify(src/build/41068_ignition_bringup/CMakeFiles/3.22.1/CompilerIdCXX) by extension 'ignore'
[1.102s] Level 1:colcon.colcon_core.package_identification:_identify(src/build/41068_ignition_bringup/CMakeFiles/3.22.1/CompilerIdCXX) by extension 'ignore_ament_install'
[1.102s] Level 1:colcon.colcon_core.package_identification:_identify(src/build/41068_ignition_bringup/CMakeFiles/3.22.1/CompilerIdCXX) by extensions ['colcon_pkg']
[1.102s] Level 1:colcon.colcon_core.package_identification:_identify(src/build/41068_ignition_bringup/CMakeFiles/3.22.1/CompilerIdCXX) by extension 'colcon_pkg'
[1.102s] Level 1:colcon.colcon_core.package_identification:_identify(src/build/41068_ignition_bringup/CMakeFiles/3.22.1/CompilerIdCXX) by extensions ['colcon_meta']
[1.102s] Level 1:colcon.colcon_core.package_identification:_identify(src/build/41068_ignition_bringup/CMakeFiles/3.22.1/CompilerIdCXX) by extension 'colcon_meta'
[1.102s] Level 1:colcon.colcon_core.package_identification:_identify(src/build/41068_ignition_bringup/CMakeFiles/3.22.1/CompilerIdCXX) by extensions ['ros']
[1.102s] Level 1:colcon.colcon_core.package_identification:_identify(src/build/41068_ignition_bringup/CMakeFiles/3.22.1/CompilerIdCXX) by extension 'ros'
[1.102s] Level 1:colcon.colcon_core.package_identification:_identify(src/build/41068_ignition_bringup/CMakeFiles/3.22.1/CompilerIdCXX) by extensions ['cmake', 'python']
[1.102s] Level 1:colcon.colcon_core.package_identification:_identify(src/build/41068_ignition_bringup/CMakeFiles/3.22.1/CompilerIdCXX) by extension 'cmake'
[1.102s] Level 1:colcon.colcon_core.package_identification:_identify(src/build/41068_ignition_bringup/CMakeFiles/3.22.1/CompilerIdCXX) by extension 'python'
[1.102s] Level 1:colcon.colcon_core.package_identification:_identify(src/build/41068_ignition_bringup/CMakeFiles/3.22.1/CompilerIdCXX) by extensions ['python_setup_py']
[1.103s] Level 1:colcon.colcon_core.package_identification:_identify(src/build/41068_ignition_bringup/CMakeFiles/3.22.1/CompilerIdCXX) by extension 'python_setup_py'
[1.103s] Level 1:colcon.colcon_core.package_identification:_identify(src/build/41068_ignition_bringup/CMakeFiles/3.22.1/CompilerIdCXX/tmp) by extensions ['ignore', 'ignore_ament_install']
[1.103s] Level 1:colcon.colcon_core.package_identification:_identify(src/build/41068_ignition_bringup/CMakeFiles/3.22.1/CompilerIdCXX/tmp) by extension 'ignore'
[1.103s] Level 1:colcon.colcon_core.package_identification:_identify(src/build/41068_ignition_bringup/CMakeFiles/3.22.1/CompilerIdCXX/tmp) by extension 'ignore_ament_install'
[1.103s] Level 1:colcon.colcon_core.package_identification:_identify(src/build/41068_ignition_bringup/CMakeFiles/3.22.1/CompilerIdCXX/tmp) by extensions ['colcon_pkg']
[1.103s] Level 1:colcon.colcon_core.package_identification:_identify(src/build/41068_ignition_bringup/CMakeFiles/3.22.1/CompilerIdCXX/tmp) by extension 'colcon_pkg'
[1.103s] Level 1:colcon.colcon_core.package_identification:_identify(src/build/41068_ignition_bringup/CMakeFiles/3.22.1/CompilerIdCXX/tmp) by extensions ['colcon_meta']
[1.103s] Level 1:colcon.colcon_core.package_identification:_identify(src/build/41068_ignition_bringup/CMakeFiles/3.22.1/CompilerIdCXX/tmp) by extension 'colcon_meta'
[1.103s] Level 1:colcon.colcon_core.package_identification:_identify(src/build/41068_ignition_bringup/CMakeFiles/3.22.1/CompilerIdCXX/tmp) by extensions ['ros']
[1.103s] Level 1:colcon.colcon_core.package_identification:_identify(src/build/41068_ignition_bringup/CMakeFiles/3.22.1/CompilerIdCXX/tmp) by extension 'ros'
[1.104s] Level 1:colcon.colcon_core.package_identification:_identify(src/build/41068_ignition_bringup/CMakeFiles/3.22.1/CompilerIdCXX/tmp) by extensions ['cmake', 'python']
[1.104s] Level 1:colcon.colcon_core.package_identification:_identify(src/build/41068_ignition_bringup/CMakeFiles/3.22.1/CompilerIdCXX/tmp) by extension 'cmake'
[1.104s] Level 1:colcon.colcon_core.package_identification:_identify(src/build/41068_ignition_bringup/CMakeFiles/3.22.1/CompilerIdCXX/tmp) by extension 'python'
[1.104s] Level 1:colcon.colcon_core.package_identification:_identify(src/build/41068_ignition_bringup/CMakeFiles/3.22.1/CompilerIdCXX/tmp) by extensions ['python_setup_py']
[1.104s] Level 1:colcon.colcon_core.package_identification:_identify(src/build/41068_ignition_bringup/CMakeFiles/3.22.1/CompilerIdCXX/tmp) by extension 'python_setup_py'
[1.104s] Level 1:colcon.colcon_core.package_identification:_identify(src/build/41068_ignition_bringup/CMakeFiles/CMakeTmp) by extensions ['ignore', 'ignore_ament_install']
[1.104s] Level 1:colcon.colcon_core.package_identification:_identify(src/build/41068_ignition_bringup/CMakeFiles/CMakeTmp) by extension 'ignore'
[1.104s] Level 1:colcon.colcon_core.package_identification:_identify(src/build/41068_ignition_bringup/CMakeFiles/CMakeTmp) by extension 'ignore_ament_install'
[1.104s] Level 1:colcon.colcon_core.package_identification:_identify(src/build/41068_ignition_bringup/CMakeFiles/CMakeTmp) by extensions ['colcon_pkg']
[1.104s] Level 1:colcon.colcon_core.package_identification:_identify(src/build/41068_ignition_bringup/CMakeFiles/CMakeTmp) by extension 'colcon_pkg'
[1.104s] Level 1:colcon.colcon_core.package_identification:_identify(src/build/41068_ignition_bringup/CMakeFiles/CMakeTmp) by extensions ['colcon_meta']
[1.104s] Level 1:colcon.colcon_core.package_identification:_identify(src/build/41068_ignition_bringup/CMakeFiles/CMakeTmp) by extension 'colcon_meta'
[1.104s] Level 1:colcon.colcon_core.package_identification:_identify(src/build/41068_ignition_bringup/CMakeFiles/CMakeTmp) by extensions ['ros']
[1.104s] Level 1:colcon.colcon_core.package_identification:_identify(src/build/41068_ignition_bringup/CMakeFiles/CMakeTmp) by extension 'ros'
[1.104s] Level 1:colcon.colcon_core.package_identification:_identify(src/build/41068_ignition_bringup/CMakeFiles/CMakeTmp) by extensions ['cmake', 'python']
[1.104s] Level 1:colcon.colcon_core.package_identification:_identify(src/build/41068_ignition_bringup/CMakeFiles/CMakeTmp) by extension 'cmake'
[1.105s] Level 1:colcon.colcon_core.package_identification:_identify(src/build/41068_ignition_bringup/CMakeFiles/CMakeTmp) by extension 'python'
[1.105s] Level 1:colcon.colcon_core.package_identification:_identify(src/build/41068_ignition_bringup/CMakeFiles/CMakeTmp) by extensions ['python_setup_py']
[1.105s] Level 1:colcon.colcon_core.package_identification:_identify(src/build/41068_ignition_bringup/CMakeFiles/CMakeTmp) by extension 'python_setup_py'
[1.105s] Level 1:colcon.colcon_core.package_identification:_identify(src/build/41068_ignition_bringup/ament_copyright) by extensions ['ignore', 'ignore_ament_install']
[1.105s] Level 1:colcon.colcon_core.package_identification:_identify(src/build/41068_ignition_bringup/ament_copyright) by extension 'ignore'
[1.105s] Level 1:colcon.colcon_core.package_identification:_identify(src/build/41068_ignition_bringup/ament_copyright) by extension 'ignore_ament_install'
[1.105s] Level 1:colcon.colcon_core.package_identification:_identify(src/build/41068_ignition_bringup/ament_copyright) by extensions ['colcon_pkg']
[1.105s] Level 1:colcon.colcon_core.package_identification:_identify(src/build/41068_ignition_bringup/ament_copyright) by extension 'colcon_pkg'
[1.105s] Level 1:colcon.colcon_core.package_identification:_identify(src/build/41068_ignition_bringup/ament_copyright) by extensions ['colcon_meta']
[1.105s] Level 1:colcon.colcon_core.package_identification:_identify(src/build/41068_ignition_bringup/ament_copyright) by extension 'colcon_meta'
[1.105s] Level 1:colcon.colcon_core.package_identification:_identify(src/build/41068_ignition_bringup/ament_copyright) by extensions ['ros']
[1.105s] Level 1:colcon.colcon_core.package_identification:_identify(src/build/41068_ignition_bringup/ament_copyright) by extension 'ros'
[1.105s] Level 1:colcon.colcon_core.package_identification:_identify(src/build/41068_ignition_bringup/ament_copyright) by extensions ['cmake', 'python']
[1.105s] Level 1:colcon.colcon_core.package_identification:_identify(src/build/41068_ignition_bringup/ament_copyright) by extension 'cmake'
[1.105s] Level 1:colcon.colcon_core.package_identification:_identify(src/build/41068_ignition_bringup/ament_copyright) by extension 'python'
[1.105s] Level 1:colcon.colcon_core.package_identification:_identify(src/build/41068_ignition_bringup/ament_copyright) by extensions ['python_setup_py']
[1.105s] Level 1:colcon.colcon_core.package_identification:_identify(src/build/41068_ignition_bringup/ament_copyright) by extension 'python_setup_py'
[1.106s] Level 1:colcon.colcon_core.package_identification:_identify(src/build/41068_ignition_bringup/ament_flake8) by extensions ['ignore', 'ignore_ament_install']
[1.106s] Level 1:colcon.colcon_core.package_identification:_identify(src/build/41068_ignition_bringup/ament_flake8) by extension 'ignore'
[1.106s] Level 1:colcon.colcon_core.package_identification:_identify(src/build/41068_ignition_bringup/ament_flake8) by extension 'ignore_ament_install'
[1.106s] Level 1:colcon.colcon_core.package_identification:_identify(src/build/41068_ignition_bringup/ament_flake8) by extensions ['colcon_pkg']
[1.106s] Level 1:colcon.colcon_core.package_identification:_identify(src/build/41068_ignition_bringup/ament_flake8) by extension 'colcon_pkg'
[1.106s] Level 1:colcon.colcon_core.package_identification:_identify(src/build/41068_ignition_bringup/ament_flake8) by extensions ['colcon_meta']
[1.106s] Level 1:colcon.colcon_core.package_identification:_identify(src/build/41068_ignition_bringup/ament_flake8) by extension 'colcon_meta'
[1.106s] Level 1:colcon.colcon_core.package_identification:_identify(src/build/41068_ignition_bringup/ament_flake8) by extensions ['ros']
[1.106s] Level 1:colcon.colcon_core.package_identification:_identify(src/build/41068_ignition_bringup/ament_flake8) by extension 'ros'
[1.106s] Level 1:colcon.colcon_core.package_identification:_identify(src/build/41068_ignition_bringup/ament_flake8) by extensions ['cmake', 'python']
[1.106s] Level 1:colcon.colcon_core.package_identification:_identify(src/build/41068_ignition_bringup/ament_flake8) by extension 'cmake'
[1.106s] Level 1:colcon.colcon_core.package_identification:_identify(src/build/41068_ignition_bringup/ament_flake8) by extension 'python'
[1.106s] Level 1:colcon.colcon_core.package_identification:_identify(src/build/41068_ignition_bringup/ament_flake8) by extensions ['python_setup_py']
[1.106s] Level 1:colcon.colcon_core.package_identification:_identify(src/build/41068_ignition_bringup/ament_flake8) by extension 'python_setup_py'
[1.106s] Level 1:colcon.colcon_core.package_identification:_identify(src/build/41068_ignition_bringup/ament_lint_cmake) by extensions ['ignore', 'ignore_ament_install']
[1.107s] Level 1:colcon.colcon_core.package_identification:_identify(src/build/41068_ignition_bringup/ament_lint_cmake) by extension 'ignore'
[1.107s] Level 1:colcon.colcon_core.package_identification:_identify(src/build/41068_ignition_bringup/ament_lint_cmake) by extension 'ignore_ament_install'
[1.107s] Level 1:colcon.colcon_core.package_identification:_identify(src/build/41068_ignition_bringup/ament_lint_cmake) by extensions ['colcon_pkg']
[1.107s] Level 1:colcon.colcon_core.package_identification:_identify(src/build/41068_ignition_bringup/ament_lint_cmake) by extension 'colcon_pkg'
[1.107s] Level 1:colcon.colcon_core.package_identification:_identify(src/build/41068_ignition_bringup/ament_lint_cmake) by extensions ['colcon_meta']
[1.107s] Level 1:colcon.colcon_core.package_identification:_identify(src/build/41068_ignition_bringup/ament_lint_cmake) by extension 'colcon_meta'
[1.107s] Level 1:colcon.colcon_core.package_identification:_identify(src/build/41068_ignition_bringup/ament_lint_cmake) by extensions ['ros']
[1.107s] Level 1:colcon.colcon_core.package_identification:_identify(src/build/41068_ignition_bringup/ament_lint_cmake) by extension 'ros'
[1.107s] Level 1:colcon.colcon_core.package_identification:_identify(src/build/41068_ignition_bringup/ament_lint_cmake) by extensions ['cmake', 'python']
[1.107s] Level 1:colcon.colcon_core.package_identification:_identify(src/build/41068_ignition_bringup/ament_lint_cmake) by extension 'cmake'
[1.107s] Level 1:colcon.colcon_core.package_identification:_identify(src/build/41068_ignition_bringup/ament_lint_cmake) by extension 'python'
[1.107s] Level 1:colcon.colcon_core.package_identification:_identify(src/build/41068_ignition_bringup/ament_lint_cmake) by extensions ['python_setup_py']
[1.107s] Level 1:colcon.colcon_core.package_identification:_identify(src/build/41068_ignition_bringup/ament_lint_cmake) by extension 'python_setup_py'
[1.107s] Level 1:colcon.colcon_core.package_identification:_identify(src/build/41068_ignition_bringup/ament_pep257) by extensions ['ignore', 'ignore_ament_install']
[1.108s] Level 1:colcon.colcon_core.package_identification:_identify(src/build/41068_ignition_bringup/ament_pep257) by extension 'ignore'
[1.108s] Level 1:colcon.colcon_core.package_identification:_identify(src/build/41068_ignition_bringup/ament_pep257) by extension 'ignore_ament_install'
[1.108s] Level 1:colcon.colcon_core.package_identification:_identify(src/build/41068_ignition_bringup/ament_pep257) by extensions ['colcon_pkg']
[1.108s] Level 1:colcon.colcon_core.package_identification:_identify(src/build/41068_ignition_bringup/ament_pep257) by extension 'colcon_pkg'
[1.108s] Level 1:colcon.colcon_core.package_identification:_identify(src/build/41068_ignition_bringup/ament_pep257) by extensions ['colcon_meta']
[1.108s] Level 1:colcon.colcon_core.package_identification:_identify(src/build/41068_ignition_bringup/ament_pep257) by extension 'colcon_meta'
[1.108s] Level 1:colcon.colcon_core.package_identification:_identify(src/build/41068_ignition_bringup/ament_pep257) by extensions ['ros']
[1.108s] Level 1:colcon.colcon_core.package_identification:_identify(src/build/41068_ignition_bringup/ament_pep257) by extension 'ros'
[1.108s] Level 1:colcon.colcon_core.package_identification:_identify(src/build/41068_ignition_bringup/ament_pep257) by extensions ['cmake', 'python']
[1.108s] Level 1:colcon.colcon_core.package_identification:_identify(src/build/41068_ignition_bringup/ament_pep257) by extension 'cmake'
[1.108s] Level 1:colcon.colcon_core.package_identification:_identify(src/build/41068_ignition_bringup/ament_pep257) by extension 'python'
[1.108s] Level 1:colcon.colcon_core.package_identification:_identify(src/build/41068_ignition_bringup/ament_pep257) by extensions ['python_setup_py']
[1.108s] Level 1:colcon.colcon_core.package_identification:_identify(src/build/41068_ignition_bringup/ament_pep257) by extension 'python_setup_py'
[1.108s] Level 1:colcon.colcon_core.package_identification:_identify(src/build/41068_ignition_bringup/ament_xmllint) by extensions ['ignore', 'ignore_ament_install']
[1.109s] Level 1:colcon.colcon_core.package_identification:_identify(src/build/41068_ignition_bringup/ament_xmllint) by extension 'ignore'
[1.109s] Level 1:colcon.colcon_core.package_identification:_identify(src/build/41068_ignition_bringup/ament_xmllint) by extension 'ignore_ament_install'
[1.109s] Level 1:colcon.colcon_core.package_identification:_identify(src/build/41068_ignition_bringup/ament_xmllint) by extensions ['colcon_pkg']
[1.109s] Level 1:colcon.colcon_core.package_identification:_identify(src/build/41068_ignition_bringup/ament_xmllint) by extension 'colcon_pkg'
[1.109s] Level 1:colcon.colcon_core.package_identification:_identify(src/build/41068_ignition_bringup/ament_xmllint) by extensions ['colcon_meta']
[1.109s] Level 1:colcon.colcon_core.package_identification:_identify(src/build/41068_ignition_bringup/ament_xmllint) by extension 'colcon_meta'
[1.109s] Level 1:colcon.colcon_core.package_identification:_identify(src/build/41068_ignition_bringup/ament_xmllint) by extensions ['ros']
[1.109s] Level 1:colcon.colcon_core.package_identification:_identify(src/build/41068_ignition_bringup/ament_xmllint) by extension 'ros'
[1.109s] Level 1:colcon.colcon_core.package_identification:_identify(src/build/41068_ignition_bringup/ament_xmllint) by extensions ['cmake', 'python']
[1.109s] Level 1:colcon.colcon_core.package_identification:_identify(src/build/41068_ignition_bringup/ament_xmllint) by extension 'cmake'
[1.109s] Level 1:colcon.colcon_core.package_identification:_identify(src/build/41068_ignition_bringup/ament_xmllint) by extension 'python'
[1.109s] Level 1:colcon.colcon_core.package_identification:_identify(src/build/41068_ignition_bringup/ament_xmllint) by extensions ['python_setup_py']
[1.109s] Level 1:colcon.colcon_core.package_identification:_identify(src/build/41068_ignition_bringup/ament_xmllint) by extension 'python_setup_py'
[1.109s] Level 1:colcon.colcon_core.package_identification:_identify(src/build/CMakeFiles) by extensions ['ignore', 'ignore_ament_install']
[1.110s] Level 1:colcon.colcon_core.package_identification:_identify(src/build/CMakeFiles) by extension 'ignore'
[1.110s] Level 1:colcon.colcon_core.package_identification:_identify(src/build/CMakeFiles) by extension 'ignore_ament_install'
[1.110s] Level 1:colcon.colcon_core.package_identification:_identify(src/build/CMakeFiles) by extensions ['colcon_pkg']
[1.110s] Level 1:colcon.colcon_core.package_identification:_identify(src/build/CMakeFiles) by extension 'colcon_pkg'
[1.110s] Level 1:colcon.colcon_core.package_identification:_identify(src/build/CMakeFiles) by extensions ['colcon_meta']
[1.110s] Level 1:colcon.colcon_core.package_identification:_identify(src/build/CMakeFiles) by extension 'colcon_meta'
[1.110s] Level 1:colcon.colcon_core.package_identification:_identify(src/build/CMakeFiles) by extensions ['ros']
[1.110s] Level 1:colcon.colcon_core.package_identification:_identify(src/build/CMakeFiles) by extension 'ros'
[1.110s] Level 1:colcon.colcon_core.package_identification:_identify(src/build/CMakeFiles) by extensions ['cmake', 'python']
[1.110s] Level 1:colcon.colcon_core.package_identification:_identify(src/build/CMakeFiles) by extension 'cmake'
[1.111s] Level 1:colcon.colcon_core.package_identification:_identify(src/build/CMakeFiles) by extension 'python'
[1.111s] Level 1:colcon.colcon_core.package_identification:_identify(src/build/CMakeFiles) by extensions ['python_setup_py']
[1.111s] Level 1:colcon.colcon_core.package_identification:_identify(src/build/CMakeFiles) by extension 'python_setup_py'
[1.111s] Level 1:colcon.colcon_core.package_identification:_identify(src/build/CMakeFiles/3.22.1) by extensions ['ignore', 'ignore_ament_install']
[1.111s] Level 1:colcon.colcon_core.package_identification:_identify(src/build/CMakeFiles/3.22.1) by extension 'ignore'
[1.111s] Level 1:colcon.colcon_core.package_identification:_identify(src/build/CMakeFiles/3.22.1) by extension 'ignore_ament_install'
[1.111s] Level 1:colcon.colcon_core.package_identification:_identify(src/build/CMakeFiles/3.22.1) by extensions ['colcon_pkg']
[1.111s] Level 1:colcon.colcon_core.package_identification:_identify(src/build/CMakeFiles/3.22.1) by extension 'colcon_pkg'
[1.111s] Level 1:colcon.colcon_core.package_identification:_identify(src/build/CMakeFiles/3.22.1) by extensions ['colcon_meta']
[1.111s] Level 1:colcon.colcon_core.package_identification:_identify(src/build/CMakeFiles/3.22.1) by extension 'colcon_meta'
[1.111s] Level 1:colcon.colcon_core.package_identification:_identify(src/build/CMakeFiles/3.22.1) by extensions ['ros']
[1.111s] Level 1:colcon.colcon_core.package_identification:_identify(src/build/CMakeFiles/3.22.1) by extension 'ros'
[1.111s] Level 1:colcon.colcon_core.package_identification:_identify(src/build/CMakeFiles/3.22.1) by extensions ['cmake', 'python']
[1.112s] Level 1:colcon.colcon_core.package_identification:_identify(src/build/CMakeFiles/3.22.1) by extension 'cmake'
[1.112s] Level 1:colcon.colcon_core.package_identification:_identify(src/build/CMakeFiles/3.22.1) by extension 'python'
[1.112s] Level 1:colcon.colcon_core.package_identification:_identify(src/build/CMakeFiles/3.22.1) by extensions ['python_setup_py']
[1.112s] Level 1:colcon.colcon_core.package_identification:_identify(src/build/CMakeFiles/3.22.1) by extension 'python_setup_py'
[1.112s] Level 1:colcon.colcon_core.package_identification:_identify(src/build/CMakeFiles/3.22.1/CompilerIdC) by extensions ['ignore', 'ignore_ament_install']
[1.112s] Level 1:colcon.colcon_core.package_identification:_identify(src/build/CMakeFiles/3.22.1/CompilerIdC) by extension 'ignore'
[1.112s] Level 1:colcon.colcon_core.package_identification:_identify(src/build/CMakeFiles/3.22.1/CompilerIdC) by extension 'ignore_ament_install'
[1.112s] Level 1:colcon.colcon_core.package_identification:_identify(src/build/CMakeFiles/3.22.1/CompilerIdC) by extensions ['colcon_pkg']
[1.112s] Level 1:colcon.colcon_core.package_identification:_identify(src/build/CMakeFiles/3.22.1/CompilerIdC) by extension 'colcon_pkg'
[1.112s] Level 1:colcon.colcon_core.package_identification:_identify(src/build/CMakeFiles/3.22.1/CompilerIdC) by extensions ['colcon_meta']
[1.112s] Level 1:colcon.colcon_core.package_identification:_identify(src/build/CMakeFiles/3.22.1/CompilerIdC) by extension 'colcon_meta'
[1.112s] Level 1:colcon.colcon_core.package_identification:_identify(src/build/CMakeFiles/3.22.1/CompilerIdC) by extensions ['ros']
[1.112s] Level 1:colcon.colcon_core.package_identification:_identify(src/build/CMakeFiles/3.22.1/CompilerIdC) by extension 'ros'
[1.112s] Level 1:colcon.colcon_core.package_identification:_identify(src/build/CMakeFiles/3.22.1/CompilerIdC) by extensions ['cmake', 'python']
[1.112s] Level 1:colcon.colcon_core.package_identification:_identify(src/build/CMakeFiles/3.22.1/CompilerIdC) by extension 'cmake'
[1.113s] Level 1:colcon.colcon_core.package_identification:_identify(src/build/CMakeFiles/3.22.1/CompilerIdC) by extension 'python'
[1.113s] Level 1:colcon.colcon_core.package_identification:_identify(src/build/CMakeFiles/3.22.1/CompilerIdC) by extensions ['python_setup_py']
[1.113s] Level 1:colcon.colcon_core.package_identification:_identify(src/build/CMakeFiles/3.22.1/CompilerIdC) by extension 'python_setup_py'
[1.113s] Level 1:colcon.colcon_core.package_identification:_identify(src/build/CMakeFiles/3.22.1/CompilerIdC/tmp) by extensions ['ignore', 'ignore_ament_install']
[1.113s] Level 1:colcon.colcon_core.package_identification:_identify(src/build/CMakeFiles/3.22.1/CompilerIdC/tmp) by extension 'ignore'
[1.113s] Level 1:colcon.colcon_core.package_identification:_identify(src/build/CMakeFiles/3.22.1/CompilerIdC/tmp) by extension 'ignore_ament_install'
[1.113s] Level 1:colcon.colcon_core.package_identification:_identify(src/build/CMakeFiles/3.22.1/CompilerIdC/tmp) by extensions ['colcon_pkg']
[1.113s] Level 1:colcon.colcon_core.package_identification:_identify(src/build/CMakeFiles/3.22.1/CompilerIdC/tmp) by extension 'colcon_pkg'
[1.113s] Level 1:colcon.colcon_core.package_identification:_identify(src/build/CMakeFiles/3.22.1/CompilerIdC/tmp) by extensions ['colcon_meta']
[1.113s] Level 1:colcon.colcon_core.package_identification:_identify(src/build/CMakeFiles/3.22.1/CompilerIdC/tmp) by extension 'colcon_meta'
[1.113s] Level 1:colcon.colcon_core.package_identification:_identify(src/build/CMakeFiles/3.22.1/CompilerIdC/tmp) by extensions ['ros']
[1.113s] Level 1:colcon.colcon_core.package_identification:_identify(src/build/CMakeFiles/3.22.1/CompilerIdC/tmp) by extension 'ros'
[1.113s] Level 1:colcon.colcon_core.package_identification:_identify(src/build/CMakeFiles/3.22.1/CompilerIdC/tmp) by extensions ['cmake', 'python']
[1.113s] Level 1:colcon.colcon_core.package_identification:_identify(src/build/CMakeFiles/3.22.1/CompilerIdC/tmp) by extension 'cmake'
[1.114s] Level 1:colcon.colcon_core.package_identification:_identify(src/build/CMakeFiles/3.22.1/CompilerIdC/tmp) by extension 'python'
[1.114s] Level 1:colcon.colcon_core.package_identification:_identify(src/build/CMakeFiles/3.22.1/CompilerIdC/tmp) by extensions ['python_setup_py']
[1.114s] Level 1:colcon.colcon_core.package_identification:_identify(src/build/CMakeFiles/3.22.1/CompilerIdC/tmp) by extension 'python_setup_py'
[1.114s] Level 1:colcon.colcon_core.package_identification:_identify(src/build/CMakeFiles/3.22.1/CompilerIdCXX) by extensions ['ignore', 'ignore_ament_install']
[1.114s] Level 1:colcon.colcon_core.package_identification:_identify(src/build/CMakeFiles/3.22.1/CompilerIdCXX) by extension 'ignore'
[1.114s] Level 1:colcon.colcon_core.package_identification:_identify(src/build/CMakeFiles/3.22.1/CompilerIdCXX) by extension 'ignore_ament_install'
[1.115s] Level 1:colcon.colcon_core.package_identification:_identify(src/build/CMakeFiles/3.22.1/CompilerIdCXX) by extensions ['colcon_pkg']
[1.115s] Level 1:colcon.colcon_core.package_identification:_identify(src/build/CMakeFiles/3.22.1/CompilerIdCXX) by extension 'colcon_pkg'
[1.115s] Level 1:colcon.colcon_core.package_identification:_identify(src/build/CMakeFiles/3.22.1/CompilerIdCXX) by extensions ['colcon_meta']
[1.115s] Level 1:colcon.colcon_core.package_identification:_identify(src/build/CMakeFiles/3.22.1/CompilerIdCXX) by extension 'colcon_meta'
[1.115s] Level 1:colcon.colcon_core.package_identification:_identify(src/build/CMakeFiles/3.22.1/CompilerIdCXX) by extensions ['ros']
[1.115s] Level 1:colcon.colcon_core.package_identification:_identify(src/build/CMakeFiles/3.22.1/CompilerIdCXX) by extension 'ros'
[1.115s] Level 1:colcon.colcon_core.package_identification:_identify(src/build/CMakeFiles/3.22.1/CompilerIdCXX) by extensions ['cmake', 'python']
[1.115s] Level 1:colcon.colcon_core.package_identification:_identify(src/build/CMakeFiles/3.22.1/CompilerIdCXX) by extension 'cmake'
[1.115s] Level 1:colcon.colcon_core.package_identification:_identify(src/build/CMakeFiles/3.22.1/CompilerIdCXX) by extension 'python'
[1.115s] Level 1:colcon.colcon_core.package_identification:_identify(src/build/CMakeFiles/3.22.1/CompilerIdCXX) by extensions ['python_setup_py']
[1.116s] Level 1:colcon.colcon_core.package_identification:_identify(src/build/CMakeFiles/3.22.1/CompilerIdCXX) by extension 'python_setup_py'
[1.116s] Level 1:colcon.colcon_core.package_identification:_identify(src/build/CMakeFiles/3.22.1/CompilerIdCXX/tmp) by extensions ['ignore', 'ignore_ament_install']
[1.116s] Level 1:colcon.colcon_core.package_identification:_identify(src/build/CMakeFiles/3.22.1/CompilerIdCXX/tmp) by extension 'ignore'
[1.116s] Level 1:colcon.colcon_core.package_identification:_identify(src/build/CMakeFiles/3.22.1/CompilerIdCXX/tmp) by extension 'ignore_ament_install'
[1.116s] Level 1:colcon.colcon_core.package_identification:_identify(src/build/CMakeFiles/3.22.1/CompilerIdCXX/tmp) by extensions ['colcon_pkg']
[1.116s] Level 1:colcon.colcon_core.package_identification:_identify(src/build/CMakeFiles/3.22.1/CompilerIdCXX/tmp) by extension 'colcon_pkg'
[1.116s] Level 1:colcon.colcon_core.package_identification:_identify(src/build/CMakeFiles/3.22.1/CompilerIdCXX/tmp) by extensions ['colcon_meta']
[1.116s] Level 1:colcon.colcon_core.package_identification:_identify(src/build/CMakeFiles/3.22.1/CompilerIdCXX/tmp) by extension 'colcon_meta'
[1.116s] Level 1:colcon.colcon_core.package_identification:_identify(src/build/CMakeFiles/3.22.1/CompilerIdCXX/tmp) by extensions ['ros']
[1.117s] Level 1:colcon.colcon_core.package_identification:_identify(src/build/CMakeFiles/3.22.1/CompilerIdCXX/tmp) by extension 'ros'
[1.117s] Level 1:colcon.colcon_core.package_identification:_identify(src/build/CMakeFiles/3.22.1/CompilerIdCXX/tmp) by extensions ['cmake', 'python']
[1.117s] Level 1:colcon.colcon_core.package_identification:_identify(src/build/CMakeFiles/3.22.1/CompilerIdCXX/tmp) by extension 'cmake'
[1.117s] Level 1:colcon.colcon_core.package_identification:_identify(src/build/CMakeFiles/3.22.1/CompilerIdCXX/tmp) by extension 'python'
[1.117s] Level 1:colcon.colcon_core.package_identification:_identify(src/build/CMakeFiles/3.22.1/CompilerIdCXX/tmp) by extensions ['python_setup_py']
[1.117s] Level 1:colcon.colcon_core.package_identification:_identify(src/build/CMakeFiles/3.22.1/CompilerIdCXX/tmp) by extension 'python_setup_py'
[1.117s] Level 1:colcon.colcon_core.package_identification:_identify(src/build/CMakeFiles/41068_ignition_bringup_uninstall.dir) by extensions ['ignore', 'ignore_ament_install']
[1.117s] Level 1:colcon.colcon_core.package_identification:_identify(src/build/CMakeFiles/41068_ignition_bringup_uninstall.dir) by extension 'ignore'
[1.117s] Level 1:colcon.colcon_core.package_identification:_identify(src/build/CMakeFiles/41068_ignition_bringup_uninstall.dir) by extension 'ignore_ament_install'
[1.117s] Level 1:colcon.colcon_core.package_identification:_identify(src/build/CMakeFiles/41068_ignition_bringup_uninstall.dir) by extensions ['colcon_pkg']
[1.117s] Level 1:colcon.colcon_core.package_identification:_identify(src/build/CMakeFiles/41068_ignition_bringup_uninstall.dir) by extension 'colcon_pkg'
[1.117s] Level 1:colcon.colcon_core.package_identification:_identify(src/build/CMakeFiles/41068_ignition_bringup_uninstall.dir) by extensions ['colcon_meta']
[1.117s] Level 1:colcon.colcon_core.package_identification:_identify(src/build/CMakeFiles/41068_ignition_bringup_uninstall.dir) by extension 'colcon_meta'
[1.117s] Level 1:colcon.colcon_core.package_identification:_identify(src/build/CMakeFiles/41068_ignition_bringup_uninstall.dir) by extensions ['ros']
[1.117s] Level 1:colcon.colcon_core.package_identification:_identify(src/build/CMakeFiles/41068_ignition_bringup_uninstall.dir) by extension 'ros'
[1.117s] Level 1:colcon.colcon_core.package_identification:_identify(src/build/CMakeFiles/41068_ignition_bringup_uninstall.dir) by extensions ['cmake', 'python']
[1.118s] Level 1:colcon.colcon_core.package_identification:_identify(src/build/CMakeFiles/41068_ignition_bringup_uninstall.dir) by extension 'cmake'
[1.118s] Level 1:colcon.colcon_core.package_identification:_identify(src/build/CMakeFiles/41068_ignition_bringup_uninstall.dir) by extension 'python'
[1.118s] Level 1:colcon.colcon_core.package_identification:_identify(src/build/CMakeFiles/41068_ignition_bringup_uninstall.dir) by extensions ['python_setup_py']
[1.118s] Level 1:colcon.colcon_core.package_identification:_identify(src/build/CMakeFiles/41068_ignition_bringup_uninstall.dir) by extension 'python_setup_py'
[1.118s] Level 1:colcon.colcon_core.package_identification:_identify(src/build/CMakeFiles/CMakeTmp) by extensions ['ignore', 'ignore_ament_install']
[1.118s] Level 1:colcon.colcon_core.package_identification:_identify(src/build/CMakeFiles/CMakeTmp) by extension 'ignore'
[1.118s] Level 1:colcon.colcon_core.package_identification:_identify(src/build/CMakeFiles/CMakeTmp) by extension 'ignore_ament_install'
[1.118s] Level 1:colcon.colcon_core.package_identification:_identify(src/build/CMakeFiles/CMakeTmp) by extensions ['colcon_pkg']
[1.118s] Level 1:colcon.colcon_core.package_identification:_identify(src/build/CMakeFiles/CMakeTmp) by extension 'colcon_pkg'
[1.119s] Level 1:colcon.colcon_core.package_identification:_identify(src/build/CMakeFiles/CMakeTmp) by extensions ['colcon_meta']
[1.119s] Level 1:colcon.colcon_core.package_identification:_identify(src/build/CMakeFiles/CMakeTmp) by extension 'colcon_meta'
[1.119s] Level 1:colcon.colcon_core.package_identification:_identify(src/build/CMakeFiles/CMakeTmp) by extensions ['ros']
[1.119s] Level 1:colcon.colcon_core.package_identification:_identify(src/build/CMakeFiles/CMakeTmp) by extension 'ros'
[1.119s] Level 1:colcon.colcon_core.package_identification:_identify(src/build/CMakeFiles/CMakeTmp) by extensions ['cmake', 'python']
[1.119s] Level 1:colcon.colcon_core.package_identification:_identify(src/build/CMakeFiles/CMakeTmp) by extension 'cmake'
[1.119s] Level 1:colcon.colcon_core.package_identification:_identify(src/build/CMakeFiles/CMakeTmp) by extension 'python'
[1.119s] Level 1:colcon.colcon_core.package_identification:_identify(src/build/CMakeFiles/CMakeTmp) by extensions ['python_setup_py']
[1.119s] Level 1:colcon.colcon_core.package_identification:_identify(src/build/CMakeFiles/CMakeTmp) by extension 'python_setup_py'
[1.119s] Level 1:colcon.colcon_core.package_identification:_identify(src/build/CMakeFiles/uninstall.dir) by extensions ['ignore', 'ignore_ament_install']
[1.119s] Level 1:colcon.colcon_core.package_identification:_identify(src/build/CMakeFiles/uninstall.dir) by extension 'ignore'
[1.120s] Level 1:colcon.colcon_core.package_identification:_identify(src/build/CMakeFiles/uninstall.dir) by extension 'ignore_ament_install'
[1.120s] Level 1:colcon.colcon_core.package_identification:_identify(src/build/CMakeFiles/uninstall.dir) by extensions ['colcon_pkg']
[1.120s] Level 1:colcon.colcon_core.package_identification:_identify(src/build/CMakeFiles/uninstall.dir) by extension 'colcon_pkg'
[1.120s] Level 1:colcon.colcon_core.package_identification:_identify(src/build/CMakeFiles/uninstall.dir) by extensions ['colcon_meta']
[1.120s] Level 1:colcon.colcon_core.package_identification:_identify(src/build/CMakeFiles/uninstall.dir) by extension 'colcon_meta'
[1.120s] Level 1:colcon.colcon_core.package_identification:_identify(src/build/CMakeFiles/uninstall.dir) by extensions ['ros']
[1.120s] Level 1:colcon.colcon_core.package_identification:_identify(src/build/CMakeFiles/uninstall.dir) by extension 'ros'
[1.120s] Level 1:colcon.colcon_core.package_identification:_identify(src/build/CMakeFiles/uninstall.dir) by extensions ['cmake', 'python']
[1.120s] Level 1:colcon.colcon_core.package_identification:_identify(src/build/CMakeFiles/uninstall.dir) by extension 'cmake'
[1.121s] Level 1:colcon.colcon_core.package_identification:_identify(src/build/CMakeFiles/uninstall.dir) by extension 'python'
[1.121s] Level 1:colcon.colcon_core.package_identification:_identify(src/build/CMakeFiles/uninstall.dir) by extensions ['python_setup_py']
[1.121s] Level 1:colcon.colcon_core.package_identification:_identify(src/build/CMakeFiles/uninstall.dir) by extension 'python_setup_py'
[1.121s] Level 1:colcon.colcon_core.package_identification:_identify(src/build/Testing) by extensions ['ignore', 'ignore_ament_install']
[1.121s] Level 1:colcon.colcon_core.package_identification:_identify(src/build/Testing) by extension 'ignore'
[1.121s] Level 1:colcon.colcon_core.package_identification:_identify(src/build/Testing) by extension 'ignore_ament_install'
[1.121s] Level 1:colcon.colcon_core.package_identification:_identify(src/build/Testing) by extensions ['colcon_pkg']
[1.121s] Level 1:colcon.colcon_core.package_identification:_identify(src/build/Testing) by extension 'colcon_pkg'
[1.122s] Level 1:colcon.colcon_core.package_identification:_identify(src/build/Testing) by extensions ['colcon_meta']
[1.122s] Level 1:colcon.colcon_core.package_identification:_identify(src/build/Testing) by extension 'colcon_meta'
[1.122s] Level 1:colcon.colcon_core.package_identification:_identify(src/build/Testing) by extensions ['ros']
[1.122s] Level 1:colcon.colcon_core.package_identification:_identify(src/build/Testing) by extension 'ros'
[1.122s] Level 1:colcon.colcon_core.package_identification:_identify(src/build/Testing) by extensions ['cmake', 'python']
[1.122s] Level 1:colcon.colcon_core.package_identification:_identify(src/build/Testing) by extension 'cmake'
[1.122s] Level 1:colcon.colcon_core.package_identification:_identify(src/build/Testing) by extension 'python'
[1.122s] Level 1:colcon.colcon_core.package_identification:_identify(src/build/Testing) by extensions ['python_setup_py']
[1.122s] Level 1:colcon.colcon_core.package_identification:_identify(src/build/Testing) by extension 'python_setup_py'
[1.122s] Level 1:colcon.colcon_core.package_identification:_identify(src/build/Testing/20260817-2301) by extensions ['ignore', 'ignore_ament_install']
[1.122s] Level 1:colcon.colcon_core.package_identification:_identify(src/build/Testing/20260817-2301) by extension 'ignore'
[1.122s] Level 1:colcon.colcon_core.package_identification:_identify(src/build/Testing/20260817-2301) by extension 'ignore_ament_install'
[1.123s] Level 1:colcon.colcon_core.package_identification:_identify(src/build/Testing/20260817-2301) by extensions ['colcon_pkg']
[1.123s] Level 1:colcon.colcon_core.package_identification:_identify(src/build/Testing/20260817-2301) by extension 'colcon_pkg'
[1.123s] Level 1:colcon.colcon_core.package_identification:_identify(src/build/Testing/20260817-2301) by extensions ['colcon_meta']
[1.123s] Level 1:colcon.colcon_core.package_identification:_identify(src/build/Testing/20260817-2301) by extension 'colcon_meta'
[1.123s] Level 1:colcon.colcon_core.package_identification:_identify(src/build/Testing/20260817-2301) by extensions ['ros']
[1.123s] Level 1:colcon.colcon_core.package_identification:_identify(src/build/Testing/20260817-2301) by extension 'ros'
[1.123s] Level 1:colcon.colcon_core.package_identification:_identify(src/build/Testing/20260817-2301) by extensions ['cmake', 'python']
[1.123s] Level 1:colcon.colcon_core.package_identification:_identify(src/build/Testing/20260817-2301) by extension 'cmake'
[1.123s] Level 1:colcon.colcon_core.package_identification:_identify(src/build/Testing/20260817-2301) by extension 'python'
[1.123s] Level 1:colcon.colcon_core.package_identification:_identify(src/build/Testing/20260817-2301) by extensions ['python_setup_py']
[1.123s] Level 1:colcon.colcon_core.package_identification:_identify(src/build/Testing/20260817-2301) by extension 'python_setup_py'
[1.123s] Level 1:colcon.colcon_core.package_identification:_identify(src/build/Testing/Temporary) by extensions ['ignore', 'ignore_ament_install']
[1.123s] Level 1:colcon.colcon_core.package_identification:_identify(src/build/Testing/Temporary) by extension 'ignore'
[1.123s] Level 1:colcon.colcon_core.package_identification:_identify(src/build/Testing/Temporary) by extension 'ignore_ament_install'
[1.124s] Level 1:colcon.colcon_core.package_identification:_identify(src/build/Testing/Temporary) by extensions ['colcon_pkg']
[1.124s] Level 1:colcon.colcon_core.package_identification:_identify(src/build/Testing/Temporary) by extension 'colcon_pkg'
[1.124s] Level 1:colcon.colcon_core.package_identification:_identify(src/build/Testing/Temporary) by extensions ['colcon_meta']
[1.124s] Level 1:colcon.colcon_core.package_identification:_identify(src/build/Testing/Temporary) by extension 'colcon_meta'
[1.124s] Level 1:colcon.colcon_core.package_identification:_identify(src/build/Testing/Temporary) by extensions ['ros']
[1.124s] Level 1:colcon.colcon_core.package_identification:_identify(src/build/Testing/Temporary) by extension 'ros'
[1.124s] Level 1:colcon.colcon_core.package_identification:_identify(src/build/Testing/Temporary) by extensions ['cmake', 'python']
[1.124s] Level 1:colcon.colcon_core.package_identification:_identify(src/build/Testing/Temporary) by extension 'cmake'
[1.124s] Level 1:colcon.colcon_core.package_identification:_identify(src/build/Testing/Temporary) by extension 'python'
[1.124s] Level 1:colcon.colcon_core.package_identification:_identify(src/build/Testing/Temporary) by extensions ['python_setup_py']
[1.124s] Level 1:colcon.colcon_core.package_identification:_identify(src/build/Testing/Temporary) by extension 'python_setup_py'
[1.124s] Level 1:colcon.colcon_core.package_identification:_identify(src/build/ament_cmake_core) by extensions ['ignore', 'ignore_ament_install']
[1.124s] Level 1:colcon.colcon_core.package_identification:_identify(src/build/ament_cmake_core) by extension 'ignore'
[1.124s] Level 1:colcon.colcon_core.package_identification:_identify(src/build/ament_cmake_core) by extension 'ignore_ament_install'
[1.125s] Level 1:colcon.colcon_core.package_identification:_identify(src/build/ament_cmake_core) by extensions ['colcon_pkg']
[1.125s] Level 1:colcon.colcon_core.package_identification:_identify(src/build/ament_cmake_core) by extension 'colcon_pkg'
[1.125s] Level 1:colcon.colcon_core.package_identification:_identify(src/build/ament_cmake_core) by extensions ['colcon_meta']
[1.125s] Level 1:colcon.colcon_core.package_identification:_identify(src/build/ament_cmake_core) by extension 'colcon_meta'
[1.125s] Level 1:colcon.colcon_core.package_identification:_identify(src/build/ament_cmake_core) by extensions ['ros']
[1.125s] Level 1:colcon.colcon_core.package_identification:_identify(src/build/ament_cmake_core) by extension 'ros'
[1.125s] Level 1:colcon.colcon_core.package_identification:_identify(src/build/ament_cmake_core) by extensions ['cmake', 'python']
[1.125s] Level 1:colcon.colcon_core.package_identification:_identify(src/build/ament_cmake_core) by extension 'cmake'
[1.125s] Level 1:colcon.colcon_core.package_identification:_identify(src/build/ament_cmake_core) by extension 'python'
[1.125s] Level 1:colcon.colcon_core.package_identification:_identify(src/build/ament_cmake_core) by extensions ['python_setup_py']
[1.125s] Level 1:colcon.colcon_core.package_identification:_identify(src/build/ament_cmake_core) by extension 'python_setup_py'
[1.125s] Level 1:colcon.colcon_core.package_identification:_identify(src/build/ament_cmake_core/stamps) by extensions ['ignore', 'ignore_ament_install']
[1.125s] Level 1:colcon.colcon_core.package_identification:_identify(src/build/ament_cmake_core/stamps) by extension 'ignore'
[1.126s] Level 1:colcon.colcon_core.package_identification:_identify(src/build/ament_cmake_core/stamps) by extension 'ignore_ament_install'
[1.126s] Level 1:colcon.colcon_core.package_identification:_identify(src/build/ament_cmake_core/stamps) by extensions ['colcon_pkg']
[1.126s] Level 1:colcon.colcon_core.package_identification:_identify(src/build/ament_cmake_core/stamps) by extension 'colcon_pkg'
[1.126s] Level 1:colcon.colcon_core.package_identification:_identify(src/build/ament_cmake_core/stamps) by extensions ['colcon_meta']
[1.126s] Level 1:colcon.colcon_core.package_identification:_identify(src/build/ament_cmake_core/stamps) by extension 'colcon_meta'
[1.126s] Level 1:colcon.colcon_core.package_identification:_identify(src/build/ament_cmake_core/stamps) by extensions ['ros']
[1.126s] Level 1:colcon.colcon_core.package_identification:_identify(src/build/ament_cmake_core/stamps) by extension 'ros'
[1.126s] Level 1:colcon.colcon_core.package_identification:_identify(src/build/ament_cmake_core/stamps) by extensions ['cmake', 'python']
[1.126s] Level 1:colcon.colcon_core.package_identification:_identify(src/build/ament_cmake_core/stamps) by extension 'cmake'
[1.126s] Level 1:colcon.colcon_core.package_identification:_identify(src/build/ament_cmake_core/stamps) by extension 'python'
[1.126s] Level 1:colcon.colcon_core.package_identification:_identify(src/build/ament_cmake_core/stamps) by extensions ['python_setup_py']
[1.126s] Level 1:colcon.colcon_core.package_identification:_identify(src/build/ament_cmake_core/stamps) by extension 'python_setup_py'
[1.126s] Level 1:colcon.colcon_core.package_identification:_identify(src/build/ament_cmake_environment_hooks) by extensions ['ignore', 'ignore_ament_install']
[1.126s] Level 1:colcon.colcon_core.package_identification:_identify(src/build/ament_cmake_environment_hooks) by extension 'ignore'
[1.127s] Level 1:colcon.colcon_core.package_identification:_identify(src/build/ament_cmake_environment_hooks) by extension 'ignore_ament_install'
[1.127s] Level 1:colcon.colcon_core.package_identification:_identify(src/build/ament_cmake_environment_hooks) by extensions ['colcon_pkg']
[1.127s] Level 1:colcon.colcon_core.package_identification:_identify(src/build/ament_cmake_environment_hooks) by extension 'colcon_pkg'
[1.127s] Level 1:colcon.colcon_core.package_identification:_identify(src/build/ament_cmake_environment_hooks) by extensions ['colcon_meta']
[1.127s] Level 1:colcon.colcon_core.package_identification:_identify(src/build/ament_cmake_environment_hooks) by extension 'colcon_meta'
[1.127s] Level 1:colcon.colcon_core.package_identification:_identify(src/build/ament_cmake_environment_hooks) by extensions ['ros']
[1.127s] Level 1:colcon.colcon_core.package_identification:_identify(src/build/ament_cmake_environment_hooks) by extension 'ros'
[1.127s] Level 1:colcon.colcon_core.package_identification:_identify(src/build/ament_cmake_environment_hooks) by extensions ['cmake', 'python']
[1.127s] Level 1:colcon.colcon_core.package_identification:_identify(src/build/ament_cmake_environment_hooks) by extension 'cmake'
[1.127s] Level 1:colcon.colcon_core.package_identification:_identify(src/build/ament_cmake_environment_hooks) by extension 'python'
[1.127s] Level 1:colcon.colcon_core.package_identification:_identify(src/build/ament_cmake_environment_hooks) by extensions ['python_setup_py']
[1.127s] Level 1:colcon.colcon_core.package_identification:_identify(src/build/ament_cmake_environment_hooks) by extension 'python_setup_py'
[1.127s] Level 1:colcon.colcon_core.package_identification:_identify(src/build/ament_cmake_index) by extensions ['ignore', 'ignore_ament_install']
[1.128s] Level 1:colcon.colcon_core.package_identification:_identify(src/build/ament_cmake_index) by extension 'ignore'
[1.128s] Level 1:colcon.colcon_core.package_identification:_identify(src/build/ament_cmake_index) by extension 'ignore_ament_install'
[1.128s] Level 1:colcon.colcon_core.package_identification:_identify(src/build/ament_cmake_index) by extensions ['colcon_pkg']
[1.128s] Level 1:colcon.colcon_core.package_identification:_identify(src/build/ament_cmake_index) by extension 'colcon_pkg'
[1.128s] Level 1:colcon.colcon_core.package_identification:_identify(src/build/ament_cmake_index) by extensions ['colcon_meta']
[1.128s] Level 1:colcon.colcon_core.package_identification:_identify(src/build/ament_cmake_index) by extension 'colcon_meta'
[1.128s] Level 1:colcon.colcon_core.package_identification:_identify(src/build/ament_cmake_index) by extensions ['ros']
[1.128s] Level 1:colcon.colcon_core.package_identification:_identify(src/build/ament_cmake_index) by extension 'ros'
[1.128s] Level 1:colcon.colcon_core.package_identification:_identify(src/build/ament_cmake_index) by extensions ['cmake', 'python']
[1.128s] Level 1:colcon.colcon_core.package_identification:_identify(src/build/ament_cmake_index) by extension 'cmake'
[1.128s] Level 1:colcon.colcon_core.package_identification:_identify(src/build/ament_cmake_index) by extension 'python'
[1.128s] Level 1:colcon.colcon_core.package_identification:_identify(src/build/ament_cmake_index) by extensions ['python_setup_py']
[1.128s] Level 1:colcon.colcon_core.package_identification:_identify(src/build/ament_cmake_index) by extension 'python_setup_py'
[1.128s] Level 1:colcon.colcon_core.package_identification:_identify(src/build/ament_cmake_index/share) by extensions ['ignore', 'ignore_ament_install']
[1.129s] Level 1:colcon.colcon_core.package_identification:_identify(src/build/ament_cmake_index/share) by extension 'ignore'
[1.129s] Level 1:colcon.colcon_core.package_identification:_identify(src/build/ament_cmake_index/share) by extension 'ignore_ament_install'
[1.129s] Level 1:colcon.colcon_core.package_identification:_identify(src/build/ament_cmake_index/share) by extensions ['colcon_pkg']
[1.129s] Level 1:colcon.colcon_core.package_identification:_identify(src/build/ament_cmake_index/share) by extension 'colcon_pkg'
[1.129s] Level 1:colcon.colcon_core.package_identification:_identify(src/build/ament_cmake_index/share) by extensions ['colcon_meta']
[1.129s] Level 1:colcon.colcon_core.package_identification:_identify(src/build/ament_cmake_index/share) by extension 'colcon_meta'
[1.129s] Level 1:colcon.colcon_core.package_identification:_identify(src/build/ament_cmake_index/share) by extensions ['ros']
[1.129s] Level 1:colcon.colcon_core.package_identification:_identify(src/build/ament_cmake_index/share) by extension 'ros'
[1.129s] Level 1:colcon.colcon_core.package_identification:_identify(src/build/ament_cmake_index/share) by extensions ['cmake', 'python']
[1.129s] Level 1:colcon.colcon_core.package_identification:_identify(src/build/ament_cmake_index/share) by extension 'cmake'
[1.129s] Level 1:colcon.colcon_core.package_identification:_identify(src/build/ament_cmake_index/share) by extension 'python'
[1.129s] Level 1:colcon.colcon_core.package_identification:_identify(src/build/ament_cmake_index/share) by extensions ['python_setup_py']
[1.130s] Level 1:colcon.colcon_core.package_identification:_identify(src/build/ament_cmake_index/share) by extension 'python_setup_py'
[1.130s] Level 1:colcon.colcon_core.package_identification:_identify(src/build/ament_cmake_index/share/ament_index) by extensions ['ignore', 'ignore_ament_install']
[1.130s] Level 1:colcon.colcon_core.package_identification:_identify(src/build/ament_cmake_index/share/ament_index) by extension 'ignore'
[1.130s] Level 1:colcon.colcon_core.package_identification:_identify(src/build/ament_cmake_index/share/ament_index) by extension 'ignore_ament_install'
[1.130s] Level 1:colcon.colcon_core.package_identification:_identify(src/build/ament_cmake_index/share/ament_index) by extensions ['colcon_pkg']
[1.130s] Level 1:colcon.colcon_core.package_identification:_identify(src/build/ament_cmake_index/share/ament_index) by extension 'colcon_pkg'
[1.130s] Level 1:colcon.colcon_core.package_identification:_identify(src/build/ament_cmake_index/share/ament_index) by extensions ['colcon_meta']
[1.130s] Level 1:colcon.colcon_core.package_identification:_identify(src/build/ament_cmake_index/share/ament_index) by extension 'colcon_meta'
[1.130s] Level 1:colcon.colcon_core.package_identification:_identify(src/build/ament_cmake_index/share/ament_index) by extensions ['ros']
[1.130s] Level 1:colcon.colcon_core.package_identification:_identify(src/build/ament_cmake_index/share/ament_index) by extension 'ros'
[1.130s] Level 1:colcon.colcon_core.package_identification:_identify(src/build/ament_cmake_index/share/ament_index) by extensions ['cmake', 'python']
[1.130s] Level 1:colcon.colcon_core.package_identification:_identify(src/build/ament_cmake_index/share/ament_index) by extension 'cmake'
[1.130s] Level 1:colcon.colcon_core.package_identification:_identify(src/build/ament_cmake_index/share/ament_index) by extension 'python'
[1.130s] Level 1:colcon.colcon_core.package_identification:_identify(src/build/ament_cmake_index/share/ament_index) by extensions ['python_setup_py']
[1.131s] Level 1:colcon.colcon_core.package_identification:_identify(src/build/ament_cmake_index/share/ament_index) by extension 'python_setup_py'
[1.131s] Level 1:colcon.colcon_core.package_identification:_identify(src/build/ament_cmake_index/share/ament_index/resource_index) by extensions ['ignore', 'ignore_ament_install']
[1.131s] Level 1:colcon.colcon_core.package_identification:_identify(src/build/ament_cmake_index/share/ament_index/resource_index) by extension 'ignore'
[1.131s] Level 1:colcon.colcon_core.package_identification:_identify(src/build/ament_cmake_index/share/ament_index/resource_index) by extension 'ignore_ament_install'
[1.131s] Level 1:colcon.colcon_core.package_identification:_identify(src/build/ament_cmake_index/share/ament_index/resource_index) by extensions ['colcon_pkg']
[1.132s] Level 1:colcon.colcon_core.package_identification:_identify(src/build/ament_cmake_index/share/ament_index/resource_index) by extension 'colcon_pkg'
[1.132s] Level 1:colcon.colcon_core.package_identification:_identify(src/build/ament_cmake_index/share/ament_index/resource_index) by extensions ['colcon_meta']
[1.132s] Level 1:colcon.colcon_core.package_identification:_identify(src/build/ament_cmake_index/share/ament_index/resource_index) by extension 'colcon_meta'
[1.132s] Level 1:colcon.colcon_core.package_identification:_identify(src/build/ament_cmake_index/share/ament_index/resource_index) by extensions ['ros']
[1.132s] Level 1:colcon.colcon_core.package_identification:_identify(src/build/ament_cmake_index/share/ament_index/resource_index) by extension 'ros'
[1.132s] Level 1:colcon.colcon_core.package_identification:_identify(src/build/ament_cmake_index/share/ament_index/resource_index) by extensions ['cmake', 'python']
[1.132s] Level 1:colcon.colcon_core.package_identification:_identify(src/build/ament_cmake_index/share/ament_index/resource_index) by extension 'cmake'
[1.132s] Level 1:colcon.colcon_core.package_identification:_identify(src/build/ament_cmake_index/share/ament_index/resource_index) by extension 'python'
[1.132s] Level 1:colcon.colcon_core.package_identification:_identify(src/build/ament_cmake_index/share/ament_index/resource_index) by extensions ['python_setup_py']
[1.132s] Level 1:colcon.colcon_core.package_identification:_identify(src/build/ament_cmake_index/share/ament_index/resource_index) by extension 'python_setup_py'
[1.132s] Level 1:colcon.colcon_core.package_identification:_identify(src/build/ament_cmake_index/share/ament_index/resource_index/package_run_dependencies) by extensions ['ignore', 'ignore_ament_install']
[1.132s] Level 1:colcon.colcon_core.package_identification:_identify(src/build/ament_cmake_index/share/ament_index/resource_index/package_run_dependencies) by extension 'ignore'
[1.133s] Level 1:colcon.colcon_core.package_identification:_identify(src/build/ament_cmake_index/share/ament_index/resource_index/package_run_dependencies) by extension 'ignore_ament_install'
[1.133s] Level 1:colcon.colcon_core.package_identification:_identify(src/build/ament_cmake_index/share/ament_index/resource_index/package_run_dependencies) by extensions ['colcon_pkg']
[1.133s] Level 1:colcon.colcon_core.package_identification:_identify(src/build/ament_cmake_index/share/ament_index/resource_index/package_run_dependencies) by extension 'colcon_pkg'
[1.133s] Level 1:colcon.colcon_core.package_identification:_identify(src/build/ament_cmake_index/share/ament_index/resource_index/package_run_dependencies) by extensions ['colcon_meta']
[1.133s] Level 1:colcon.colcon_core.package_identification:_identify(src/build/ament_cmake_index/share/ament_index/resource_index/package_run_dependencies) by extension 'colcon_meta'
[1.133s] Level 1:colcon.colcon_core.package_identification:_identify(src/build/ament_cmake_index/share/ament_index/resource_index/package_run_dependencies) by extensions ['ros']
[1.133s] Level 1:colcon.colcon_core.package_identification:_identify(src/build/ament_cmake_index/share/ament_index/resource_index/package_run_dependencies) by extension 'ros'
[1.133s] Level 1:colcon.colcon_core.package_identification:_identify(src/build/ament_cmake_index/share/ament_index/resource_index/package_run_dependencies) by extensions ['cmake', 'python']
[1.133s] Level 1:colcon.colcon_core.package_identification:_identify(src/build/ament_cmake_index/share/ament_index/resource_index/package_run_dependencies) by extension 'cmake'
[1.133s] Level 1:colcon.colcon_core.package_identification:_identify(src/build/ament_cmake_index/share/ament_index/resource_index/package_run_dependencies) by extension 'python'
[1.133s] Level 1:colcon.colcon_core.package_identification:_identify(src/build/ament_cmake_index/share/ament_index/resource_index/package_run_dependencies) by extensions ['python_setup_py']
[1.133s] Level 1:colcon.colcon_core.package_identification:_identify(src/build/ament_cmake_index/share/ament_index/resource_index/package_run_dependencies) by extension 'python_setup_py'
[1.133s] Level 1:colcon.colcon_core.package_identification:_identify(src/build/ament_cmake_index/share/ament_index/resource_index/packages) by extensions ['ignore', 'ignore_ament_install']
[1.133s] Level 1:colcon.colcon_core.package_identification:_identify(src/build/ament_cmake_index/share/ament_index/resource_index/packages) by extension 'ignore'
[1.134s] Level 1:colcon.colcon_core.package_identification:_identify(src/build/ament_cmake_index/share/ament_index/resource_index/packages) by extension 'ignore_ament_install'
[1.134s] Level 1:colcon.colcon_core.package_identification:_identify(src/build/ament_cmake_index/share/ament_index/resource_index/packages) by extensions ['colcon_pkg']
[1.134s] Level 1:colcon.colcon_core.package_identification:_identify(src/build/ament_cmake_index/share/ament_index/resource_index/packages) by extension 'colcon_pkg'
[1.134s] Level 1:colcon.colcon_core.package_identification:_identify(src/build/ament_cmake_index/share/ament_index/resource_index/packages) by extensions ['colcon_meta']
[1.134s] Level 1:colcon.colcon_core.package_identification:_identify(src/build/ament_cmake_index/share/ament_index/resource_index/packages) by extension 'colcon_meta'
[1.134s] Level 1:colcon.colcon_core.package_identification:_identify(src/build/ament_cmake_index/share/ament_index/resource_index/packages) by extensions ['ros']
[1.134s] Level 1:colcon.colcon_core.package_identification:_identify(src/build/ament_cmake_index/share/ament_index/resource_index/packages) by extension 'ros'
[1.135s] Level 1:colcon.colcon_core.package_identification:_identify(src/build/ament_cmake_index/share/ament_index/resource_index/packages) by extensions ['cmake', 'python']
[1.135s] Level 1:colcon.colcon_core.package_identification:_identify(src/build/ament_cmake_index/share/ament_index/resource_index/packages) by extension 'cmake'
[1.135s] Level 1:colcon.colcon_core.package_identification:_identify(src/build/ament_cmake_index/share/ament_index/resource_index/packages) by extension 'python'
[1.135s] Level 1:colcon.colcon_core.package_identification:_identify(src/build/ament_cmake_index/share/ament_index/resource_index/packages) by extensions ['python_setup_py']
[1.135s] Level 1:colcon.colcon_core.package_identification:_identify(src/build/ament_cmake_index/share/ament_index/resource_index/packages) by extension 'python_setup_py'
[1.135s] Level 1:colcon.colcon_core.package_identification:_identify(src/build/ament_cmake_index/share/ament_index/resource_index/parent_prefix_path) by extensions ['ignore', 'ignore_ament_install']
[1.135s] Level 1:colcon.colcon_core.package_identification:_identify(src/build/ament_cmake_index/share/ament_index/resource_index/parent_prefix_path) by extension 'ignore'
[1.135s] Level 1:colcon.colcon_core.package_identification:_identify(src/build/ament_cmake_index/share/ament_index/resource_index/parent_prefix_path) by extension 'ignore_ament_install'
[1.135s] Level 1:colcon.colcon_core.package_identification:_identify(src/build/ament_cmake_index/share/ament_index/resource_index/parent_prefix_path) by extensions ['colcon_pkg']
[1.135s] Level 1:colcon.colcon_core.package_identification:_identify(src/build/ament_cmake_index/share/ament_index/resource_index/parent_prefix_path) by extension 'colcon_pkg'
[1.135s] Level 1:colcon.colcon_core.package_identification:_identify(src/build/ament_cmake_index/share/ament_index/resource_index/parent_prefix_path) by extensions ['colcon_meta']
[1.135s] Level 1:colcon.colcon_core.package_identification:_identify(src/build/ament_cmake_index/share/ament_index/resource_index/parent_prefix_path) by extension 'colcon_meta'
[1.136s] Level 1:colcon.colcon_core.package_identification:_identify(src/build/ament_cmake_index/share/ament_index/resource_index/parent_prefix_path) by extensions ['ros']
[1.136s] Level 1:colcon.colcon_core.package_identification:_identify(src/build/ament_cmake_index/share/ament_index/resource_index/parent_prefix_path) by extension 'ros'
[1.136s] Level 1:colcon.colcon_core.package_identification:_identify(src/build/ament_cmake_index/share/ament_index/resource_index/parent_prefix_path) by extensions ['cmake', 'python']
[1.136s] Level 1:colcon.colcon_core.package_identification:_identify(src/build/ament_cmake_index/share/ament_index/resource_index/parent_prefix_path) by extension 'cmake'
[1.136s] Level 1:colcon.colcon_core.package_identification:_identify(src/build/ament_cmake_index/share/ament_index/resource_index/parent_prefix_path) by extension 'python'
[1.136s] Level 1:colcon.colcon_core.package_identification:_identify(src/build/ament_cmake_index/share/ament_index/resource_index/parent_prefix_path) by extensions ['python_setup_py']
[1.136s] Level 1:colcon.colcon_core.package_identification:_identify(src/build/ament_cmake_index/share/ament_index/resource_index/parent_prefix_path) by extension 'python_setup_py'
[1.136s] Level 1:colcon.colcon_core.package_identification:_identify(src/build/ament_cmake_package_templates) by extensions ['ignore', 'ignore_ament_install']
[1.136s] Level 1:colcon.colcon_core.package_identification:_identify(src/build/ament_cmake_package_templates) by extension 'ignore'
[1.136s] Level 1:colcon.colcon_core.package_identification:_identify(src/build/ament_cmake_package_templates) by extension 'ignore_ament_install'
[1.136s] Level 1:colcon.colcon_core.package_identification:_identify(src/build/ament_cmake_package_templates) by extensions ['colcon_pkg']
[1.136s] Level 1:colcon.colcon_core.package_identification:_identify(src/build/ament_cmake_package_templates) by extension 'colcon_pkg'
[1.136s] Level 1:colcon.colcon_core.package_identification:_identify(src/build/ament_cmake_package_templates) by extensions ['colcon_meta']
[1.136s] Level 1:colcon.colcon_core.package_identification:_identify(src/build/ament_cmake_package_templates) by extension 'colcon_meta'
[1.137s] Level 1:colcon.colcon_core.package_identification:_identify(src/build/ament_cmake_package_templates) by extensions ['ros']
[1.137s] Level 1:colcon.colcon_core.package_identification:_identify(src/build/ament_cmake_package_templates) by extension 'ros'
[1.137s] Level 1:colcon.colcon_core.package_identification:_identify(src/build/ament_cmake_package_templates) by extensions ['cmake', 'python']
[1.137s] Level 1:colcon.colcon_core.package_identification:_identify(src/build/ament_cmake_package_templates) by extension 'cmake'
[1.137s] Level 1:colcon.colcon_core.package_identification:_identify(src/build/ament_cmake_package_templates) by extension 'python'
[1.137s] Level 1:colcon.colcon_core.package_identification:_identify(src/build/ament_cmake_package_templates) by extensions ['python_setup_py']
[1.137s] Level 1:colcon.colcon_core.package_identification:_identify(src/build/ament_cmake_package_templates) by extension 'python_setup_py'
[1.137s] Level 1:colcon.colcon_core.package_identification:_identify(src/build/ament_cmake_uninstall_target) by extensions ['ignore', 'ignore_ament_install']
[1.137s] Level 1:colcon.colcon_core.package_identification:_identify(src/build/ament_cmake_uninstall_target) by extension 'ignore'
[1.137s] Level 1:colcon.colcon_core.package_identification:_identify(src/build/ament_cmake_uninstall_target) by extension 'ignore_ament_install'
[1.137s] Level 1:colcon.colcon_core.package_identification:_identify(src/build/ament_cmake_uninstall_target) by extensions ['colcon_pkg']
[1.137s] Level 1:colcon.colcon_core.package_identification:_identify(src/build/ament_cmake_uninstall_target) by extension 'colcon_pkg'
[1.137s] Level 1:colcon.colcon_core.package_identification:_identify(src/build/ament_cmake_uninstall_target) by extensions ['colcon_meta']
[1.137s] Level 1:colcon.colcon_core.package_identification:_identify(src/build/ament_cmake_uninstall_target) by extension 'colcon_meta'
[1.137s] Level 1:colcon.colcon_core.package_identification:_identify(src/build/ament_cmake_uninstall_target) by extensions ['ros']
[1.137s] Level 1:colcon.colcon_core.package_identification:_identify(src/build/ament_cmake_uninstall_target) by extension 'ros'
[1.138s] Level 1:colcon.colcon_core.package_identification:_identify(src/build/ament_cmake_uninstall_target) by extensions ['cmake', 'python']
[1.138s] Level 1:colcon.colcon_core.package_identification:_identify(src/build/ament_cmake_uninstall_target) by extension 'cmake'
[1.138s] Level 1:colcon.colcon_core.package_identification:_identify(src/build/ament_cmake_uninstall_target) by extension 'python'
[1.138s] Level 1:colcon.colcon_core.package_identification:_identify(src/build/ament_cmake_uninstall_target) by extensions ['python_setup_py']
[1.138s] Level 1:colcon.colcon_core.package_identification:_identify(src/build/ament_cmake_uninstall_target) by extension 'python_setup_py'
[1.138s] Level 1:colcon.colcon_core.package_identification:_identify(src/build/ament_copyright) by extensions ['ignore', 'ignore_ament_install']
[1.138s] Level 1:colcon.colcon_core.package_identification:_identify(src/build/ament_copyright) by extension 'ignore'
[1.138s] Level 1:colcon.colcon_core.package_identification:_identify(src/build/ament_copyright) by extension 'ignore_ament_install'
[1.138s] Level 1:colcon.colcon_core.package_identification:_identify(src/build/ament_copyright) by extensions ['colcon_pkg']
[1.139s] Level 1:colcon.colcon_core.package_identification:_identify(src/build/ament_copyright) by extension 'colcon_pkg'
[1.139s] Level 1:colcon.colcon_core.package_identification:_identify(src/build/ament_copyright) by extensions ['colcon_meta']
[1.139s] Level 1:colcon.colcon_core.package_identification:_identify(src/build/ament_copyright) by extension 'colcon_meta'
[1.139s] Level 1:colcon.colcon_core.package_identification:_identify(src/build/ament_copyright) by extensions ['ros']
[1.139s] Level 1:colcon.colcon_core.package_identification:_identify(src/build/ament_copyright) by extension 'ros'
[1.139s] Level 1:colcon.colcon_core.package_identification:_identify(src/build/ament_copyright) by extensions ['cmake', 'python']
[1.139s] Level 1:colcon.colcon_core.package_identification:_identify(src/build/ament_copyright) by extension 'cmake'
[1.139s] Level 1:colcon.colcon_core.package_identification:_identify(src/build/ament_copyright) by extension 'python'
[1.139s] Level 1:colcon.colcon_core.package_identification:_identify(src/build/ament_copyright) by extensions ['python_setup_py']
[1.139s] Level 1:colcon.colcon_core.package_identification:_identify(src/build/ament_copyright) by extension 'python_setup_py'
[1.139s] Level 1:colcon.colcon_core.package_identification:_identify(src/build/ament_flake8) by extensions ['ignore', 'ignore_ament_install']
[1.139s] Level 1:colcon.colcon_core.package_identification:_identify(src/build/ament_flake8) by extension 'ignore'
[1.139s] Level 1:colcon.colcon_core.package_identification:_identify(src/build/ament_flake8) by extension 'ignore_ament_install'
[1.140s] Level 1:colcon.colcon_core.package_identification:_identify(src/build/ament_flake8) by extensions ['colcon_pkg']
[1.140s] Level 1:colcon.colcon_core.package_identification:_identify(src/build/ament_flake8) by extension 'colcon_pkg'
[1.140s] Level 1:colcon.colcon_core.package_identification:_identify(src/build/ament_flake8) by extensions ['colcon_meta']
[1.140s] Level 1:colcon.colcon_core.package_identification:_identify(src/build/ament_flake8) by extension 'colcon_meta'
[1.140s] Level 1:colcon.colcon_core.package_identification:_identify(src/build/ament_flake8) by extensions ['ros']
[1.140s] Level 1:colcon.colcon_core.package_identification:_identify(src/build/ament_flake8) by extension 'ros'
[1.140s] Level 1:colcon.colcon_core.package_identification:_identify(src/build/ament_flake8) by extensions ['cmake', 'python']
[1.140s] Level 1:colcon.colcon_core.package_identification:_identify(src/build/ament_flake8) by extension 'cmake'
[1.140s] Level 1:colcon.colcon_core.package_identification:_identify(src/build/ament_flake8) by extension 'python'
[1.140s] Level 1:colcon.colcon_core.package_identification:_identify(src/build/ament_flake8) by extensions ['python_setup_py']
[1.140s] Level 1:colcon.colcon_core.package_identification:_identify(src/build/ament_flake8) by extension 'python_setup_py'
[1.140s] Level 1:colcon.colcon_core.package_identification:_identify(src/build/ament_lint_cmake) by extensions ['ignore', 'ignore_ament_install']
[1.140s] Level 1:colcon.colcon_core.package_identification:_identify(src/build/ament_lint_cmake) by extension 'ignore'
[1.140s] Level 1:colcon.colcon_core.package_identification:_identify(src/build/ament_lint_cmake) by extension 'ignore_ament_install'
[1.140s] Level 1:colcon.colcon_core.package_identification:_identify(src/build/ament_lint_cmake) by extensions ['colcon_pkg']
[1.141s] Level 1:colcon.colcon_core.package_identification:_identify(src/build/ament_lint_cmake) by extension 'colcon_pkg'
[1.141s] Level 1:colcon.colcon_core.package_identification:_identify(src/build/ament_lint_cmake) by extensions ['colcon_meta']
[1.141s] Level 1:colcon.colcon_core.package_identification:_identify(src/build/ament_lint_cmake) by extension 'colcon_meta'
[1.141s] Level 1:colcon.colcon_core.package_identification:_identify(src/build/ament_lint_cmake) by extensions ['ros']
[1.141s] Level 1:colcon.colcon_core.package_identification:_identify(src/build/ament_lint_cmake) by extension 'ros'
[1.141s] Level 1:colcon.colcon_core.package_identification:_identify(src/build/ament_lint_cmake) by extensions ['cmake', 'python']
[1.141s] Level 1:colcon.colcon_core.package_identification:_identify(src/build/ament_lint_cmake) by extension 'cmake'
[1.141s] Level 1:colcon.colcon_core.package_identification:_identify(src/build/ament_lint_cmake) by extension 'python'
[1.141s] Level 1:colcon.colcon_core.package_identification:_identify(src/build/ament_lint_cmake) by extensions ['python_setup_py']
[1.141s] Level 1:colcon.colcon_core.package_identification:_identify(src/build/ament_lint_cmake) by extension 'python_setup_py'
[1.141s] Level 1:colcon.colcon_core.package_identification:_identify(src/build/ament_pep257) by extensions ['ignore', 'ignore_ament_install']
[1.141s] Level 1:colcon.colcon_core.package_identification:_identify(src/build/ament_pep257) by extension 'ignore'
[1.141s] Level 1:colcon.colcon_core.package_identification:_identify(src/build/ament_pep257) by extension 'ignore_ament_install'
[1.141s] Level 1:colcon.colcon_core.package_identification:_identify(src/build/ament_pep257) by extensions ['colcon_pkg']
[1.141s] Level 1:colcon.colcon_core.package_identification:_identify(src/build/ament_pep257) by extension 'colcon_pkg'
[1.141s] Level 1:colcon.colcon_core.package_identification:_identify(src/build/ament_pep257) by extensions ['colcon_meta']
[1.141s] Level 1:colcon.colcon_core.package_identification:_identify(src/build/ament_pep257) by extension 'colcon_meta'
[1.142s] Level 1:colcon.colcon_core.package_identification:_identify(src/build/ament_pep257) by extensions ['ros']
[1.142s] Level 1:colcon.colcon_core.package_identification:_identify(src/build/ament_pep257) by extension 'ros'
[1.142s] Level 1:colcon.colcon_core.package_identification:_identify(src/build/ament_pep257) by extensions ['cmake', 'python']
[1.142s] Level 1:colcon.colcon_core.package_identification:_identify(src/build/ament_pep257) by extension 'cmake'
[1.142s] Level 1:colcon.colcon_core.package_identification:_identify(src/build/ament_pep257) by extension 'python'
[1.142s] Level 1:colcon.colcon_core.package_identification:_identify(src/build/ament_pep257) by extensions ['python_setup_py']
[1.142s] Level 1:colcon.colcon_core.package_identification:_identify(src/build/ament_pep257) by extension 'python_setup_py'
[1.142s] Level 1:colcon.colcon_core.package_identification:_identify(src/build/ament_xmllint) by extensions ['ignore', 'ignore_ament_install']
[1.142s] Level 1:colcon.colcon_core.package_identification:_identify(src/build/ament_xmllint) by extension 'ignore'
[1.142s] Level 1:colcon.colcon_core.package_identification:_identify(src/build/ament_xmllint) by extension 'ignore_ament_install'
[1.142s] Level 1:colcon.colcon_core.package_identification:_identify(src/build/ament_xmllint) by extensions ['colcon_pkg']
[1.142s] Level 1:colcon.colcon_core.package_identification:_identify(src/build/ament_xmllint) by extension 'colcon_pkg'
[1.143s] Level 1:colcon.colcon_core.package_identification:_identify(src/build/ament_xmllint) by extensions ['colcon_meta']
[1.143s] Level 1:colcon.colcon_core.package_identification:_identify(src/build/ament_xmllint) by extension 'colcon_meta'
[1.143s] Level 1:colcon.colcon_core.package_identification:_identify(src/build/ament_xmllint) by extensions ['ros']
[1.143s] Level 1:colcon.colcon_core.package_identification:_identify(src/build/ament_xmllint) by extension 'ros'
[1.143s] Level 1:colcon.colcon_core.package_identification:_identify(src/build/ament_xmllint) by extensions ['cmake', 'python']
[1.143s] Level 1:colcon.colcon_core.package_identification:_identify(src/build/ament_xmllint) by extension 'cmake'
[1.143s] Level 1:colcon.colcon_core.package_identification:_identify(src/build/ament_xmllint) by extension 'python'
[1.143s] Level 1:colcon.colcon_core.package_identification:_identify(src/build/ament_xmllint) by extensions ['python_setup_py']
[1.143s] Level 1:colcon.colcon_core.package_identification:_identify(src/build/ament_xmllint) by extension 'python_setup_py'
[1.143s] Level 1:colcon.colcon_core.package_discovery:discover_packages(recursive) using defaults
[1.144s] Level 1:colcon.colcon_core.package_discovery:discover_packages(ignore) discover
[1.144s] Level 1:colcon.colcon_core.package_discovery:discover_packages(ignore) using defaults
[1.144s] Level 1:colcon.colcon_core.package_discovery:discover_packages(path) discover
[1.144s] Level 1:colcon.colcon_core.package_discovery:discover_packages(path) using defaults
[1.225s] Level 1:colcon.colcon_core.package_discovery:discover_packages(prefix_path) check parameters
[1.225s] Level 1:colcon.colcon_core.package_discovery:discover_packages(prefix_path) discover
[1.242s] DEBUG:colcon.colcon_installed_package_information.package_discovery:Found 1 installed packages in /home/tajw/41068_ws/install
[1.245s] DEBUG:colcon.colcon_installed_package_information.package_discovery:Found 1 installed packages in /home/tajw/rs1_ros2_ws/install
[1.249s] DEBUG:colcon.colcon_installed_package_information.package_discovery:Found 3 installed packages in /home/tajw/ros2_ws/install
[1.249s] DEBUG:colcon.colcon_installed_package_information.package_discovery:Found 1 installed packages in /home/tajw/git/team25_rs1/RS1-Gr25/install
[1.253s] DEBUG:colcon.colcon_installed_package_information.package_discovery:Found 417 installed packages in /opt/ros/humble
[1.255s] Level 1:colcon.colcon_core.package_discovery:discover_packages(prefix_path) using defaults
[1.545s] Level 5:colcon.colcon_core.verb:set package '41068_ignition_bringup' build argument 'cmake_args' from command line to 'None'
[1.545s] Level 5:colcon.colcon_core.verb:set package '41068_ignition_bringup' build argument 'cmake_target' from command line to 'None'
[1.545s] Level 5:colcon.colcon_core.verb:set package '41068_ignition_bringup' build argument 'cmake_target_skip_unavailable' from command line to 'False'
[1.545s] Level 5:colcon.colcon_core.verb:set package '41068_ignition_bringup' build argument 'cmake_clean_cache' from command line to 'False'
[1.545s] Level 5:colcon.colcon_core.verb:set package '41068_ignition_bringup' build argument 'cmake_clean_first' from command line to 'False'
[1.545s] Level 5:colcon.colcon_core.verb:set package '41068_ignition_bringup' build argument 'cmake_force_configure' from command line to 'False'
[1.545s] Level 5:colcon.colcon_core.verb:set package '41068_ignition_bringup' build argument 'ament_cmake_args' from command line to 'None'
[1.545s] Level 5:colcon.colcon_core.verb:set package '41068_ignition_bringup' build argument 'catkin_cmake_args' from command line to 'None'
[1.545s] Level 5:colcon.colcon_core.verb:set package '41068_ignition_bringup' build argument 'catkin_skip_building_tests' from command line to 'False'
[1.546s] DEBUG:colcon.colcon_core.verb:Building package '41068_ignition_bringup' with the following arguments: {'ament_cmake_args': None, 'build_base': '/home/tajw/git/team25_rs1/RS1-Gr25/build/41068_ignition_bringup', 'catkin_cmake_args': None, 'catkin_skip_building_tests': False, 'cmake_args': None, 'cmake_clean_cache': False, 'cmake_clean_first': False, 'cmake_force_configure': False, 'cmake_target': None, 'cmake_target_skip_unavailable': False, 'install_base': '/home/tajw/git/team25_rs1/RS1-Gr25/install/41068_ignition_bringup', 'merge_install': False, 'path': '/home/tajw/git/team25_rs1/RS1-Gr25/src/41068_ignition_bringup_v1/41068_ignition_bringup', 'symlink_install': False, 'test_result_base': None}
[1.546s] INFO:colcon.colcon_core.executor:Executing jobs using 'parallel' executor
[1.547s] DEBUG:colcon.colcon_parallel_executor.executor.parallel:run_until_complete
[1.548s] INFO:colcon.colcon_ros.task.ament_cmake.build:Building ROS package in '/home/tajw/git/team25_rs1/RS1-Gr25/src/41068_ignition_bringup_v1/41068_ignition_bringup' with build type 'ament_cmake'
[1.548s] INFO:colcon.colcon_cmake.task.cmake.build:Building CMake package in '/home/tajw/git/team25_rs1/RS1-Gr25/src/41068_ignition_bringup_v1/41068_ignition_bringup'
[1.564s] INFO:colcon.colcon_core.plugin_system:Skipping extension 'colcon_core.shell.bat': Not used on non-Windows systems
[1.564s] INFO:colcon.colcon_core.shell:Skip shell extension 'powershell' for command environment: Not usable outside of PowerShell
[1.564s] DEBUG:colcon.colcon_core.shell:Skip shell extension 'dsv' for command environment
[1.594s] DEBUG:colcon.colcon_core.event_handler.log_command:Invoking command in '/home/tajw/git/team25_rs1/RS1-Gr25/build/41068_ignition_bringup': CMAKE_PREFIX_PATH=${CMAKE_PREFIX_PATH}:/opt/ros/humble /usr/bin/cmake --build /home/tajw/git/team25_rs1/RS1-Gr25/build/41068_ignition_bringup -- -j8 -l8
[1.969s] DEBUG:colcon.colcon_core.event_handler.log_command:Invoked command in '/home/tajw/git/team25_rs1/RS1-Gr25/build/41068_ignition_bringup' returned '0': CMAKE_PREFIX_PATH=${CMAKE_PREFIX_PATH}:/opt/ros/humble /usr/bin/cmake --build /home/tajw/git/team25_rs1/RS1-Gr25/build/41068_ignition_bringup -- -j8 -l8
[1.985s] DEBUG:colcon.colcon_core.event_handler.log_command:Invoking command in '/home/tajw/git/team25_rs1/RS1-Gr25/build/41068_ignition_bringup': CMAKE_PREFIX_PATH=${CMAKE_PREFIX_PATH}:/opt/ros/humble /usr/bin/cmake --install /home/tajw/git/team25_rs1/RS1-Gr25/build/41068_ignition_bringup
[2.036s] Level 1:colcon.colcon_core.environment:create_environment_scripts_only(41068_ignition_bringup)
[2.037s] DEBUG:colcon.colcon_core.event_handler.log_command:Invoked command in '/home/tajw/git/team25_rs1/RS1-Gr25/build/41068_ignition_bringup' returned '0': CMAKE_PREFIX_PATH=${CMAKE_PREFIX_PATH}:/opt/ros/humble /usr/bin/cmake --install /home/tajw/git/team25_rs1/RS1-Gr25/build/41068_ignition_bringup
[2.050s] Level 1:colcon.colcon_core.environment:checking '/home/tajw/git/team25_rs1/RS1-Gr25/install/41068_ignition_bringup' for CMake module files
[2.051s] Level 1:colcon.colcon_core.environment:checking '/home/tajw/git/team25_rs1/RS1-Gr25/install/41068_ignition_bringup' for CMake config files
[2.054s] Level 1:colcon.colcon_core.shell:create_environment_hook('41068_ignition_bringup', 'cmake_prefix_path')
[2.054s] INFO:colcon.colcon_core.shell:Creating environment hook '/home/tajw/git/team25_rs1/RS1-Gr25/install/41068_ignition_bringup/share/41068_ignition_bringup/hook/cmake_prefix_path.ps1'
[2.056s] INFO:colcon.colcon_core.shell:Creating environment descriptor '/home/tajw/git/team25_rs1/RS1-Gr25/install/41068_ignition_bringup/share/41068_ignition_bringup/hook/cmake_prefix_path.dsv'
[2.057s] INFO:colcon.colcon_core.shell:Creating environment hook '/home/tajw/git/team25_rs1/RS1-Gr25/install/41068_ignition_bringup/share/41068_ignition_bringup/hook/cmake_prefix_path.sh'
[2.060s] Level 1:colcon.colcon_core.environment:checking '/home/tajw/git/team25_rs1/RS1-Gr25/install/41068_ignition_bringup/lib'
[2.060s] Level 1:colcon.colcon_core.environment:checking '/home/tajw/git/team25_rs1/RS1-Gr25/install/41068_ignition_bringup/bin'
[2.060s] Level 1:colcon.colcon_core.environment:checking '/home/tajw/git/team25_rs1/RS1-Gr25/install/41068_ignition_bringup/lib/pkgconfig/41068_ignition_bringup.pc'
[2.060s] Level 1:colcon.colcon_core.environment:checking '/home/tajw/git/team25_rs1/RS1-Gr25/install/41068_ignition_bringup/lib/python3.10/site-packages'
[2.061s] Level 1:colcon.colcon_core.environment:checking '/home/tajw/git/team25_rs1/RS1-Gr25/install/41068_ignition_bringup/bin'
[2.061s] INFO:colcon.colcon_core.shell:Creating package script '/home/tajw/git/team25_rs1/RS1-Gr25/install/41068_ignition_bringup/share/41068_ignition_bringup/package.ps1'
[2.063s] INFO:colcon.colcon_core.shell:Creating package descriptor '/home/tajw/git/team25_rs1/RS1-Gr25/install/41068_ignition_bringup/share/41068_ignition_bringup/package.dsv'
[2.064s] INFO:colcon.colcon_core.shell:Creating package script '/home/tajw/git/team25_rs1/RS1-Gr25/install/41068_ignition_bringup/share/41068_ignition_bringup/package.sh'
[2.065s] INFO:colcon.colcon_core.shell:Creating package script '/home/tajw/git/team25_rs1/RS1-Gr25/install/41068_ignition_bringup/share/41068_ignition_bringup/package.bash'
[2.068s] INFO:colcon.colcon_core.shell:Creating package script '/home/tajw/git/team25_rs1/RS1-Gr25/install/41068_ignition_bringup/share/41068_ignition_bringup/package.zsh'
[2.069s] Level 1:colcon.colcon_core.environment:create_file_with_runtime_dependencies(/home/tajw/git/team25_rs1/RS1-Gr25/install/41068_ignition_bringup/share/colcon-core/packages/41068_ignition_bringup)
[2.070s] Level 1:colcon.colcon_core.environment:create_environment_scripts_only(41068_ignition_bringup)
[2.070s] Level 1:colcon.colcon_core.environment:checking '/home/tajw/git/team25_rs1/RS1-Gr25/install/41068_ignition_bringup' for CMake module files
[2.071s] Level 1:colcon.colcon_core.environment:checking '/home/tajw/git/team25_rs1/RS1-Gr25/install/41068_ignition_bringup' for CMake config files
[2.071s] Level 1:colcon.colcon_core.shell:create_environment_hook('41068_ignition_bringup', 'cmake_prefix_path')
[2.072s] INFO:colcon.colcon_core.shell:Creating environment hook '/home/tajw/git/team25_rs1/RS1-Gr25/install/41068_ignition_bringup/share/41068_ignition_bringup/hook/cmake_prefix_path.ps1'
[2.072s] INFO:colcon.colcon_core.shell:Creating environment descriptor '/home/tajw/git/team25_rs1/RS1-Gr25/install/41068_ignition_bringup/share/41068_ignition_bringup/hook/cmake_prefix_path.dsv'
[2.073s] INFO:colcon.colcon_core.shell:Creating environment hook '/home/tajw/git/team25_rs1/RS1-Gr25/install/41068_ignition_bringup/share/41068_ignition_bringup/hook/cmake_prefix_path.sh'
[2.073s] Level 1:colcon.colcon_core.environment:checking '/home/tajw/git/team25_rs1/RS1-Gr25/install/41068_ignition_bringup/lib'
[2.073s] Level 1:colcon.colcon_core.environment:checking '/home/tajw/git/team25_rs1/RS1-Gr25/install/41068_ignition_bringup/bin'
[2.073s] Level 1:colcon.colcon_core.environment:checking '/home/tajw/git/team25_rs1/RS1-Gr25/install/41068_ignition_bringup/lib/pkgconfig/41068_ignition_bringup.pc'
[2.074s] Level 1:colcon.colcon_core.environment:checking '/home/tajw/git/team25_rs1/RS1-Gr25/install/41068_ignition_bringup/lib/python3.10/site-packages'
[2.074s] Level 1:colcon.colcon_core.environment:checking '/home/tajw/git/team25_rs1/RS1-Gr25/install/41068_ignition_bringup/bin'
[2.074s] INFO:colcon.colcon_core.shell:Creating package script '/home/tajw/git/team25_rs1/RS1-Gr25/install/41068_ignition_bringup/share/41068_ignition_bringup/package.ps1'
[2.075s] INFO:colcon.colcon_core.shell:Creating package descriptor '/home/tajw/git/team25_rs1/RS1-Gr25/install/41068_ignition_bringup/share/41068_ignition_bringup/package.dsv'
[2.075s] INFO:colcon.colcon_core.shell:Creating package script '/home/tajw/git/team25_rs1/RS1-Gr25/install/41068_ignition_bringup/share/41068_ignition_bringup/package.sh'
[2.076s] INFO:colcon.colcon_core.shell:Creating package script '/home/tajw/git/team25_rs1/RS1-Gr25/install/41068_ignition_bringup/share/41068_ignition_bringup/package.bash'
[2.076s] INFO:colcon.colcon_core.shell:Creating package script '/home/tajw/git/team25_rs1/RS1-Gr25/install/41068_ignition_bringup/share/41068_ignition_bringup/package.zsh'
[2.077s] Level 1:colcon.colcon_core.environment:create_file_with_runtime_dependencies(/home/tajw/git/team25_rs1/RS1-Gr25/install/41068_ignition_bringup/share/colcon-core/packages/41068_ignition_bringup)
[2.077s] DEBUG:colcon.colcon_parallel_executor.executor.parallel:closing loop
[2.078s] DEBUG:colcon.colcon_parallel_executor.executor.parallel:loop closed
[2.078s] DEBUG:colcon.colcon_parallel_executor.executor.parallel:run_until_complete finished with '0'
[2.078s] DEBUG:colcon.colcon_core.event_reactor:joining thread
[2.133s] INFO:colcon.colcon_core.plugin_system:Skipping extension 'colcon_notification.desktop_notification.notify_send': Could not find 'notify-send'
[2.133s] INFO:colcon.colcon_core.plugin_system:Skipping extension 'colcon_notification.desktop_notification.terminal_notifier': Not used on non-Darwin systems
[2.133s] INFO:colcon.colcon_core.plugin_system:Skipping extension 'colcon_notification.desktop_notification.win32': Not used on non-Windows systems
[2.133s] INFO:colcon.colcon_notification.desktop_notification:Sending desktop notification using 'notify2'
[2.156s] DEBUG:colcon.colcon_notification.desktop_notification.notify2:Failed to initialize notify2: org.freedesktop.DBus.Error.ServiceUnknown: The name org.freedesktop.Notifications was not provided by any .service files
[2.156s] DEBUG:colcon.colcon_core.event_reactor:joined thread
[2.156s] INFO:colcon.colcon_core.shell:Creating prefix script '/home/tajw/git/team25_rs1/RS1-Gr25/install/local_setup.ps1'
[2.159s] INFO:colcon.colcon_core.shell:Creating prefix util module '/home/tajw/git/team25_rs1/RS1-Gr25/install/_local_setup_util_ps1.py'
[2.162s] INFO:colcon.colcon_core.shell:Creating prefix chain script '/home/tajw/git/team25_rs1/RS1-Gr25/install/setup.ps1'
[2.164s] INFO:colcon.colcon_core.shell:Creating prefix script '/home/tajw/git/team25_rs1/RS1-Gr25/install/local_setup.sh'
[2.165s] INFO:colcon.colcon_core.shell:Creating prefix util module '/home/tajw/git/team25_rs1/RS1-Gr25/install/_local_setup_util_sh.py'
[2.167s] INFO:colcon.colcon_core.shell:Creating prefix chain script '/home/tajw/git/team25_rs1/RS1-Gr25/install/setup.sh'
[2.168s] INFO:colcon.colcon_core.shell:Creating prefix script '/home/tajw/git/team25_rs1/RS1-Gr25/install/local_setup.bash'
[2.169s] INFO:colcon.colcon_core.shell:Creating prefix chain script '/home/tajw/git/team25_rs1/RS1-Gr25/install/setup.bash'
[2.171s] INFO:colcon.colcon_core.shell:Creating prefix script '/home/tajw/git/team25_rs1/RS1-Gr25/install/local_setup.zsh'
[2.172s] INFO:colcon.colcon_core.shell:Creating prefix chain script '/home/tajw/git/team25_rs1/RS1-Gr25/install/setup.zsh'
