[0.893s] DEBUG:colcon:Command line arguments: ['/usr/bin/colcon', 'build']
[0.893s] DEBUG:colcon:Parsed command line arguments: Namespace(log_base=None, log_level=None, verb_name='build', build_base='build', install_base='install', merge_install=False, symlink_install=False, test_result_base=None, continue_on_error=False, executor='parallel', parallel_workers=8, event_handlers=None, ignore_user_meta=False, metas=['./colcon.meta'], base_paths=['.'], packages_ignore=None, packages_ignore_regex=None, paths=None, packages_up_to=None, packages_up_to_regex=None, packages_above=None, packages_above_and_dependencies=None, packages_above_depth=None, packages_select_by_dep=None, packages_skip_by_dep=None, packages_skip_up_to=None, packages_select_build_failed=False, packages_skip_build_finished=False, packages_select_test_failures=False, packages_skip_test_passed=False, packages_select=None, packages_skip=None, packages_select_regex=None, packages_skip_regex=None, packages_start=None, packages_end=None, allow_overriding=[], cmake_args=None, cmake_target=None, cmake_target_skip_unavailable=False, cmake_clean_cache=False, cmake_clean_first=False, cmake_force_configure=False, ament_cmake_args=None, catkin_cmake_args=None, catkin_skip_building_tests=False, mixin_files=None, mixin=None, verb_parser=<colcon_mixin.mixin.mixin_argument.MixinArgumentDecorator object at 0x778b19c45c90>, verb_extension=<colcon_core.verb.build.BuildVerb object at 0x778b19dc7400>, main=<bound method BuildVerb.main of <colcon_core.verb.build.BuildVerb object at 0x778b19dc7400>>, mixin_verb=('build',))
[1.510s] Level 1:colcon.colcon_core.package_discovery:discover_packages(colcon_meta) check parameters
[1.510s] Level 1:colcon.colcon_core.package_discovery:discover_packages(recursive) check parameters
[1.511s] Level 1:colcon.colcon_core.package_discovery:discover_packages(ignore) check parameters
[1.511s] Level 1:colcon.colcon_core.package_discovery:discover_packages(path) check parameters
[1.511s] Level 1:colcon.colcon_core.package_discovery:discover_packages(colcon_meta) discover
[1.511s] Level 1:colcon.colcon_core.package_discovery:discover_packages(recursive) discover
[1.511s] INFO:colcon.colcon_core.package_discovery:Crawling recursively for packages in '/home/tajw/git/team25_rs1/RS1-Gr25'
[1.511s] Level 1:colcon.colcon_core.package_identification:_identify(.) by extensions ['ignore', 'ignore_ament_install']
[1.511s] Level 1:colcon.colcon_core.package_identification:_identify(.) by extension 'ignore'
[1.511s] Level 1:colcon.colcon_core.package_identification:_identify(.) by extension 'ignore_ament_install'
[1.511s] Level 1:colcon.colcon_core.package_identification:_identify(.) by extensions ['colcon_pkg']
[1.511s] Level 1:colcon.colcon_core.package_identification:_identify(.) by extension 'colcon_pkg'
[1.512s] Level 1:colcon.colcon_core.package_identification:_identify(.) by extensions ['colcon_meta']
[1.512s] Level 1:colcon.colcon_core.package_identification:_identify(.) by extension 'colcon_meta'
[1.512s] Level 1:colcon.colcon_core.package_identification:_identify(.) by extensions ['ros']
[1.512s] Level 1:colcon.colcon_core.package_identification:_identify(.) by extension 'ros'
[1.600s] Level 1:colcon.colcon_core.package_identification:_identify(.) by extensions ['cmake', 'python']
[1.600s] Level 1:colcon.colcon_core.package_identification:_identify(.) by extension 'cmake'
[1.600s] Level 1:colcon.colcon_core.package_identification:_identify(.) by extension 'python'
[1.600s] Level 1:colcon.colcon_core.package_identification:_identify(.) by extensions ['python_setup_py']
[1.600s] Level 1:colcon.colcon_core.package_identification:_identify(.) by extension 'python_setup_py'
[1.600s] Level 1:colcon.colcon_core.package_identification:_identify(build) by extensions ['ignore', 'ignore_ament_install']
[1.601s] Level 1:colcon.colcon_core.package_identification:_identify(build) by extension 'ignore'
[1.601s] Level 1:colcon.colcon_core.package_identification:_identify(build) ignored
[1.602s] Level 1:colcon.colcon_core.package_identification:_identify(install) by extensions ['ignore', 'ignore_ament_install']
[1.602s] Level 1:colcon.colcon_core.package_identification:_identify(install) by extension 'ignore'
[1.602s] Level 1:colcon.colcon_core.package_identification:_identify(install) ignored
[1.602s] Level 1:colcon.colcon_core.package_identification:_identify(log) by extensions ['ignore', 'ignore_ament_install']
[1.602s] Level 1:colcon.colcon_core.package_identification:_identify(log) by extension 'ignore'
[1.602s] Level 1:colcon.colcon_core.package_identification:_identify(log) ignored
[1.602s] Level 1:colcon.colcon_core.package_identification:_identify(src) by extensions ['ignore', 'ignore_ament_install']
[1.603s] Level 1:colcon.colcon_core.package_identification:_identify(src) by extension 'ignore'
[1.603s] Level 1:colcon.colcon_core.package_identification:_identify(src) by extension 'ignore_ament_install'
[1.603s] Level 1:colcon.colcon_core.package_identification:_identify(src) by extensions ['colcon_pkg']
[1.603s] Level 1:colcon.colcon_core.package_identification:_identify(src) by extension 'colcon_pkg'
[1.603s] Level 1:colcon.colcon_core.package_identification:_identify(src) by extensions ['colcon_meta']
[1.603s] Level 1:colcon.colcon_core.package_identification:_identify(src) by extension 'colcon_meta'
[1.603s] Level 1:colcon.colcon_core.package_identification:_identify(src) by extensions ['ros']
[1.603s] Level 1:colcon.colcon_core.package_identification:_identify(src) by extension 'ros'
[1.603s] Level 1:colcon.colcon_core.package_identification:_identify(src) by extensions ['cmake', 'python']
[1.603s] Level 1:colcon.colcon_core.package_identification:_identify(src) by extension 'cmake'
[1.603s] Level 1:colcon.colcon_core.package_identification:_identify(src) by extension 'python'
[1.603s] Level 1:colcon.colcon_core.package_identification:_identify(src) by extensions ['python_setup_py']
[1.603s] Level 1:colcon.colcon_core.package_identification:_identify(src) by extension 'python_setup_py'
[1.604s] Level 1:colcon.colcon_core.package_identification:_identify(src/41068_ignition_bringup_v1) by extensions ['ignore', 'ignore_ament_install']
[1.604s] Level 1:colcon.colcon_core.package_identification:_identify(src/41068_ignition_bringup_v1) by extension 'ignore'
[1.604s] Level 1:colcon.colcon_core.package_identification:_identify(src/41068_ignition_bringup_v1) by extension 'ignore_ament_install'
[1.604s] Level 1:colcon.colcon_core.package_identification:_identify(src/41068_ignition_bringup_v1) by extensions ['colcon_pkg']
[1.604s] Level 1:colcon.colcon_core.package_identification:_identify(src/41068_ignition_bringup_v1) by extension 'colcon_pkg'
[1.604s] Level 1:colcon.colcon_core.package_identification:_identify(src/41068_ignition_bringup_v1) by extensions ['colcon_meta']
[1.604s] Level 1:colcon.colcon_core.package_identification:_identify(src/41068_ignition_bringup_v1) by extension 'colcon_meta'
[1.604s] Level 1:colcon.colcon_core.package_identification:_identify(src/41068_ignition_bringup_v1) by extensions ['ros']
[1.604s] Level 1:colcon.colcon_core.package_identification:_identify(src/41068_ignition_bringup_v1) by extension 'ros'
[1.604s] Level 1:colcon.colcon_core.package_identification:_identify(src/41068_ignition_bringup_v1) by extensions ['cmake', 'python']
[1.604s] Level 1:colcon.colcon_core.package_identification:_identify(src/41068_ignition_bringup_v1) by extension 'cmake'
[1.604s] Level 1:colcon.colcon_core.package_identification:_identify(src/41068_ignition_bringup_v1) by extension 'python'
[1.604s] Level 1:colcon.colcon_core.package_identification:_identify(src/41068_ignition_bringup_v1) by extensions ['python_setup_py']
[1.604s] Level 1:colcon.colcon_core.package_identification:_identify(src/41068_ignition_bringup_v1) by extension 'python_setup_py'
[1.604s] Level 1:colcon.colcon_core.package_identification:_identify(src/41068_ignition_bringup_v1/41068_ignition_bringup) by extensions ['ignore', 'ignore_ament_install']
[1.605s] Level 1:colcon.colcon_core.package_identification:_identify(src/41068_ignition_bringup_v1/41068_ignition_bringup) by extension 'ignore'
[1.605s] Level 1:colcon.colcon_core.package_identification:_identify(src/41068_ignition_bringup_v1/41068_ignition_bringup) by extension 'ignore_ament_install'
[1.605s] Level 1:colcon.colcon_core.package_identification:_identify(src/41068_ignition_bringup_v1/41068_ignition_bringup) by extensions ['colcon_pkg']
[1.605s] Level 1:colcon.colcon_core.package_identification:_identify(src/41068_ignition_bringup_v1/41068_ignition_bringup) by extension 'colcon_pkg'
[1.605s] Level 1:colcon.colcon_core.package_identification:_identify(src/41068_ignition_bringup_v1/41068_ignition_bringup) by extensions ['colcon_meta']
[1.605s] Level 1:colcon.colcon_core.package_identification:_identify(src/41068_ignition_bringup_v1/41068_ignition_bringup) by extension 'colcon_meta'
[1.605s] Level 1:colcon.colcon_core.package_identification:_identify(src/41068_ignition_bringup_v1/41068_ignition_bringup) by extensions ['ros']
[1.605s] Level 1:colcon.colcon_core.package_identification:_identify(src/41068_ignition_bringup_v1/41068_ignition_bringup) by extension 'ros'
[1.624s] DEBUG:colcon.colcon_core.package_identification:Package 'src/41068_ignition_bringup_v1/41068_ignition_bringup' with type 'ros.ament_cmake' and name '41068_ignition_bringup'
[1.624s] Level 1:colcon.colcon_core.package_identification:_identify(src/build) by extensions ['ignore', 'ignore_ament_install']
[1.624s] Level 1:colcon.colcon_core.package_identification:_identify(src/build) by extension 'ignore'
[1.624s] Level 1:colcon.colcon_core.package_identification:_identify(src/build) by extension 'ignore_ament_install'
[1.624s] Level 1:colcon.colcon_core.package_identification:_identify(src/build) by extensions ['colcon_pkg']
[1.624s] Level 1:colcon.colcon_core.package_identification:_identify(src/build) by extension 'colcon_pkg'
[1.624s] Level 1:colcon.colcon_core.package_identification:_identify(src/build) by extensions ['colcon_meta']
[1.624s] Level 1:colcon.colcon_core.package_identification:_identify(src/build) by extension 'colcon_meta'
[1.624s] Level 1:colcon.colcon_core.package_identification:_identify(src/build) by extensions ['ros']
[1.624s] Level 1:colcon.colcon_core.package_identification:_identify(src/build) by extension 'ros'
[1.625s] Level 1:colcon.colcon_core.package_identification:_identify(src/build) by extensions ['cmake', 'python']
[1.625s] Level 1:colcon.colcon_core.package_identification:_identify(src/build) by extension 'cmake'
[1.625s] Level 1:colcon.colcon_core.package_identification:_identify(src/build) by extension 'python'
[1.625s] Level 1:colcon.colcon_core.package_identification:_identify(src/build) by extensions ['python_setup_py']
[1.625s] Level 1:colcon.colcon_core.package_identification:_identify(src/build) by extension 'python_setup_py'
[1.625s] Level 1:colcon.colcon_core.package_identification:_identify(src/build/41068_ignition_bringup) by extensions ['ignore', 'ignore_ament_install']
[1.626s] Level 1:colcon.colcon_core.package_identification:_identify(src/build/41068_ignition_bringup) by extension 'ignore'
[1.626s] Level 1:colcon.colcon_core.package_identification:_identify(src/build/41068_ignition_bringup) by extension 'ignore_ament_install'
[1.626s] Level 1:colcon.colcon_core.package_identification:_identify(src/build/41068_ignition_bringup) by extensions ['colcon_pkg']
[1.626s] Level 1:colcon.colcon_core.package_identification:_identify(src/build/41068_ignition_bringup) by extension 'colcon_pkg'
[1.626s] Level 1:colcon.colcon_core.package_identification:_identify(src/build/41068_ignition_bringup) by extensions ['colcon_meta']
[1.626s] Level 1:colcon.colcon_core.package_identification:_identify(src/build/41068_ignition_bringup) by extension 'colcon_meta'
[1.626s] Level 1:colcon.colcon_core.package_identification:_identify(src/build/41068_ignition_bringup) by extensions ['ros']
[1.626s] Level 1:colcon.colcon_core.package_identification:_identify(src/build/41068_ignition_bringup) by extension 'ros'
[1.626s] Level 1:colcon.colcon_core.package_identification:_identify(src/build/41068_ignition_bringup) by extensions ['cmake', 'python']
[1.626s] Level 1:colcon.colcon_core.package_identification:_identify(src/build/41068_ignition_bringup) by extension 'cmake'
[1.626s] Level 1:colcon.colcon_core.package_identification:_identify(src/build/41068_ignition_bringup) by extension 'python'
[1.626s] Level 1:colcon.colcon_core.package_identification:_identify(src/build/41068_ignition_bringup) by extensions ['python_setup_py']
[1.626s] Level 1:colcon.colcon_core.package_identification:_identify(src/build/41068_ignition_bringup) by extension 'python_setup_py'
[1.626s] Level 1:colcon.colcon_core.package_identification:_identify(src/build/41068_ignition_bringup/CMakeFiles) by extensions ['ignore', 'ignore_ament_install']
[1.627s] Level 1:colcon.colcon_core.package_identification:_identify(src/build/41068_ignition_bringup/CMakeFiles) by extension 'ignore'
[1.627s] Level 1:colcon.colcon_core.package_identification:_identify(src/build/41068_ignition_bringup/CMakeFiles) by extension 'ignore_ament_install'
[1.627s] Level 1:colcon.colcon_core.package_identification:_identify(src/build/41068_ignition_bringup/CMakeFiles) by extensions ['colcon_pkg']
[1.627s] Level 1:colcon.colcon_core.package_identification:_identify(src/build/41068_ignition_bringup/CMakeFiles) by extension 'colcon_pkg'
[1.627s] Level 1:colcon.colcon_core.package_identification:_identify(src/build/41068_ignition_bringup/CMakeFiles) by extensions ['colcon_meta']
[1.627s] Level 1:colcon.colcon_core.package_identification:_identify(src/build/41068_ignition_bringup/CMakeFiles) by extension 'colcon_meta'
[1.627s] Level 1:colcon.colcon_core.package_identification:_identify(src/build/41068_ignition_bringup/CMakeFiles) by extensions ['ros']
[1.627s] Level 1:colcon.colcon_core.package_identification:_identify(src/build/41068_ignition_bringup/CMakeFiles) by extension 'ros'
[1.627s] Level 1:colcon.colcon_core.package_identification:_identify(src/build/41068_ignition_bringup/CMakeFiles) by extensions ['cmake', 'python']
[1.627s] Level 1:colcon.colcon_core.package_identification:_identify(src/build/41068_ignition_bringup/CMakeFiles) by extension 'cmake'
[1.627s] Level 1:colcon.colcon_core.package_identification:_identify(src/build/41068_ignition_bringup/CMakeFiles) by extension 'python'
[1.627s] Level 1:colcon.colcon_core.package_identification:_identify(src/build/41068_ignition_bringup/CMakeFiles) by extensions ['python_setup_py']
[1.627s] Level 1:colcon.colcon_core.package_identification:_identify(src/build/41068_ignition_bringup/CMakeFiles) by extension 'python_setup_py'
[1.627s] Level 1:colcon.colcon_core.package_identification:_identify(src/build/41068_ignition_bringup/CMakeFiles/3.22.1) by extensions ['ignore', 'ignore_ament_install']
[1.627s] Level 1:colcon.colcon_core.package_identification:_identify(src/build/41068_ignition_bringup/CMakeFiles/3.22.1) by extension 'ignore'
[1.627s] Level 1:colcon.colcon_core.package_identification:_identify(src/build/41068_ignition_bringup/CMakeFiles/3.22.1) by extension 'ignore_ament_install'
[1.627s] Level 1:colcon.colcon_core.package_identification:_identify(src/build/41068_ignition_bringup/CMakeFiles/3.22.1) by extensions ['colcon_pkg']
[1.627s] Level 1:colcon.colcon_core.package_identification:_identify(src/build/41068_ignition_bringup/CMakeFiles/3.22.1) by extension 'colcon_pkg'
[1.627s] Level 1:colcon.colcon_core.package_identification:_identify(src/build/41068_ignition_bringup/CMakeFiles/3.22.1) by extensions ['colcon_meta']
[1.627s] Level 1:colcon.colcon_core.package_identification:_identify(src/build/41068_ignition_bringup/CMakeFiles/3.22.1) by extension 'colcon_meta'
[1.627s] Level 1:colcon.colcon_core.package_identification:_identify(src/build/41068_ignition_bringup/CMakeFiles/3.22.1) by extensions ['ros']
[1.627s] Level 1:colcon.colcon_core.package_identification:_identify(src/build/41068_ignition_bringup/CMakeFiles/3.22.1) by extension 'ros'
[1.628s] Level 1:colcon.colcon_core.package_identification:_identify(src/build/41068_ignition_bringup/CMakeFiles/3.22.1) by extensions ['cmake', 'python']
[1.628s] Level 1:colcon.colcon_core.package_identification:_identify(src/build/41068_ignition_bringup/CMakeFiles/3.22.1) by extension 'cmake'
[1.628s] Level 1:colcon.colcon_core.package_identification:_identify(src/build/41068_ignition_bringup/CMakeFiles/3.22.1) by extension 'python'
[1.628s] Level 1:colcon.colcon_core.package_identification:_identify(src/build/41068_ignition_bringup/CMakeFiles/3.22.1) by extensions ['python_setup_py']
[1.628s] Level 1:colcon.colcon_core.package_identification:_identify(src/build/41068_ignition_bringup/CMakeFiles/3.22.1) by extension 'python_setup_py'
[1.628s] Level 1:colcon.colcon_core.package_identification:_identify(src/build/41068_ignition_bringup/CMakeFiles/3.22.1/CompilerIdC) by extensions ['ignore', 'ignore_ament_install']
[1.628s] Level 1:colcon.colcon_core.package_identification:_identify(src/build/41068_ignition_bringup/CMakeFiles/3.22.1/CompilerIdC) by extension 'ignore'
[1.628s] Level 1:colcon.colcon_core.package_identification:_identify(src/build/41068_ignition_bringup/CMakeFiles/3.22.1/CompilerIdC) by extension 'ignore_ament_install'
[1.629s] Level 1:colcon.colcon_core.package_identification:_identify(src/build/41068_ignition_bringup/CMakeFiles/3.22.1/CompilerIdC) by extensions ['colcon_pkg']
[1.629s] Level 1:colcon.colcon_core.package_identification:_identify(src/build/41068_ignition_bringup/CMakeFiles/3.22.1/CompilerIdC) by extension 'colcon_pkg'
[1.629s] Level 1:colcon.colcon_core.package_identification:_identify(src/build/41068_ignition_bringup/CMakeFiles/3.22.1/CompilerIdC) by extensions ['colcon_meta']
[1.629s] Level 1:colcon.colcon_core.package_identification:_identify(src/build/41068_ignition_bringup/CMakeFiles/3.22.1/CompilerIdC) by extension 'colcon_meta'
[1.629s] Level 1:colcon.colcon_core.package_identification:_identify(src/build/41068_ignition_bringup/CMakeFiles/3.22.1/CompilerIdC) by extensions ['ros']
[1.629s] Level 1:colcon.colcon_core.package_identification:_identify(src/build/41068_ignition_bringup/CMakeFiles/3.22.1/CompilerIdC) by extension 'ros'
[1.629s] Level 1:colcon.colcon_core.package_identification:_identify(src/build/41068_ignition_bringup/CMakeFiles/3.22.1/CompilerIdC) by extensions ['cmake', 'python']
[1.629s] Level 1:colcon.colcon_core.package_identification:_identify(src/build/41068_ignition_bringup/CMakeFiles/3.22.1/CompilerIdC) by extension 'cmake'
[1.629s] Level 1:colcon.colcon_core.package_identification:_identify(src/build/41068_ignition_bringup/CMakeFiles/3.22.1/CompilerIdC) by extension 'python'
[1.629s] Level 1:colcon.colcon_core.package_identification:_identify(src/build/41068_ignition_bringup/CMakeFiles/3.22.1/CompilerIdC) by extensions ['python_setup_py']
[1.629s] Level 1:colcon.colcon_core.package_identification:_identify(src/build/41068_ignition_bringup/CMakeFiles/3.22.1/CompilerIdC) by extension 'python_setup_py'
[1.629s] Level 1:colcon.colcon_core.package_identification:_identify(src/build/41068_ignition_bringup/CMakeFiles/3.22.1/CompilerIdC/tmp) by extensions ['ignore', 'ignore_ament_install']
[1.629s] Level 1:colcon.colcon_core.package_identification:_identify(src/build/41068_ignition_bringup/CMakeFiles/3.22.1/CompilerIdC/tmp) by extension 'ignore'
[1.629s] Level 1:colcon.colcon_core.package_identification:_identify(src/build/41068_ignition_bringup/CMakeFiles/3.22.1/CompilerIdC/tmp) by extension 'ignore_ament_install'
[1.629s] Level 1:colcon.colcon_core.package_identification:_identify(src/build/41068_ignition_bringup/CMakeFiles/3.22.1/CompilerIdC/tmp) by extensions ['colcon_pkg']
[1.629s] Level 1:colcon.colcon_core.package_identification:_identify(src/build/41068_ignition_bringup/CMakeFiles/3.22.1/CompilerIdC/tmp) by extension 'colcon_pkg'
[1.629s] Level 1:colcon.colcon_core.package_identification:_identify(src/build/41068_ignition_bringup/CMakeFiles/3.22.1/CompilerIdC/tmp) by extensions ['colcon_meta']
[1.629s] Level 1:colcon.colcon_core.package_identification:_identify(src/build/41068_ignition_bringup/CMakeFiles/3.22.1/CompilerIdC/tmp) by extension 'colcon_meta'
[1.630s] Level 1:colcon.colcon_core.package_identification:_identify(src/build/41068_ignition_bringup/CMakeFiles/3.22.1/CompilerIdC/tmp) by extensions ['ros']
[1.630s] Level 1:colcon.colcon_core.package_identification:_identify(src/build/41068_ignition_bringup/CMakeFiles/3.22.1/CompilerIdC/tmp) by extension 'ros'
[1.630s] Level 1:colcon.colcon_core.package_identification:_identify(src/build/41068_ignition_bringup/CMakeFiles/3.22.1/CompilerIdC/tmp) by extensions ['cmake', 'python']
[1.630s] Level 1:colcon.colcon_core.package_identification:_identify(src/build/41068_ignition_bringup/CMakeFiles/3.22.1/CompilerIdC/tmp) by extension 'cmake'
[1.630s] Level 1:colcon.colcon_core.package_identification:_identify(src/build/41068_ignition_bringup/CMakeFiles/3.22.1/CompilerIdC/tmp) by extension 'python'
[1.630s] Level 1:colcon.colcon_core.package_identification:_identify(src/build/41068_ignition_bringup/CMakeFiles/3.22.1/CompilerIdC/tmp) by extensions ['python_setup_py']
[1.630s] Level 1:colcon.colcon_core.package_identification:_identify(src/build/41068_ignition_bringup/CMakeFiles/3.22.1/CompilerIdC/tmp) by extension 'python_setup_py'
[1.630s] Level 1:colcon.colcon_core.package_identification:_identify(src/build/41068_ignition_bringup/CMakeFiles/3.22.1/CompilerIdCXX) by extensions ['ignore', 'ignore_ament_install']
[1.630s] Level 1:colcon.colcon_core.package_identification:_identify(src/build/41068_ignition_bringup/CMakeFiles/3.22.1/CompilerIdCXX) by extension 'ignore'
[1.630s] Level 1:colcon.colcon_core.package_identification:_identify(src/build/41068_ignition_bringup/CMakeFiles/3.22.1/CompilerIdCXX) by extension 'ignore_ament_install'
[1.631s] Level 1:colcon.colcon_core.package_identification:_identify(src/build/41068_ignition_bringup/CMakeFiles/3.22.1/CompilerIdCXX) by extensions ['colcon_pkg']
[1.631s] Level 1:colcon.colcon_core.package_identification:_identify(src/build/41068_ignition_bringup/CMakeFiles/3.22.1/CompilerIdCXX) by extension 'colcon_pkg'
[1.631s] Level 1:colcon.colcon_core.package_identification:_identify(src/build/41068_ignition_bringup/CMakeFiles/3.22.1/CompilerIdCXX) by extensions ['colcon_meta']
[1.631s] Level 1:colcon.colcon_core.package_identification:_identify(src/build/41068_ignition_bringup/CMakeFiles/3.22.1/CompilerIdCXX) by extension 'colcon_meta'
[1.631s] Level 1:colcon.colcon_core.package_identification:_identify(src/build/41068_ignition_bringup/CMakeFiles/3.22.1/CompilerIdCXX) by extensions ['ros']
[1.631s] Level 1:colcon.colcon_core.package_identification:_identify(src/build/41068_ignition_bringup/CMakeFiles/3.22.1/CompilerIdCXX) by extension 'ros'
[1.631s] Level 1:colcon.colcon_core.package_identification:_identify(src/build/41068_ignition_bringup/CMakeFiles/3.22.1/CompilerIdCXX) by extensions ['cmake', 'python']
[1.631s] Level 1:colcon.colcon_core.package_identification:_identify(src/build/41068_ignition_bringup/CMakeFiles/3.22.1/CompilerIdCXX) by extension 'cmake'
[1.632s] Level 1:colcon.colcon_core.package_identification:_identify(src/build/41068_ignition_bringup/CMakeFiles/3.22.1/CompilerIdCXX) by extension 'python'
[1.632s] Level 1:colcon.colcon_core.package_identification:_identify(src/build/41068_ignition_bringup/CMakeFiles/3.22.1/CompilerIdCXX) by extensions ['python_setup_py']
[1.632s] Level 1:colcon.colcon_core.package_identification:_identify(src/build/41068_ignition_bringup/CMakeFiles/3.22.1/CompilerIdCXX) by extension 'python_setup_py'
[1.632s] Level 1:colcon.colcon_core.package_identification:_identify(src/build/41068_ignition_bringup/CMakeFiles/3.22.1/CompilerIdCXX/tmp) by extensions ['ignore', 'ignore_ament_install']
[1.632s] Level 1:colcon.colcon_core.package_identification:_identify(src/build/41068_ignition_bringup/CMakeFiles/3.22.1/CompilerIdCXX/tmp) by extension 'ignore'
[1.632s] Level 1:colcon.colcon_core.package_identification:_identify(src/build/41068_ignition_bringup/CMakeFiles/3.22.1/CompilerIdCXX/tmp) by extension 'ignore_ament_install'
[1.632s] Level 1:colcon.colcon_core.package_identification:_identify(src/build/41068_ignition_bringup/CMakeFiles/3.22.1/CompilerIdCXX/tmp) by extensions ['colcon_pkg']
[1.632s] Level 1:colcon.colcon_core.package_identification:_identify(src/build/41068_ignition_bringup/CMakeFiles/3.22.1/CompilerIdCXX/tmp) by extension 'colcon_pkg'
[1.632s] Level 1:colcon.colcon_core.package_identification:_identify(src/build/41068_ignition_bringup/CMakeFiles/3.22.1/CompilerIdCXX/tmp) by extensions ['colcon_meta']
[1.632s] Level 1:colcon.colcon_core.package_identification:_identify(src/build/41068_ignition_bringup/CMakeFiles/3.22.1/CompilerIdCXX/tmp) by extension 'colcon_meta'
[1.633s] Level 1:colcon.colcon_core.package_identification:_identify(src/build/41068_ignition_bringup/CMakeFiles/3.22.1/CompilerIdCXX/tmp) by extensions ['ros']
[1.633s] Level 1:colcon.colcon_core.package_identification:_identify(src/build/41068_ignition_bringup/CMakeFiles/3.22.1/CompilerIdCXX/tmp) by extension 'ros'
[1.633s] Level 1:colcon.colcon_core.package_identification:_identify(src/build/41068_ignition_bringup/CMakeFiles/3.22.1/CompilerIdCXX/tmp) by extensions ['cmake', 'python']
[1.633s] Level 1:colcon.colcon_core.package_identification:_identify(src/build/41068_ignition_bringup/CMakeFiles/3.22.1/CompilerIdCXX/tmp) by extension 'cmake'
[1.633s] Level 1:colcon.colcon_core.package_identification:_identify(src/build/41068_ignition_bringup/CMakeFiles/3.22.1/CompilerIdCXX/tmp) by extension 'python'
[1.634s] Level 1:colcon.colcon_core.package_identification:_identify(src/build/41068_ignition_bringup/CMakeFiles/3.22.1/CompilerIdCXX/tmp) by extensions ['python_setup_py']
[1.634s] Level 1:colcon.colcon_core.package_identification:_identify(src/build/41068_ignition_bringup/CMakeFiles/3.22.1/CompilerIdCXX/tmp) by extension 'python_setup_py'
[1.634s] Level 1:colcon.colcon_core.package_identification:_identify(src/build/41068_ignition_bringup/CMakeFiles/CMakeTmp) by extensions ['ignore', 'ignore_ament_install']
[1.634s] Level 1:colcon.colcon_core.package_identification:_identify(src/build/41068_ignition_bringup/CMakeFiles/CMakeTmp) by extension 'ignore'
[1.634s] Level 1:colcon.colcon_core.package_identification:_identify(src/build/41068_ignition_bringup/CMakeFiles/CMakeTmp) by extension 'ignore_ament_install'
[1.634s] Level 1:colcon.colcon_core.package_identification:_identify(src/build/41068_ignition_bringup/CMakeFiles/CMakeTmp) by extensions ['colcon_pkg']
[1.634s] Level 1:colcon.colcon_core.package_identification:_identify(src/build/41068_ignition_bringup/CMakeFiles/CMakeTmp) by extension 'colcon_pkg'
[1.634s] Level 1:colcon.colcon_core.package_identification:_identify(src/build/41068_ignition_bringup/CMakeFiles/CMakeTmp) by extensions ['colcon_meta']
[1.634s] Level 1:colcon.colcon_core.package_identification:_identify(src/build/41068_ignition_bringup/CMakeFiles/CMakeTmp) by extension 'colcon_meta'
[1.635s] Level 1:colcon.colcon_core.package_identification:_identify(src/build/41068_ignition_bringup/CMakeFiles/CMakeTmp) by extensions ['ros']
[1.635s] Level 1:colcon.colcon_core.package_identification:_identify(src/build/41068_ignition_bringup/CMakeFiles/CMakeTmp) by extension 'ros'
[1.635s] Level 1:colcon.colcon_core.package_identification:_identify(src/build/41068_ignition_bringup/CMakeFiles/CMakeTmp) by extensions ['cmake', 'python']
[1.635s] Level 1:colcon.colcon_core.package_identification:_identify(src/build/41068_ignition_bringup/CMakeFiles/CMakeTmp) by extension 'cmake'
[1.635s] Level 1:colcon.colcon_core.package_identification:_identify(src/build/41068_ignition_bringup/CMakeFiles/CMakeTmp) by extension 'python'
[1.635s] Level 1:colcon.colcon_core.package_identification:_identify(src/build/41068_ignition_bringup/CMakeFiles/CMakeTmp) by extensions ['python_setup_py']
[1.635s] Level 1:colcon.colcon_core.package_identification:_identify(src/build/41068_ignition_bringup/CMakeFiles/CMakeTmp) by extension 'python_setup_py'
[1.635s] Level 1:colcon.colcon_core.package_identification:_identify(src/build/41068_ignition_bringup/ament_copyright) by extensions ['ignore', 'ignore_ament_install']
[1.635s] Level 1:colcon.colcon_core.package_identification:_identify(src/build/41068_ignition_bringup/ament_copyright) by extension 'ignore'
[1.635s] Level 1:colcon.colcon_core.package_identification:_identify(src/build/41068_ignition_bringup/ament_copyright) by extension 'ignore_ament_install'
[1.635s] Level 1:colcon.colcon_core.package_identification:_identify(src/build/41068_ignition_bringup/ament_copyright) by extensions ['colcon_pkg']
[1.635s] Level 1:colcon.colcon_core.package_identification:_identify(src/build/41068_ignition_bringup/ament_copyright) by extension 'colcon_pkg'
[1.636s] Level 1:colcon.colcon_core.package_identification:_identify(src/build/41068_ignition_bringup/ament_copyright) by extensions ['colcon_meta']
[1.636s] Level 1:colcon.colcon_core.package_identification:_identify(src/build/41068_ignition_bringup/ament_copyright) by extension 'colcon_meta'
[1.636s] Level 1:colcon.colcon_core.package_identification:_identify(src/build/41068_ignition_bringup/ament_copyright) by extensions ['ros']
[1.636s] Level 1:colcon.colcon_core.package_identification:_identify(src/build/41068_ignition_bringup/ament_copyright) by extension 'ros'
[1.636s] Level 1:colcon.colcon_core.package_identification:_identify(src/build/41068_ignition_bringup/ament_copyright) by extensions ['cmake', 'python']
[1.636s] Level 1:colcon.colcon_core.package_identification:_identify(src/build/41068_ignition_bringup/ament_copyright) by extension 'cmake'
[1.636s] Level 1:colcon.colcon_core.package_identification:_identify(src/build/41068_ignition_bringup/ament_copyright) by extension 'python'
[1.636s] Level 1:colcon.colcon_core.package_identification:_identify(src/build/41068_ignition_bringup/ament_copyright) by extensions ['python_setup_py']
[1.636s] Level 1:colcon.colcon_core.package_identification:_identify(src/build/41068_ignition_bringup/ament_copyright) by extension 'python_setup_py'
[1.636s] Level 1:colcon.colcon_core.package_identification:_identify(src/build/41068_ignition_bringup/ament_flake8) by extensions ['ignore', 'ignore_ament_install']
[1.636s] Level 1:colcon.colcon_core.package_identification:_identify(src/build/41068_ignition_bringup/ament_flake8) by extension 'ignore'
[1.636s] Level 1:colcon.colcon_core.package_identification:_identify(src/build/41068_ignition_bringup/ament_flake8) by extension 'ignore_ament_install'
[1.636s] Level 1:colcon.colcon_core.package_identification:_identify(src/build/41068_ignition_bringup/ament_flake8) by extensions ['colcon_pkg']
[1.636s] Level 1:colcon.colcon_core.package_identification:_identify(src/build/41068_ignition_bringup/ament_flake8) by extension 'colcon_pkg'
[1.636s] Level 1:colcon.colcon_core.package_identification:_identify(src/build/41068_ignition_bringup/ament_flake8) by extensions ['colcon_meta']
[1.636s] Level 1:colcon.colcon_core.package_identification:_identify(src/build/41068_ignition_bringup/ament_flake8) by extension 'colcon_meta'
[1.636s] Level 1:colcon.colcon_core.package_identification:_identify(src/build/41068_ignition_bringup/ament_flake8) by extensions ['ros']
[1.637s] Level 1:colcon.colcon_core.package_identification:_identify(src/build/41068_ignition_bringup/ament_flake8) by extension 'ros'
[1.637s] Level 1:colcon.colcon_core.package_identification:_identify(src/build/41068_ignition_bringup/ament_flake8) by extensions ['cmake', 'python']
[1.637s] Level 1:colcon.colcon_core.package_identification:_identify(src/build/41068_ignition_bringup/ament_flake8) by extension 'cmake'
[1.637s] Level 1:colcon.colcon_core.package_identification:_identify(src/build/41068_ignition_bringup/ament_flake8) by extension 'python'
[1.637s] Level 1:colcon.colcon_core.package_identification:_identify(src/build/41068_ignition_bringup/ament_flake8) by extensions ['python_setup_py']
[1.637s] Level 1:colcon.colcon_core.package_identification:_identify(src/build/41068_ignition_bringup/ament_flake8) by extension 'python_setup_py'
[1.637s] Level 1:colcon.colcon_core.package_identification:_identify(src/build/41068_ignition_bringup/ament_lint_cmake) by extensions ['ignore', 'ignore_ament_install']
[1.637s] Level 1:colcon.colcon_core.package_identification:_identify(src/build/41068_ignition_bringup/ament_lint_cmake) by extension 'ignore'
[1.637s] Level 1:colcon.colcon_core.package_identification:_identify(src/build/41068_ignition_bringup/ament_lint_cmake) by extension 'ignore_ament_install'
[1.637s] Level 1:colcon.colcon_core.package_identification:_identify(src/build/41068_ignition_bringup/ament_lint_cmake) by extensions ['colcon_pkg']
[1.637s] Level 1:colcon.colcon_core.package_identification:_identify(src/build/41068_ignition_bringup/ament_lint_cmake) by extension 'colcon_pkg'
[1.637s] Level 1:colcon.colcon_core.package_identification:_identify(src/build/41068_ignition_bringup/ament_lint_cmake) by extensions ['colcon_meta']
[1.637s] Level 1:colcon.colcon_core.package_identification:_identify(src/build/41068_ignition_bringup/ament_lint_cmake) by extension 'colcon_meta'
[1.637s] Level 1:colcon.colcon_core.package_identification:_identify(src/build/41068_ignition_bringup/ament_lint_cmake) by extensions ['ros']
[1.637s] Level 1:colcon.colcon_core.package_identification:_identify(src/build/41068_ignition_bringup/ament_lint_cmake) by extension 'ros'
[1.638s] Level 1:colcon.colcon_core.package_identification:_identify(src/build/41068_ignition_bringup/ament_lint_cmake) by extensions ['cmake', 'python']
[1.638s] Level 1:colcon.colcon_core.package_identification:_identify(src/build/41068_ignition_bringup/ament_lint_cmake) by extension 'cmake'
[1.638s] Level 1:colcon.colcon_core.package_identification:_identify(src/build/41068_ignition_bringup/ament_lint_cmake) by extension 'python'
[1.638s] Level 1:colcon.colcon_core.package_identification:_identify(src/build/41068_ignition_bringup/ament_lint_cmake) by extensions ['python_setup_py']
[1.638s] Level 1:colcon.colcon_core.package_identification:_identify(src/build/41068_ignition_bringup/ament_lint_cmake) by extension 'python_setup_py'
[1.638s] Level 1:colcon.colcon_core.package_identification:_identify(src/build/41068_ignition_bringup/ament_pep257) by extensions ['ignore', 'ignore_ament_install']
[1.638s] Level 1:colcon.colcon_core.package_identification:_identify(src/build/41068_ignition_bringup/ament_pep257) by extension 'ignore'
[1.638s] Level 1:colcon.colcon_core.package_identification:_identify(src/build/41068_ignition_bringup/ament_pep257) by extension 'ignore_ament_install'
[1.638s] Level 1:colcon.colcon_core.package_identification:_identify(src/build/41068_ignition_bringup/ament_pep257) by extensions ['colcon_pkg']
[1.638s] Level 1:colcon.colcon_core.package_identification:_identify(src/build/41068_ignition_bringup/ament_pep257) by extension 'colcon_pkg'
[1.638s] Level 1:colcon.colcon_core.package_identification:_identify(src/build/41068_ignition_bringup/ament_pep257) by extensions ['colcon_meta']
[1.638s] Level 1:colcon.colcon_core.package_identification:_identify(src/build/41068_ignition_bringup/ament_pep257) by extension 'colcon_meta'
[1.638s] Level 1:colcon.colcon_core.package_identification:_identify(src/build/41068_ignition_bringup/ament_pep257) by extensions ['ros']
[1.638s] Level 1:colcon.colcon_core.package_identification:_identify(src/build/41068_ignition_bringup/ament_pep257) by extension 'ros'
[1.638s] Level 1:colcon.colcon_core.package_identification:_identify(src/build/41068_ignition_bringup/ament_pep257) by extensions ['cmake', 'python']
[1.639s] Level 1:colcon.colcon_core.package_identification:_identify(src/build/41068_ignition_bringup/ament_pep257) by extension 'cmake'
[1.639s] Level 1:colcon.colcon_core.package_identification:_identify(src/build/41068_ignition_bringup/ament_pep257) by extension 'python'
[1.639s] Level 1:colcon.colcon_core.package_identification:_identify(src/build/41068_ignition_bringup/ament_pep257) by extensions ['python_setup_py']
[1.639s] Level 1:colcon.colcon_core.package_identification:_identify(src/build/41068_ignition_bringup/ament_pep257) by extension 'python_setup_py'
[1.639s] Level 1:colcon.colcon_core.package_identification:_identify(src/build/41068_ignition_bringup/ament_xmllint) by extensions ['ignore', 'ignore_ament_install']
[1.639s] Level 1:colcon.colcon_core.package_identification:_identify(src/build/41068_ignition_bringup/ament_xmllint) by extension 'ignore'
[1.639s] Level 1:colcon.colcon_core.package_identification:_identify(src/build/41068_ignition_bringup/ament_xmllint) by extension 'ignore_ament_install'
[1.639s] Level 1:colcon.colcon_core.package_identification:_identify(src/build/41068_ignition_bringup/ament_xmllint) by extensions ['colcon_pkg']
[1.639s] Level 1:colcon.colcon_core.package_identification:_identify(src/build/41068_ignition_bringup/ament_xmllint) by extension 'colcon_pkg'
[1.639s] Level 1:colcon.colcon_core.package_identification:_identify(src/build/41068_ignition_bringup/ament_xmllint) by extensions ['colcon_meta']
[1.639s] Level 1:colcon.colcon_core.package_identification:_identify(src/build/41068_ignition_bringup/ament_xmllint) by extension 'colcon_meta'
[1.639s] Level 1:colcon.colcon_core.package_identification:_identify(src/build/41068_ignition_bringup/ament_xmllint) by extensions ['ros']
[1.639s] Level 1:colcon.colcon_core.package_identification:_identify(src/build/41068_ignition_bringup/ament_xmllint) by extension 'ros'
[1.639s] Level 1:colcon.colcon_core.package_identification:_identify(src/build/41068_ignition_bringup/ament_xmllint) by extensions ['cmake', 'python']
[1.639s] Level 1:colcon.colcon_core.package_identification:_identify(src/build/41068_ignition_bringup/ament_xmllint) by extension 'cmake'
[1.639s] Level 1:colcon.colcon_core.package_identification:_identify(src/build/41068_ignition_bringup/ament_xmllint) by extension 'python'
[1.640s] Level 1:colcon.colcon_core.package_identification:_identify(src/build/41068_ignition_bringup/ament_xmllint) by extensions ['python_setup_py']
[1.640s] Level 1:colcon.colcon_core.package_identification:_identify(src/build/41068_ignition_bringup/ament_xmllint) by extension 'python_setup_py'
[1.640s] Level 1:colcon.colcon_core.package_identification:_identify(src/build/CMakeFiles) by extensions ['ignore', 'ignore_ament_install']
[1.640s] Level 1:colcon.colcon_core.package_identification:_identify(src/build/CMakeFiles) by extension 'ignore'
[1.640s] Level 1:colcon.colcon_core.package_identification:_identify(src/build/CMakeFiles) by extension 'ignore_ament_install'
[1.640s] Level 1:colcon.colcon_core.package_identification:_identify(src/build/CMakeFiles) by extensions ['colcon_pkg']
[1.640s] Level 1:colcon.colcon_core.package_identification:_identify(src/build/CMakeFiles) by extension 'colcon_pkg'
[1.640s] Level 1:colcon.colcon_core.package_identification:_identify(src/build/CMakeFiles) by extensions ['colcon_meta']
[1.640s] Level 1:colcon.colcon_core.package_identification:_identify(src/build/CMakeFiles) by extension 'colcon_meta'
[1.640s] Level 1:colcon.colcon_core.package_identification:_identify(src/build/CMakeFiles) by extensions ['ros']
[1.640s] Level 1:colcon.colcon_core.package_identification:_identify(src/build/CMakeFiles) by extension 'ros'
[1.641s] Level 1:colcon.colcon_core.package_identification:_identify(src/build/CMakeFiles) by extensions ['cmake', 'python']
[1.641s] Level 1:colcon.colcon_core.package_identification:_identify(src/build/CMakeFiles) by extension 'cmake'
[1.641s] Level 1:colcon.colcon_core.package_identification:_identify(src/build/CMakeFiles) by extension 'python'
[1.641s] Level 1:colcon.colcon_core.package_identification:_identify(src/build/CMakeFiles) by extensions ['python_setup_py']
[1.641s] Level 1:colcon.colcon_core.package_identification:_identify(src/build/CMakeFiles) by extension 'python_setup_py'
[1.641s] Level 1:colcon.colcon_core.package_identification:_identify(src/build/CMakeFiles/3.22.1) by extensions ['ignore', 'ignore_ament_install']
[1.641s] Level 1:colcon.colcon_core.package_identification:_identify(src/build/CMakeFiles/3.22.1) by extension 'ignore'
[1.641s] Level 1:colcon.colcon_core.package_identification:_identify(src/build/CMakeFiles/3.22.1) by extension 'ignore_ament_install'
[1.641s] Level 1:colcon.colcon_core.package_identification:_identify(src/build/CMakeFiles/3.22.1) by extensions ['colcon_pkg']
[1.641s] Level 1:colcon.colcon_core.package_identification:_identify(src/build/CMakeFiles/3.22.1) by extension 'colcon_pkg'
[1.642s] Level 1:colcon.colcon_core.package_identification:_identify(src/build/CMakeFiles/3.22.1) by extensions ['colcon_meta']
[1.642s] Level 1:colcon.colcon_core.package_identification:_identify(src/build/CMakeFiles/3.22.1) by extension 'colcon_meta'
[1.642s] Level 1:colcon.colcon_core.package_identification:_identify(src/build/CMakeFiles/3.22.1) by extensions ['ros']
[1.642s] Level 1:colcon.colcon_core.package_identification:_identify(src/build/CMakeFiles/3.22.1) by extension 'ros'
[1.642s] Level 1:colcon.colcon_core.package_identification:_identify(src/build/CMakeFiles/3.22.1) by extensions ['cmake', 'python']
[1.642s] Level 1:colcon.colcon_core.package_identification:_identify(src/build/CMakeFiles/3.22.1) by extension 'cmake'
[1.642s] Level 1:colcon.colcon_core.package_identification:_identify(src/build/CMakeFiles/3.22.1) by extension 'python'
[1.642s] Level 1:colcon.colcon_core.package_identification:_identify(src/build/CMakeFiles/3.22.1) by extensions ['python_setup_py']
[1.642s] Level 1:colcon.colcon_core.package_identification:_identify(src/build/CMakeFiles/3.22.1) by extension 'python_setup_py'
[1.642s] Level 1:colcon.colcon_core.package_identification:_identify(src/build/CMakeFiles/3.22.1/CompilerIdC) by extensions ['ignore', 'ignore_ament_install']
[1.642s] Level 1:colcon.colcon_core.package_identification:_identify(src/build/CMakeFiles/3.22.1/CompilerIdC) by extension 'ignore'
[1.642s] Level 1:colcon.colcon_core.package_identification:_identify(src/build/CMakeFiles/3.22.1/CompilerIdC) by extension 'ignore_ament_install'
[1.643s] Level 1:colcon.colcon_core.package_identification:_identify(src/build/CMakeFiles/3.22.1/CompilerIdC) by extensions ['colcon_pkg']
[1.643s] Level 1:colcon.colcon_core.package_identification:_identify(src/build/CMakeFiles/3.22.1/CompilerIdC) by extension 'colcon_pkg'
[1.643s] Level 1:colcon.colcon_core.package_identification:_identify(src/build/CMakeFiles/3.22.1/CompilerIdC) by extensions ['colcon_meta']
[1.643s] Level 1:colcon.colcon_core.package_identification:_identify(src/build/CMakeFiles/3.22.1/CompilerIdC) by extension 'colcon_meta'
[1.643s] Level 1:colcon.colcon_core.package_identification:_identify(src/build/CMakeFiles/3.22.1/CompilerIdC) by extensions ['ros']
[1.643s] Level 1:colcon.colcon_core.package_identification:_identify(src/build/CMakeFiles/3.22.1/CompilerIdC) by extension 'ros'
[1.643s] Level 1:colcon.colcon_core.package_identification:_identify(src/build/CMakeFiles/3.22.1/CompilerIdC) by extensions ['cmake', 'python']
[1.643s] Level 1:colcon.colcon_core.package_identification:_identify(src/build/CMakeFiles/3.22.1/CompilerIdC) by extension 'cmake'
[1.643s] Level 1:colcon.colcon_core.package_identification:_identify(src/build/CMakeFiles/3.22.1/CompilerIdC) by extension 'python'
[1.643s] Level 1:colcon.colcon_core.package_identification:_identify(src/build/CMakeFiles/3.22.1/CompilerIdC) by extensions ['python_setup_py']
[1.643s] Level 1:colcon.colcon_core.package_identification:_identify(src/build/CMakeFiles/3.22.1/CompilerIdC) by extension 'python_setup_py'
[1.643s] Level 1:colcon.colcon_core.package_identification:_identify(src/build/CMakeFiles/3.22.1/CompilerIdC/tmp) by extensions ['ignore', 'ignore_ament_install']
[1.643s] Level 1:colcon.colcon_core.package_identification:_identify(src/build/CMakeFiles/3.22.1/CompilerIdC/tmp) by extension 'ignore'
[1.643s] Level 1:colcon.colcon_core.package_identification:_identify(src/build/CMakeFiles/3.22.1/CompilerIdC/tmp) by extension 'ignore_ament_install'
[1.643s] Level 1:colcon.colcon_core.package_identification:_identify(src/build/CMakeFiles/3.22.1/CompilerIdC/tmp) by extensions ['colcon_pkg']
[1.643s] Level 1:colcon.colcon_core.package_identification:_identify(src/build/CMakeFiles/3.22.1/CompilerIdC/tmp) by extension 'colcon_pkg'
[1.644s] Level 1:colcon.colcon_core.package_identification:_identify(src/build/CMakeFiles/3.22.1/CompilerIdC/tmp) by extensions ['colcon_meta']
[1.644s] Level 1:colcon.colcon_core.package_identification:_identify(src/build/CMakeFiles/3.22.1/CompilerIdC/tmp) by extension 'colcon_meta'
[1.644s] Level 1:colcon.colcon_core.package_identification:_identify(src/build/CMakeFiles/3.22.1/CompilerIdC/tmp) by extensions ['ros']
[1.644s] Level 1:colcon.colcon_core.package_identification:_identify(src/build/CMakeFiles/3.22.1/CompilerIdC/tmp) by extension 'ros'
[1.644s] Level 1:colcon.colcon_core.package_identification:_identify(src/build/CMakeFiles/3.22.1/CompilerIdC/tmp) by extensions ['cmake', 'python']
[1.644s] Level 1:colcon.colcon_core.package_identification:_identify(src/build/CMakeFiles/3.22.1/CompilerIdC/tmp) by extension 'cmake'
[1.644s] Level 1:colcon.colcon_core.package_identification:_identify(src/build/CMakeFiles/3.22.1/CompilerIdC/tmp) by extension 'python'
[1.644s] Level 1:colcon.colcon_core.package_identification:_identify(src/build/CMakeFiles/3.22.1/CompilerIdC/tmp) by extensions ['python_setup_py']
[1.644s] Level 1:colcon.colcon_core.package_identification:_identify(src/build/CMakeFiles/3.22.1/CompilerIdC/tmp) by extension 'python_setup_py'
[1.645s] Level 1:colcon.colcon_core.package_identification:_identify(src/build/CMakeFiles/3.22.1/CompilerIdCXX) by extensions ['ignore', 'ignore_ament_install']
[1.645s] Level 1:colcon.colcon_core.package_identification:_identify(src/build/CMakeFiles/3.22.1/CompilerIdCXX) by extension 'ignore'
[1.645s] Level 1:colcon.colcon_core.package_identification:_identify(src/build/CMakeFiles/3.22.1/CompilerIdCXX) by extension 'ignore_ament_install'
[1.645s] Level 1:colcon.colcon_core.package_identification:_identify(src/build/CMakeFiles/3.22.1/CompilerIdCXX) by extensions ['colcon_pkg']
[1.645s] Level 1:colcon.colcon_core.package_identification:_identify(src/build/CMakeFiles/3.22.1/CompilerIdCXX) by extension 'colcon_pkg'
[1.645s] Level 1:colcon.colcon_core.package_identification:_identify(src/build/CMakeFiles/3.22.1/CompilerIdCXX) by extensions ['colcon_meta']
[1.645s] Level 1:colcon.colcon_core.package_identification:_identify(src/build/CMakeFiles/3.22.1/CompilerIdCXX) by extension 'colcon_meta'
[1.645s] Level 1:colcon.colcon_core.package_identification:_identify(src/build/CMakeFiles/3.22.1/CompilerIdCXX) by extensions ['ros']
[1.645s] Level 1:colcon.colcon_core.package_identification:_identify(src/build/CMakeFiles/3.22.1/CompilerIdCXX) by extension 'ros'
[1.645s] Level 1:colcon.colcon_core.package_identification:_identify(src/build/CMakeFiles/3.22.1/CompilerIdCXX) by extensions ['cmake', 'python']
[1.645s] Level 1:colcon.colcon_core.package_identification:_identify(src/build/CMakeFiles/3.22.1/CompilerIdCXX) by extension 'cmake'
[1.645s] Level 1:colcon.colcon_core.package_identification:_identify(src/build/CMakeFiles/3.22.1/CompilerIdCXX) by extension 'python'
[1.645s] Level 1:colcon.colcon_core.package_identification:_identify(src/build/CMakeFiles/3.22.1/CompilerIdCXX) by extensions ['python_setup_py']
[1.646s] Level 1:colcon.colcon_core.package_identification:_identify(src/build/CMakeFiles/3.22.1/CompilerIdCXX) by extension 'python_setup_py'
[1.646s] Level 1:colcon.colcon_core.package_identification:_identify(src/build/CMakeFiles/3.22.1/CompilerIdCXX/tmp) by extensions ['ignore', 'ignore_ament_install']
[1.646s] Level 1:colcon.colcon_core.package_identification:_identify(src/build/CMakeFiles/3.22.1/CompilerIdCXX/tmp) by extension 'ignore'
[1.646s] Level 1:colcon.colcon_core.package_identification:_identify(src/build/CMakeFiles/3.22.1/CompilerIdCXX/tmp) by extension 'ignore_ament_install'
[1.646s] Level 1:colcon.colcon_core.package_identification:_identify(src/build/CMakeFiles/3.22.1/CompilerIdCXX/tmp) by extensions ['colcon_pkg']
[1.646s] Level 1:colcon.colcon_core.package_identification:_identify(src/build/CMakeFiles/3.22.1/CompilerIdCXX/tmp) by extension 'colcon_pkg'
[1.646s] Level 1:colcon.colcon_core.package_identification:_identify(src/build/CMakeFiles/3.22.1/CompilerIdCXX/tmp) by extensions ['colcon_meta']
[1.646s] Level 1:colcon.colcon_core.package_identification:_identify(src/build/CMakeFiles/3.22.1/CompilerIdCXX/tmp) by extension 'colcon_meta'
[1.646s] Level 1:colcon.colcon_core.package_identification:_identify(src/build/CMakeFiles/3.22.1/CompilerIdCXX/tmp) by extensions ['ros']
[1.646s] Level 1:colcon.colcon_core.package_identification:_identify(src/build/CMakeFiles/3.22.1/CompilerIdCXX/tmp) by extension 'ros'
[1.646s] Level 1:colcon.colcon_core.package_identification:_identify(src/build/CMakeFiles/3.22.1/CompilerIdCXX/tmp) by extensions ['cmake', 'python']
[1.647s] Level 1:colcon.colcon_core.package_identification:_identify(src/build/CMakeFiles/3.22.1/CompilerIdCXX/tmp) by extension 'cmake'
[1.647s] Level 1:colcon.colcon_core.package_identification:_identify(src/build/CMakeFiles/3.22.1/CompilerIdCXX/tmp) by extension 'python'
[1.647s] Level 1:colcon.colcon_core.package_identification:_identify(src/build/CMakeFiles/3.22.1/CompilerIdCXX/tmp) by extensions ['python_setup_py']
[1.647s] Level 1:colcon.colcon_core.package_identification:_identify(src/build/CMakeFiles/3.22.1/CompilerIdCXX/tmp) by extension 'python_setup_py'
[1.647s] Level 1:colcon.colcon_core.package_identification:_identify(src/build/CMakeFiles/41068_ignition_bringup_uninstall.dir) by extensions ['ignore', 'ignore_ament_install']
[1.648s] Level 1:colcon.colcon_core.package_identification:_identify(src/build/CMakeFiles/41068_ignition_bringup_uninstall.dir) by extension 'ignore'
[1.648s] Level 1:colcon.colcon_core.package_identification:_identify(src/build/CMakeFiles/41068_ignition_bringup_uninstall.dir) by extension 'ignore_ament_install'
[1.648s] Level 1:colcon.colcon_core.package_identification:_identify(src/build/CMakeFiles/41068_ignition_bringup_uninstall.dir) by extensions ['colcon_pkg']
[1.648s] Level 1:colcon.colcon_core.package_identification:_identify(src/build/CMakeFiles/41068_ignition_bringup_uninstall.dir) by extension 'colcon_pkg'
[1.648s] Level 1:colcon.colcon_core.package_identification:_identify(src/build/CMakeFiles/41068_ignition_bringup_uninstall.dir) by extensions ['colcon_meta']
[1.648s] Level 1:colcon.colcon_core.package_identification:_identify(src/build/CMakeFiles/41068_ignition_bringup_uninstall.dir) by extension 'colcon_meta'
[1.648s] Level 1:colcon.colcon_core.package_identification:_identify(src/build/CMakeFiles/41068_ignition_bringup_uninstall.dir) by extensions ['ros']
[1.648s] Level 1:colcon.colcon_core.package_identification:_identify(src/build/CMakeFiles/41068_ignition_bringup_uninstall.dir) by extension 'ros'
[1.649s] Level 1:colcon.colcon_core.package_identification:_identify(src/build/CMakeFiles/41068_ignition_bringup_uninstall.dir) by extensions ['cmake', 'python']
[1.649s] Level 1:colcon.colcon_core.package_identification:_identify(src/build/CMakeFiles/41068_ignition_bringup_uninstall.dir) by extension 'cmake'
[1.649s] Level 1:colcon.colcon_core.package_identification:_identify(src/build/CMakeFiles/41068_ignition_bringup_uninstall.dir) by extension 'python'
[1.649s] Level 1:colcon.colcon_core.package_identification:_identify(src/build/CMakeFiles/41068_ignition_bringup_uninstall.dir) by extensions ['python_setup_py']
[1.650s] Level 1:colcon.colcon_core.package_identification:_identify(src/build/CMakeFiles/41068_ignition_bringup_uninstall.dir) by extension 'python_setup_py'
[1.650s] Level 1:colcon.colcon_core.package_identification:_identify(src/build/CMakeFiles/CMakeTmp) by extensions ['ignore', 'ignore_ament_install']
[1.650s] Level 1:colcon.colcon_core.package_identification:_identify(src/build/CMakeFiles/CMakeTmp) by extension 'ignore'
[1.650s] Level 1:colcon.colcon_core.package_identification:_identify(src/build/CMakeFiles/CMakeTmp) by extension 'ignore_ament_install'
[1.650s] Level 1:colcon.colcon_core.package_identification:_identify(src/build/CMakeFiles/CMakeTmp) by extensions ['colcon_pkg']
[1.650s] Level 1:colcon.colcon_core.package_identification:_identify(src/build/CMakeFiles/CMakeTmp) by extension 'colcon_pkg'
[1.650s] Level 1:colcon.colcon_core.package_identification:_identify(src/build/CMakeFiles/CMakeTmp) by extensions ['colcon_meta']
[1.650s] Level 1:colcon.colcon_core.package_identification:_identify(src/build/CMakeFiles/CMakeTmp) by extension 'colcon_meta'
[1.650s] Level 1:colcon.colcon_core.package_identification:_identify(src/build/CMakeFiles/CMakeTmp) by extensions ['ros']
[1.650s] Level 1:colcon.colcon_core.package_identification:_identify(src/build/CMakeFiles/CMakeTmp) by extension 'ros'
[1.651s] Level 1:colcon.colcon_core.package_identification:_identify(src/build/CMakeFiles/CMakeTmp) by extensions ['cmake', 'python']
[1.651s] Level 1:colcon.colcon_core.package_identification:_identify(src/build/CMakeFiles/CMakeTmp) by extension 'cmake'
[1.651s] Level 1:colcon.colcon_core.package_identification:_identify(src/build/CMakeFiles/CMakeTmp) by extension 'python'
[1.651s] Level 1:colcon.colcon_core.package_identification:_identify(src/build/CMakeFiles/CMakeTmp) by extensions ['python_setup_py']
[1.651s] Level 1:colcon.colcon_core.package_identification:_identify(src/build/CMakeFiles/CMakeTmp) by extension 'python_setup_py'
[1.651s] Level 1:colcon.colcon_core.package_identification:_identify(src/build/CMakeFiles/uninstall.dir) by extensions ['ignore', 'ignore_ament_install']
[1.651s] Level 1:colcon.colcon_core.package_identification:_identify(src/build/CMakeFiles/uninstall.dir) by extension 'ignore'
[1.651s] Level 1:colcon.colcon_core.package_identification:_identify(src/build/CMakeFiles/uninstall.dir) by extension 'ignore_ament_install'
[1.651s] Level 1:colcon.colcon_core.package_identification:_identify(src/build/CMakeFiles/uninstall.dir) by extensions ['colcon_pkg']
[1.651s] Level 1:colcon.colcon_core.package_identification:_identify(src/build/CMakeFiles/uninstall.dir) by extension 'colcon_pkg'
[1.652s] Level 1:colcon.colcon_core.package_identification:_identify(src/build/CMakeFiles/uninstall.dir) by extensions ['colcon_meta']
[1.652s] Level 1:colcon.colcon_core.package_identification:_identify(src/build/CMakeFiles/uninstall.dir) by extension 'colcon_meta'
[1.652s] Level 1:colcon.colcon_core.package_identification:_identify(src/build/CMakeFiles/uninstall.dir) by extensions ['ros']
[1.652s] Level 1:colcon.colcon_core.package_identification:_identify(src/build/CMakeFiles/uninstall.dir) by extension 'ros'
[1.652s] Level 1:colcon.colcon_core.package_identification:_identify(src/build/CMakeFiles/uninstall.dir) by extensions ['cmake', 'python']
[1.652s] Level 1:colcon.colcon_core.package_identification:_identify(src/build/CMakeFiles/uninstall.dir) by extension 'cmake'
[1.652s] Level 1:colcon.colcon_core.package_identification:_identify(src/build/CMakeFiles/uninstall.dir) by extension 'python'
[1.652s] Level 1:colcon.colcon_core.package_identification:_identify(src/build/CMakeFiles/uninstall.dir) by extensions ['python_setup_py']
[1.652s] Level 1:colcon.colcon_core.package_identification:_identify(src/build/CMakeFiles/uninstall.dir) by extension 'python_setup_py'
[1.652s] Level 1:colcon.colcon_core.package_identification:_identify(src/build/Testing) by extensions ['ignore', 'ignore_ament_install']
[1.652s] Level 1:colcon.colcon_core.package_identification:_identify(src/build/Testing) by extension 'ignore'
[1.652s] Level 1:colcon.colcon_core.package_identification:_identify(src/build/Testing) by extension 'ignore_ament_install'
[1.652s] Level 1:colcon.colcon_core.package_identification:_identify(src/build/Testing) by extensions ['colcon_pkg']
[1.652s] Level 1:colcon.colcon_core.package_identification:_identify(src/build/Testing) by extension 'colcon_pkg'
[1.652s] Level 1:colcon.colcon_core.package_identification:_identify(src/build/Testing) by extensions ['colcon_meta']
[1.652s] Level 1:colcon.colcon_core.package_identification:_identify(src/build/Testing) by extension 'colcon_meta'
[1.652s] Level 1:colcon.colcon_core.package_identification:_identify(src/build/Testing) by extensions ['ros']
[1.653s] Level 1:colcon.colcon_core.package_identification:_identify(src/build/Testing) by extension 'ros'
[1.653s] Level 1:colcon.colcon_core.package_identification:_identify(src/build/Testing) by extensions ['cmake', 'python']
[1.653s] Level 1:colcon.colcon_core.package_identification:_identify(src/build/Testing) by extension 'cmake'
[1.653s] Level 1:colcon.colcon_core.package_identification:_identify(src/build/Testing) by extension 'python'
[1.653s] Level 1:colcon.colcon_core.package_identification:_identify(src/build/Testing) by extensions ['python_setup_py']
[1.653s] Level 1:colcon.colcon_core.package_identification:_identify(src/build/Testing) by extension 'python_setup_py'
[1.653s] Level 1:colcon.colcon_core.package_identification:_identify(src/build/Testing/20260817-2301) by extensions ['ignore', 'ignore_ament_install']
[1.653s] Level 1:colcon.colcon_core.package_identification:_identify(src/build/Testing/20260817-2301) by extension 'ignore'
[1.653s] Level 1:colcon.colcon_core.package_identification:_identify(src/build/Testing/20260817-2301) by extension 'ignore_ament_install'
[1.653s] Level 1:colcon.colcon_core.package_identification:_identify(src/build/Testing/20260817-2301) by extensions ['colcon_pkg']
[1.653s] Level 1:colcon.colcon_core.package_identification:_identify(src/build/Testing/20260817-2301) by extension 'colcon_pkg'
[1.653s] Level 1:colcon.colcon_core.package_identification:_identify(src/build/Testing/20260817-2301) by extensions ['colcon_meta']
[1.653s] Level 1:colcon.colcon_core.package_identification:_identify(src/build/Testing/20260817-2301) by extension 'colcon_meta'
[1.653s] Level 1:colcon.colcon_core.package_identification:_identify(src/build/Testing/20260817-2301) by extensions ['ros']
[1.654s] Level 1:colcon.colcon_core.package_identification:_identify(src/build/Testing/20260817-2301) by extension 'ros'
[1.654s] Level 1:colcon.colcon_core.package_identification:_identify(src/build/Testing/20260817-2301) by extensions ['cmake', 'python']
[1.654s] Level 1:colcon.colcon_core.package_identification:_identify(src/build/Testing/20260817-2301) by extension 'cmake'
[1.654s] Level 1:colcon.colcon_core.package_identification:_identify(src/build/Testing/20260817-2301) by extension 'python'
[1.654s] Level 1:colcon.colcon_core.package_identification:_identify(src/build/Testing/20260817-2301) by extensions ['python_setup_py']
[1.654s] Level 1:colcon.colcon_core.package_identification:_identify(src/build/Testing/20260817-2301) by extension 'python_setup_py'
[1.654s] Level 1:colcon.colcon_core.package_identification:_identify(src/build/Testing/Temporary) by extensions ['ignore', 'ignore_ament_install']
[1.654s] Level 1:colcon.colcon_core.package_identification:_identify(src/build/Testing/Temporary) by extension 'ignore'
[1.654s] Level 1:colcon.colcon_core.package_identification:_identify(src/build/Testing/Temporary) by extension 'ignore_ament_install'
[1.654s] Level 1:colcon.colcon_core.package_identification:_identify(src/build/Testing/Temporary) by extensions ['colcon_pkg']
[1.654s] Level 1:colcon.colcon_core.package_identification:_identify(src/build/Testing/Temporary) by extension 'colcon_pkg'
[1.654s] Level 1:colcon.colcon_core.package_identification:_identify(src/build/Testing/Temporary) by extensions ['colcon_meta']
[1.654s] Level 1:colcon.colcon_core.package_identification:_identify(src/build/Testing/Temporary) by extension 'colcon_meta'
[1.654s] Level 1:colcon.colcon_core.package_identification:_identify(src/build/Testing/Temporary) by extensions ['ros']
[1.654s] Level 1:colcon.colcon_core.package_identification:_identify(src/build/Testing/Temporary) by extension 'ros'
[1.655s] Level 1:colcon.colcon_core.package_identification:_identify(src/build/Testing/Temporary) by extensions ['cmake', 'python']
[1.655s] Level 1:colcon.colcon_core.package_identification:_identify(src/build/Testing/Temporary) by extension 'cmake'
[1.655s] Level 1:colcon.colcon_core.package_identification:_identify(src/build/Testing/Temporary) by extension 'python'
[1.655s] Level 1:colcon.colcon_core.package_identification:_identify(src/build/Testing/Temporary) by extensions ['python_setup_py']
[1.655s] Level 1:colcon.colcon_core.package_identification:_identify(src/build/Testing/Temporary) by extension 'python_setup_py'
[1.655s] Level 1:colcon.colcon_core.package_identification:_identify(src/build/ament_cmake_core) by extensions ['ignore', 'ignore_ament_install']
[1.655s] Level 1:colcon.colcon_core.package_identification:_identify(src/build/ament_cmake_core) by extension 'ignore'
[1.655s] Level 1:colcon.colcon_core.package_identification:_identify(src/build/ament_cmake_core) by extension 'ignore_ament_install'
[1.655s] Level 1:colcon.colcon_core.package_identification:_identify(src/build/ament_cmake_core) by extensions ['colcon_pkg']
[1.655s] Level 1:colcon.colcon_core.package_identification:_identify(src/build/ament_cmake_core) by extension 'colcon_pkg'
[1.655s] Level 1:colcon.colcon_core.package_identification:_identify(src/build/ament_cmake_core) by extensions ['colcon_meta']
[1.655s] Level 1:colcon.colcon_core.package_identification:_identify(src/build/ament_cmake_core) by extension 'colcon_meta'
[1.655s] Level 1:colcon.colcon_core.package_identification:_identify(src/build/ament_cmake_core) by extensions ['ros']
[1.655s] Level 1:colcon.colcon_core.package_identification:_identify(src/build/ament_cmake_core) by extension 'ros'
[1.655s] Level 1:colcon.colcon_core.package_identification:_identify(src/build/ament_cmake_core) by extensions ['cmake', 'python']
[1.656s] Level 1:colcon.colcon_core.package_identification:_identify(src/build/ament_cmake_core) by extension 'cmake'
[1.656s] Level 1:colcon.colcon_core.package_identification:_identify(src/build/ament_cmake_core) by extension 'python'
[1.656s] Level 1:colcon.colcon_core.package_identification:_identify(src/build/ament_cmake_core) by extensions ['python_setup_py']
[1.656s] Level 1:colcon.colcon_core.package_identification:_identify(src/build/ament_cmake_core) by extension 'python_setup_py'
[1.656s] Level 1:colcon.colcon_core.package_identification:_identify(src/build/ament_cmake_core/stamps) by extensions ['ignore', 'ignore_ament_install']
[1.656s] Level 1:colcon.colcon_core.package_identification:_identify(src/build/ament_cmake_core/stamps) by extension 'ignore'
[1.656s] Level 1:colcon.colcon_core.package_identification:_identify(src/build/ament_cmake_core/stamps) by extension 'ignore_ament_install'
[1.656s] Level 1:colcon.colcon_core.package_identification:_identify(src/build/ament_cmake_core/stamps) by extensions ['colcon_pkg']
[1.656s] Level 1:colcon.colcon_core.package_identification:_identify(src/build/ament_cmake_core/stamps) by extension 'colcon_pkg'
[1.656s] Level 1:colcon.colcon_core.package_identification:_identify(src/build/ament_cmake_core/stamps) by extensions ['colcon_meta']
[1.656s] Level 1:colcon.colcon_core.package_identification:_identify(src/build/ament_cmake_core/stamps) by extension 'colcon_meta'
[1.656s] Level 1:colcon.colcon_core.package_identification:_identify(src/build/ament_cmake_core/stamps) by extensions ['ros']
[1.656s] Level 1:colcon.colcon_core.package_identification:_identify(src/build/ament_cmake_core/stamps) by extension 'ros'
[1.657s] Level 1:colcon.colcon_core.package_identification:_identify(src/build/ament_cmake_core/stamps) by extensions ['cmake', 'python']
[1.657s] Level 1:colcon.colcon_core.package_identification:_identify(src/build/ament_cmake_core/stamps) by extension 'cmake'
[1.657s] Level 1:colcon.colcon_core.package_identification:_identify(src/build/ament_cmake_core/stamps) by extension 'python'
[1.657s] Level 1:colcon.colcon_core.package_identification:_identify(src/build/ament_cmake_core/stamps) by extensions ['python_setup_py']
[1.657s] Level 1:colcon.colcon_core.package_identification:_identify(src/build/ament_cmake_core/stamps) by extension 'python_setup_py'
[1.657s] Level 1:colcon.colcon_core.package_identification:_identify(src/build/ament_cmake_environment_hooks) by extensions ['ignore', 'ignore_ament_install']
[1.657s] Level 1:colcon.colcon_core.package_identification:_identify(src/build/ament_cmake_environment_hooks) by extension 'ignore'
[1.657s] Level 1:colcon.colcon_core.package_identification:_identify(src/build/ament_cmake_environment_hooks) by extension 'ignore_ament_install'
[1.658s] Level 1:colcon.colcon_core.package_identification:_identify(src/build/ament_cmake_environment_hooks) by extensions ['colcon_pkg']
[1.658s] Level 1:colcon.colcon_core.package_identification:_identify(src/build/ament_cmake_environment_hooks) by extension 'colcon_pkg'
[1.658s] Level 1:colcon.colcon_core.package_identification:_identify(src/build/ament_cmake_environment_hooks) by extensions ['colcon_meta']
[1.658s] Level 1:colcon.colcon_core.package_identification:_identify(src/build/ament_cmake_environment_hooks) by extension 'colcon_meta'
[1.658s] Level 1:colcon.colcon_core.package_identification:_identify(src/build/ament_cmake_environment_hooks) by extensions ['ros']
[1.658s] Level 1:colcon.colcon_core.package_identification:_identify(src/build/ament_cmake_environment_hooks) by extension 'ros'
[1.658s] Level 1:colcon.colcon_core.package_identification:_identify(src/build/ament_cmake_environment_hooks) by extensions ['cmake', 'python']
[1.658s] Level 1:colcon.colcon_core.package_identification:_identify(src/build/ament_cmake_environment_hooks) by extension 'cmake'
[1.658s] Level 1:colcon.colcon_core.package_identification:_identify(src/build/ament_cmake_environment_hooks) by extension 'python'
[1.658s] Level 1:colcon.colcon_core.package_identification:_identify(src/build/ament_cmake_environment_hooks) by extensions ['python_setup_py']
[1.658s] Level 1:colcon.colcon_core.package_identification:_identify(src/build/ament_cmake_environment_hooks) by extension 'python_setup_py'
[1.658s] Level 1:colcon.colcon_core.package_identification:_identify(src/build/ament_cmake_index) by extensions ['ignore', 'ignore_ament_install']
[1.658s] Level 1:colcon.colcon_core.package_identification:_identify(src/build/ament_cmake_index) by extension 'ignore'
[1.659s] Level 1:colcon.colcon_core.package_identification:_identify(src/build/ament_cmake_index) by extension 'ignore_ament_install'
[1.659s] Level 1:colcon.colcon_core.package_identification:_identify(src/build/ament_cmake_index) by extensions ['colcon_pkg']
[1.659s] Level 1:colcon.colcon_core.package_identification:_identify(src/build/ament_cmake_index) by extension 'colcon_pkg'
[1.659s] Level 1:colcon.colcon_core.package_identification:_identify(src/build/ament_cmake_index) by extensions ['colcon_meta']
[1.659s] Level 1:colcon.colcon_core.package_identification:_identify(src/build/ament_cmake_index) by extension 'colcon_meta'
[1.659s] Level 1:colcon.colcon_core.package_identification:_identify(src/build/ament_cmake_index) by extensions ['ros']
[1.659s] Level 1:colcon.colcon_core.package_identification:_identify(src/build/ament_cmake_index) by extension 'ros'
[1.659s] Level 1:colcon.colcon_core.package_identification:_identify(src/build/ament_cmake_index) by extensions ['cmake', 'python']
[1.659s] Level 1:colcon.colcon_core.package_identification:_identify(src/build/ament_cmake_index) by extension 'cmake'
[1.659s] Level 1:colcon.colcon_core.package_identification:_identify(src/build/ament_cmake_index) by extension 'python'
[1.660s] Level 1:colcon.colcon_core.package_identification:_identify(src/build/ament_cmake_index) by extensions ['python_setup_py']
[1.660s] Level 1:colcon.colcon_core.package_identification:_identify(src/build/ament_cmake_index) by extension 'python_setup_py'
[1.660s] Level 1:colcon.colcon_core.package_identification:_identify(src/build/ament_cmake_index/share) by extensions ['ignore', 'ignore_ament_install']
[1.660s] Level 1:colcon.colcon_core.package_identification:_identify(src/build/ament_cmake_index/share) by extension 'ignore'
[1.660s] Level 1:colcon.colcon_core.package_identification:_identify(src/build/ament_cmake_index/share) by extension 'ignore_ament_install'
[1.660s] Level 1:colcon.colcon_core.package_identification:_identify(src/build/ament_cmake_index/share) by extensions ['colcon_pkg']
[1.660s] Level 1:colcon.colcon_core.package_identification:_identify(src/build/ament_cmake_index/share) by extension 'colcon_pkg'
[1.660s] Level 1:colcon.colcon_core.package_identification:_identify(src/build/ament_cmake_index/share) by extensions ['colcon_meta']
[1.660s] Level 1:colcon.colcon_core.package_identification:_identify(src/build/ament_cmake_index/share) by extension 'colcon_meta'
[1.660s] Level 1:colcon.colcon_core.package_identification:_identify(src/build/ament_cmake_index/share) by extensions ['ros']
[1.660s] Level 1:colcon.colcon_core.package_identification:_identify(src/build/ament_cmake_index/share) by extension 'ros'
[1.660s] Level 1:colcon.colcon_core.package_identification:_identify(src/build/ament_cmake_index/share) by extensions ['cmake', 'python']
[1.660s] Level 1:colcon.colcon_core.package_identification:_identify(src/build/ament_cmake_index/share) by extension 'cmake'
[1.661s] Level 1:colcon.colcon_core.package_identification:_identify(src/build/ament_cmake_index/share) by extension 'python'
[1.661s] Level 1:colcon.colcon_core.package_identification:_identify(src/build/ament_cmake_index/share) by extensions ['python_setup_py']
[1.661s] Level 1:colcon.colcon_core.package_identification:_identify(src/build/ament_cmake_index/share) by extension 'python_setup_py'
[1.661s] Level 1:colcon.colcon_core.package_identification:_identify(src/build/ament_cmake_index/share/ament_index) by extensions ['ignore', 'ignore_ament_install']
[1.661s] Level 1:colcon.colcon_core.package_identification:_identify(src/build/ament_cmake_index/share/ament_index) by extension 'ignore'
[1.661s] Level 1:colcon.colcon_core.package_identification:_identify(src/build/ament_cmake_index/share/ament_index) by extension 'ignore_ament_install'
[1.661s] Level 1:colcon.colcon_core.package_identification:_identify(src/build/ament_cmake_index/share/ament_index) by extensions ['colcon_pkg']
[1.661s] Level 1:colcon.colcon_core.package_identification:_identify(src/build/ament_cmake_index/share/ament_index) by extension 'colcon_pkg'
[1.661s] Level 1:colcon.colcon_core.package_identification:_identify(src/build/ament_cmake_index/share/ament_index) by extensions ['colcon_meta']
[1.661s] Level 1:colcon.colcon_core.package_identification:_identify(src/build/ament_cmake_index/share/ament_index) by extension 'colcon_meta'
[1.661s] Level 1:colcon.colcon_core.package_identification:_identify(src/build/ament_cmake_index/share/ament_index) by extensions ['ros']
[1.661s] Level 1:colcon.colcon_core.package_identification:_identify(src/build/ament_cmake_index/share/ament_index) by extension 'ros'
[1.662s] Level 1:colcon.colcon_core.package_identification:_identify(src/build/ament_cmake_index/share/ament_index) by extensions ['cmake', 'python']
[1.662s] Level 1:colcon.colcon_core.package_identification:_identify(src/build/ament_cmake_index/share/ament_index) by extension 'cmake'
[1.662s] Level 1:colcon.colcon_core.package_identification:_identify(src/build/ament_cmake_index/share/ament_index) by extension 'python'
[1.662s] Level 1:colcon.colcon_core.package_identification:_identify(src/build/ament_cmake_index/share/ament_index) by extensions ['python_setup_py']
[1.662s] Level 1:colcon.colcon_core.package_identification:_identify(src/build/ament_cmake_index/share/ament_index) by extension 'python_setup_py'
[1.662s] Level 1:colcon.colcon_core.package_identification:_identify(src/build/ament_cmake_index/share/ament_index/resource_index) by extensions ['ignore', 'ignore_ament_install']
[1.662s] Level 1:colcon.colcon_core.package_identification:_identify(src/build/ament_cmake_index/share/ament_index/resource_index) by extension 'ignore'
[1.662s] Level 1:colcon.colcon_core.package_identification:_identify(src/build/ament_cmake_index/share/ament_index/resource_index) by extension 'ignore_ament_install'
[1.662s] Level 1:colcon.colcon_core.package_identification:_identify(src/build/ament_cmake_index/share/ament_index/resource_index) by extensions ['colcon_pkg']
[1.662s] Level 1:colcon.colcon_core.package_identification:_identify(src/build/ament_cmake_index/share/ament_index/resource_index) by extension 'colcon_pkg'
[1.662s] Level 1:colcon.colcon_core.package_identification:_identify(src/build/ament_cmake_index/share/ament_index/resource_index) by extensions ['colcon_meta']
[1.662s] Level 1:colcon.colcon_core.package_identification:_identify(src/build/ament_cmake_index/share/ament_index/resource_index) by extension 'colcon_meta'
[1.662s] Level 1:colcon.colcon_core.package_identification:_identify(src/build/ament_cmake_index/share/ament_index/resource_index) by extensions ['ros']
[1.662s] Level 1:colcon.colcon_core.package_identification:_identify(src/build/ament_cmake_index/share/ament_index/resource_index) by extension 'ros'
[1.663s] Level 1:colcon.colcon_core.package_identification:_identify(src/build/ament_cmake_index/share/ament_index/resource_index) by extensions ['cmake', 'python']
[1.663s] Level 1:colcon.colcon_core.package_identification:_identify(src/build/ament_cmake_index/share/ament_index/resource_index) by extension 'cmake'
[1.663s] Level 1:colcon.colcon_core.package_identification:_identify(src/build/ament_cmake_index/share/ament_index/resource_index) by extension 'python'
[1.663s] Level 1:colcon.colcon_core.package_identification:_identify(src/build/ament_cmake_index/share/ament_index/resource_index) by extensions ['python_setup_py']
[1.663s] Level 1:colcon.colcon_core.package_identification:_identify(src/build/ament_cmake_index/share/ament_index/resource_index) by extension 'python_setup_py'
[1.663s] Level 1:colcon.colcon_core.package_identification:_identify(src/build/ament_cmake_index/share/ament_index/resource_index/package_run_dependencies) by extensions ['ignore', 'ignore_ament_install']
[1.664s] Level 1:colcon.colcon_core.package_identification:_identify(src/build/ament_cmake_index/share/ament_index/resource_index/package_run_dependencies) by extension 'ignore'
[1.664s] Level 1:colcon.colcon_core.package_identification:_identify(src/build/ament_cmake_index/share/ament_index/resource_index/package_run_dependencies) by extension 'ignore_ament_install'
[1.664s] Level 1:colcon.colcon_core.package_identification:_identify(src/build/ament_cmake_index/share/ament_index/resource_index/package_run_dependencies) by extensions ['colcon_pkg']
[1.664s] Level 1:colcon.colcon_core.package_identification:_identify(src/build/ament_cmake_index/share/ament_index/resource_index/package_run_dependencies) by extension 'colcon_pkg'
[1.664s] Level 1:colcon.colcon_core.package_identification:_identify(src/build/ament_cmake_index/share/ament_index/resource_index/package_run_dependencies) by extensions ['colcon_meta']
[1.664s] Level 1:colcon.colcon_core.package_identification:_identify(src/build/ament_cmake_index/share/ament_index/resource_index/package_run_dependencies) by extension 'colcon_meta'
[1.664s] Level 1:colcon.colcon_core.package_identification:_identify(src/build/ament_cmake_index/share/ament_index/resource_index/package_run_dependencies) by extensions ['ros']
[1.664s] Level 1:colcon.colcon_core.package_identification:_identify(src/build/ament_cmake_index/share/ament_index/resource_index/package_run_dependencies) by extension 'ros'
[1.664s] Level 1:colcon.colcon_core.package_identification:_identify(src/build/ament_cmake_index/share/ament_index/resource_index/package_run_dependencies) by extensions ['cmake', 'python']
[1.664s] Level 1:colcon.colcon_core.package_identification:_identify(src/build/ament_cmake_index/share/ament_index/resource_index/package_run_dependencies) by extension 'cmake'
[1.664s] Level 1:colcon.colcon_core.package_identification:_identify(src/build/ament_cmake_index/share/ament_index/resource_index/package_run_dependencies) by extension 'python'
[1.664s] Level 1:colcon.colcon_core.package_identification:_identify(src/build/ament_cmake_index/share/ament_index/resource_index/package_run_dependencies) by extensions ['python_setup_py']
[1.665s] Level 1:colcon.colcon_core.package_identification:_identify(src/build/ament_cmake_index/share/ament_index/resource_index/package_run_dependencies) by extension 'python_setup_py'
[1.665s] Level 1:colcon.colcon_core.package_identification:_identify(src/build/ament_cmake_index/share/ament_index/resource_index/packages) by extensions ['ignore', 'ignore_ament_install']
[1.665s] Level 1:colcon.colcon_core.package_identification:_identify(src/build/ament_cmake_index/share/ament_index/resource_index/packages) by extension 'ignore'
[1.665s] Level 1:colcon.colcon_core.package_identification:_identify(src/build/ament_cmake_index/share/ament_index/resource_index/packages) by extension 'ignore_ament_install'
[1.665s] Level 1:colcon.colcon_core.package_identification:_identify(src/build/ament_cmake_index/share/ament_index/resource_index/packages) by extensions ['colcon_pkg']
[1.665s] Level 1:colcon.colcon_core.package_identification:_identify(src/build/ament_cmake_index/share/ament_index/resource_index/packages) by extension 'colcon_pkg'
[1.665s] Level 1:colcon.colcon_core.package_identification:_identify(src/build/ament_cmake_index/share/ament_index/resource_index/packages) by extensions ['colcon_meta']
[1.665s] Level 1:colcon.colcon_core.package_identification:_identify(src/build/ament_cmake_index/share/ament_index/resource_index/packages) by extension 'colcon_meta'
[1.666s] Level 1:colcon.colcon_core.package_identification:_identify(src/build/ament_cmake_index/share/ament_index/resource_index/packages) by extensions ['ros']
[1.666s] Level 1:colcon.colcon_core.package_identification:_identify(src/build/ament_cmake_index/share/ament_index/resource_index/packages) by extension 'ros'
[1.666s] Level 1:colcon.colcon_core.package_identification:_identify(src/build/ament_cmake_index/share/ament_index/resource_index/packages) by extensions ['cmake', 'python']
[1.666s] Level 1:colcon.colcon_core.package_identification:_identify(src/build/ament_cmake_index/share/ament_index/resource_index/packages) by extension 'cmake'
[1.666s] Level 1:colcon.colcon_core.package_identification:_identify(src/build/ament_cmake_index/share/ament_index/resource_index/packages) by extension 'python'
[1.666s] Level 1:colcon.colcon_core.package_identification:_identify(src/build/ament_cmake_index/share/ament_index/resource_index/packages) by extensions ['python_setup_py']
[1.666s] Level 1:colcon.colcon_core.package_identification:_identify(src/build/ament_cmake_index/share/ament_index/resource_index/packages) by extension 'python_setup_py'
[1.666s] Level 1:colcon.colcon_core.package_identification:_identify(src/build/ament_cmake_index/share/ament_index/resource_index/parent_prefix_path) by extensions ['ignore', 'ignore_ament_install']
[1.666s] Level 1:colcon.colcon_core.package_identification:_identify(src/build/ament_cmake_index/share/ament_index/resource_index/parent_prefix_path) by extension 'ignore'
[1.667s] Level 1:colcon.colcon_core.package_identification:_identify(src/build/ament_cmake_index/share/ament_index/resource_index/parent_prefix_path) by extension 'ignore_ament_install'
[1.667s] Level 1:colcon.colcon_core.package_identification:_identify(src/build/ament_cmake_index/share/ament_index/resource_index/parent_prefix_path) by extensions ['colcon_pkg']
[1.667s] Level 1:colcon.colcon_core.package_identification:_identify(src/build/ament_cmake_index/share/ament_index/resource_index/parent_prefix_path) by extension 'colcon_pkg'
[1.667s] Level 1:colcon.colcon_core.package_identification:_identify(src/build/ament_cmake_index/share/ament_index/resource_index/parent_prefix_path) by extensions ['colcon_meta']
[1.667s] Level 1:colcon.colcon_core.package_identification:_identify(src/build/ament_cmake_index/share/ament_index/resource_index/parent_prefix_path) by extension 'colcon_meta'
[1.667s] Level 1:colcon.colcon_core.package_identification:_identify(src/build/ament_cmake_index/share/ament_index/resource_index/parent_prefix_path) by extensions ['ros']
[1.667s] Level 1:colcon.colcon_core.package_identification:_identify(src/build/ament_cmake_index/share/ament_index/resource_index/parent_prefix_path) by extension 'ros'
[1.667s] Level 1:colcon.colcon_core.package_identification:_identify(src/build/ament_cmake_index/share/ament_index/resource_index/parent_prefix_path) by extensions ['cmake', 'python']
[1.667s] Level 1:colcon.colcon_core.package_identification:_identify(src/build/ament_cmake_index/share/ament_index/resource_index/parent_prefix_path) by extension 'cmake'
[1.667s] Level 1:colcon.colcon_core.package_identification:_identify(src/build/ament_cmake_index/share/ament_index/resource_index/parent_prefix_path) by extension 'python'
[1.667s] Level 1:colcon.colcon_core.package_identification:_identify(src/build/ament_cmake_index/share/ament_index/resource_index/parent_prefix_path) by extensions ['python_setup_py']
[1.667s] Level 1:colcon.colcon_core.package_identification:_identify(src/build/ament_cmake_index/share/ament_index/resource_index/parent_prefix_path) by extension 'python_setup_py'
[1.668s] Level 1:colcon.colcon_core.package_identification:_identify(src/build/ament_cmake_package_templates) by extensions ['ignore', 'ignore_ament_install']
[1.668s] Level 1:colcon.colcon_core.package_identification:_identify(src/build/ament_cmake_package_templates) by extension 'ignore'
[1.668s] Level 1:colcon.colcon_core.package_identification:_identify(src/build/ament_cmake_package_templates) by extension 'ignore_ament_install'
[1.668s] Level 1:colcon.colcon_core.package_identification:_identify(src/build/ament_cmake_package_templates) by extensions ['colcon_pkg']
[1.668s] Level 1:colcon.colcon_core.package_identification:_identify(src/build/ament_cmake_package_templates) by extension 'colcon_pkg'
[1.668s] Level 1:colcon.colcon_core.package_identification:_identify(src/build/ament_cmake_package_templates) by extensions ['colcon_meta']
[1.668s] Level 1:colcon.colcon_core.package_identification:_identify(src/build/ament_cmake_package_templates) by extension 'colcon_meta'
[1.668s] Level 1:colcon.colcon_core.package_identification:_identify(src/build/ament_cmake_package_templates) by extensions ['ros']
[1.668s] Level 1:colcon.colcon_core.package_identification:_identify(src/build/ament_cmake_package_templates) by extension 'ros'
[1.668s] Level 1:colcon.colcon_core.package_identification:_identify(src/build/ament_cmake_package_templates) by extensions ['cmake', 'python']
[1.668s] Level 1:colcon.colcon_core.package_identification:_identify(src/build/ament_cmake_package_templates) by extension 'cmake'
[1.668s] Level 1:colcon.colcon_core.package_identification:_identify(src/build/ament_cmake_package_templates) by extension 'python'
[1.668s] Level 1:colcon.colcon_core.package_identification:_identify(src/build/ament_cmake_package_templates) by extensions ['python_setup_py']
[1.668s] Level 1:colcon.colcon_core.package_identification:_identify(src/build/ament_cmake_package_templates) by extension 'python_setup_py'
[1.669s] Level 1:colcon.colcon_core.package_identification:_identify(src/build/ament_cmake_uninstall_target) by extensions ['ignore', 'ignore_ament_install']
[1.669s] Level 1:colcon.colcon_core.package_identification:_identify(src/build/ament_cmake_uninstall_target) by extension 'ignore'
[1.669s] Level 1:colcon.colcon_core.package_identification:_identify(src/build/ament_cmake_uninstall_target) by extension 'ignore_ament_install'
[1.669s] Level 1:colcon.colcon_core.package_identification:_identify(src/build/ament_cmake_uninstall_target) by extensions ['colcon_pkg']
[1.669s] Level 1:colcon.colcon_core.package_identification:_identify(src/build/ament_cmake_uninstall_target) by extension 'colcon_pkg'
[1.669s] Level 1:colcon.colcon_core.package_identification:_identify(src/build/ament_cmake_uninstall_target) by extensions ['colcon_meta']
[1.669s] Level 1:colcon.colcon_core.package_identification:_identify(src/build/ament_cmake_uninstall_target) by extension 'colcon_meta'
[1.669s] Level 1:colcon.colcon_core.package_identification:_identify(src/build/ament_cmake_uninstall_target) by extensions ['ros']
[1.669s] Level 1:colcon.colcon_core.package_identification:_identify(src/build/ament_cmake_uninstall_target) by extension 'ros'
[1.669s] Level 1:colcon.colcon_core.package_identification:_identify(src/build/ament_cmake_uninstall_target) by extensions ['cmake', 'python']
[1.669s] Level 1:colcon.colcon_core.package_identification:_identify(src/build/ament_cmake_uninstall_target) by extension 'cmake'
[1.669s] Level 1:colcon.colcon_core.package_identification:_identify(src/build/ament_cmake_uninstall_target) by extension 'python'
[1.669s] Level 1:colcon.colcon_core.package_identification:_identify(src/build/ament_cmake_uninstall_target) by extensions ['python_setup_py']
[1.669s] Level 1:colcon.colcon_core.package_identification:_identify(src/build/ament_cmake_uninstall_target) by extension 'python_setup_py'
[1.670s] Level 1:colcon.colcon_core.package_identification:_identify(src/build/ament_copyright) by extensions ['ignore', 'ignore_ament_install']
[1.670s] Level 1:colcon.colcon_core.package_identification:_identify(src/build/ament_copyright) by extension 'ignore'
[1.670s] Level 1:colcon.colcon_core.package_identification:_identify(src/build/ament_copyright) by extension 'ignore_ament_install'
[1.670s] Level 1:colcon.colcon_core.package_identification:_identify(src/build/ament_copyright) by extensions ['colcon_pkg']
[1.670s] Level 1:colcon.colcon_core.package_identification:_identify(src/build/ament_copyright) by extension 'colcon_pkg'
[1.670s] Level 1:colcon.colcon_core.package_identification:_identify(src/build/ament_copyright) by extensions ['colcon_meta']
[1.670s] Level 1:colcon.colcon_core.package_identification:_identify(src/build/ament_copyright) by extension 'colcon_meta'
[1.670s] Level 1:colcon.colcon_core.package_identification:_identify(src/build/ament_copyright) by extensions ['ros']
[1.670s] Level 1:colcon.colcon_core.package_identification:_identify(src/build/ament_copyright) by extension 'ros'
[1.670s] Level 1:colcon.colcon_core.package_identification:_identify(src/build/ament_copyright) by extensions ['cmake', 'python']
[1.670s] Level 1:colcon.colcon_core.package_identification:_identify(src/build/ament_copyright) by extension 'cmake'
[1.670s] Level 1:colcon.colcon_core.package_identification:_identify(src/build/ament_copyright) by extension 'python'
[1.671s] Level 1:colcon.colcon_core.package_identification:_identify(src/build/ament_copyright) by extensions ['python_setup_py']
[1.671s] Level 1:colcon.colcon_core.package_identification:_identify(src/build/ament_copyright) by extension 'python_setup_py'
[1.671s] Level 1:colcon.colcon_core.package_identification:_identify(src/build/ament_flake8) by extensions ['ignore', 'ignore_ament_install']
[1.671s] Level 1:colcon.colcon_core.package_identification:_identify(src/build/ament_flake8) by extension 'ignore'
[1.671s] Level 1:colcon.colcon_core.package_identification:_identify(src/build/ament_flake8) by extension 'ignore_ament_install'
[1.671s] Level 1:colcon.colcon_core.package_identification:_identify(src/build/ament_flake8) by extensions ['colcon_pkg']
[1.671s] Level 1:colcon.colcon_core.package_identification:_identify(src/build/ament_flake8) by extension 'colcon_pkg'
[1.672s] Level 1:colcon.colcon_core.package_identification:_identify(src/build/ament_flake8) by extensions ['colcon_meta']
[1.672s] Level 1:colcon.colcon_core.package_identification:_identify(src/build/ament_flake8) by extension 'colcon_meta'
[1.672s] Level 1:colcon.colcon_core.package_identification:_identify(src/build/ament_flake8) by extensions ['ros']
[1.672s] Level 1:colcon.colcon_core.package_identification:_identify(src/build/ament_flake8) by extension 'ros'
[1.672s] Level 1:colcon.colcon_core.package_identification:_identify(src/build/ament_flake8) by extensions ['cmake', 'python']
[1.672s] Level 1:colcon.colcon_core.package_identification:_identify(src/build/ament_flake8) by extension 'cmake'
[1.672s] Level 1:colcon.colcon_core.package_identification:_identify(src/build/ament_flake8) by extension 'python'
[1.672s] Level 1:colcon.colcon_core.package_identification:_identify(src/build/ament_flake8) by extensions ['python_setup_py']
[1.672s] Level 1:colcon.colcon_core.package_identification:_identify(src/build/ament_flake8) by extension 'python_setup_py'
[1.672s] Level 1:colcon.colcon_core.package_identification:_identify(src/build/ament_lint_cmake) by extensions ['ignore', 'ignore_ament_install']
[1.672s] Level 1:colcon.colcon_core.package_identification:_identify(src/build/ament_lint_cmake) by extension 'ignore'
[1.672s] Level 1:colcon.colcon_core.package_identification:_identify(src/build/ament_lint_cmake) by extension 'ignore_ament_install'
[1.672s] Level 1:colcon.colcon_core.package_identification:_identify(src/build/ament_lint_cmake) by extensions ['colcon_pkg']
[1.672s] Level 1:colcon.colcon_core.package_identification:_identify(src/build/ament_lint_cmake) by extension 'colcon_pkg'
[1.672s] Level 1:colcon.colcon_core.package_identification:_identify(src/build/ament_lint_cmake) by extensions ['colcon_meta']
[1.672s] Level 1:colcon.colcon_core.package_identification:_identify(src/build/ament_lint_cmake) by extension 'colcon_meta'
[1.673s] Level 1:colcon.colcon_core.package_identification:_identify(src/build/ament_lint_cmake) by extensions ['ros']
[1.673s] Level 1:colcon.colcon_core.package_identification:_identify(src/build/ament_lint_cmake) by extension 'ros'
[1.673s] Level 1:colcon.colcon_core.package_identification:_identify(src/build/ament_lint_cmake) by extensions ['cmake', 'python']
[1.673s] Level 1:colcon.colcon_core.package_identification:_identify(src/build/ament_lint_cmake) by extension 'cmake'
[1.673s] Level 1:colcon.colcon_core.package_identification:_identify(src/build/ament_lint_cmake) by extension 'python'
[1.673s] Level 1:colcon.colcon_core.package_identification:_identify(src/build/ament_lint_cmake) by extensions ['python_setup_py']
[1.673s] Level 1:colcon.colcon_core.package_identification:_identify(src/build/ament_lint_cmake) by extension 'python_setup_py'
[1.673s] Level 1:colcon.colcon_core.package_identification:_identify(src/build/ament_pep257) by extensions ['ignore', 'ignore_ament_install']
[1.673s] Level 1:colcon.colcon_core.package_identification:_identify(src/build/ament_pep257) by extension 'ignore'
[1.673s] Level 1:colcon.colcon_core.package_identification:_identify(src/build/ament_pep257) by extension 'ignore_ament_install'
[1.674s] Level 1:colcon.colcon_core.package_identification:_identify(src/build/ament_pep257) by extensions ['colcon_pkg']
[1.674s] Level 1:colcon.colcon_core.package_identification:_identify(src/build/ament_pep257) by extension 'colcon_pkg'
[1.674s] Level 1:colcon.colcon_core.package_identification:_identify(src/build/ament_pep257) by extensions ['colcon_meta']
[1.674s] Level 1:colcon.colcon_core.package_identification:_identify(src/build/ament_pep257) by extension 'colcon_meta'
[1.674s] Level 1:colcon.colcon_core.package_identification:_identify(src/build/ament_pep257) by extensions ['ros']
[1.674s] Level 1:colcon.colcon_core.package_identification:_identify(src/build/ament_pep257) by extension 'ros'
[1.674s] Level 1:colcon.colcon_core.package_identification:_identify(src/build/ament_pep257) by extensions ['cmake', 'python']
[1.674s] Level 1:colcon.colcon_core.package_identification:_identify(src/build/ament_pep257) by extension 'cmake'
[1.674s] Level 1:colcon.colcon_core.package_identification:_identify(src/build/ament_pep257) by extension 'python'
[1.675s] Level 1:colcon.colcon_core.package_identification:_identify(src/build/ament_pep257) by extensions ['python_setup_py']
[1.675s] Level 1:colcon.colcon_core.package_identification:_identify(src/build/ament_pep257) by extension 'python_setup_py'
[1.675s] Level 1:colcon.colcon_core.package_identification:_identify(src/build/ament_xmllint) by extensions ['ignore', 'ignore_ament_install']
[1.675s] Level 1:colcon.colcon_core.package_identification:_identify(src/build/ament_xmllint) by extension 'ignore'
[1.675s] Level 1:colcon.colcon_core.package_identification:_identify(src/build/ament_xmllint) by extension 'ignore_ament_install'
[1.675s] Level 1:colcon.colcon_core.package_identification:_identify(src/build/ament_xmllint) by extensions ['colcon_pkg']
[1.675s] Level 1:colcon.colcon_core.package_identification:_identify(src/build/ament_xmllint) by extension 'colcon_pkg'
[1.675s] Level 1:colcon.colcon_core.package_identification:_identify(src/build/ament_xmllint) by extensions ['colcon_meta']
[1.675s] Level 1:colcon.colcon_core.package_identification:_identify(src/build/ament_xmllint) by extension 'colcon_meta'
[1.675s] Level 1:colcon.colcon_core.package_identification:_identify(src/build/ament_xmllint) by extensions ['ros']
[1.675s] Level 1:colcon.colcon_core.package_identification:_identify(src/build/ament_xmllint) by extension 'ros'
[1.675s] Level 1:colcon.colcon_core.package_identification:_identify(src/build/ament_xmllint) by extensions ['cmake', 'python']
[1.676s] Level 1:colcon.colcon_core.package_identification:_identify(src/build/ament_xmllint) by extension 'cmake'
[1.676s] Level 1:colcon.colcon_core.package_identification:_identify(src/build/ament_xmllint) by extension 'python'
[1.676s] Level 1:colcon.colcon_core.package_identification:_identify(src/build/ament_xmllint) by extensions ['python_setup_py']
[1.676s] Level 1:colcon.colcon_core.package_identification:_identify(src/build/ament_xmllint) by extension 'python_setup_py'
[1.676s] Level 1:colcon.colcon_core.package_discovery:discover_packages(recursive) using defaults
[1.676s] Level 1:colcon.colcon_core.package_discovery:discover_packages(ignore) discover
[1.676s] Level 1:colcon.colcon_core.package_discovery:discover_packages(ignore) using defaults
[1.676s] Level 1:colcon.colcon_core.package_discovery:discover_packages(path) discover
[1.676s] Level 1:colcon.colcon_core.package_discovery:discover_packages(path) using defaults
[1.770s] Level 1:colcon.colcon_core.package_discovery:discover_packages(prefix_path) check parameters
[1.770s] Level 1:colcon.colcon_core.package_discovery:discover_packages(prefix_path) discover
[1.781s] DEBUG:colcon.colcon_installed_package_information.package_discovery:Found 1 installed packages in /home/tajw/41068_ws/install
[1.783s] DEBUG:colcon.colcon_installed_package_information.package_discovery:Found 1 installed packages in /home/tajw/rs1_ros2_ws/install
[1.785s] DEBUG:colcon.colcon_installed_package_information.package_discovery:Found 3 installed packages in /home/tajw/ros2_ws/install
[1.785s] DEBUG:colcon.colcon_installed_package_information.package_discovery:Found 1 installed packages in /home/tajw/git/team25_rs1/RS1-Gr25/install
[1.789s] DEBUG:colcon.colcon_installed_package_information.package_discovery:Found 417 installed packages in /opt/ros/humble
[1.794s] Level 1:colcon.colcon_core.package_discovery:discover_packages(prefix_path) using defaults
[1.992s] Level 5:colcon.colcon_core.verb:set package '41068_ignition_bringup' build argument 'cmake_args' from command line to 'None'
[1.992s] Level 5:colcon.colcon_core.verb:set package '41068_ignition_bringup' build argument 'cmake_target' from command line to 'None'
[1.992s] Level 5:colcon.colcon_core.verb:set package '41068_ignition_bringup' build argument 'cmake_target_skip_unavailable' from command line to 'False'
[1.992s] Level 5:colcon.colcon_core.verb:set package '41068_ignition_bringup' build argument 'cmake_clean_cache' from command line to 'False'
[1.992s] Level 5:colcon.colcon_core.verb:set package '41068_ignition_bringup' build argument 'cmake_clean_first' from command line to 'False'
[1.992s] Level 5:colcon.colcon_core.verb:set package '41068_ignition_bringup' build argument 'cmake_force_configure' from command line to 'False'
[1.992s] Level 5:colcon.colcon_core.verb:set package '41068_ignition_bringup' build argument 'ament_cmake_args' from command line to 'None'
[1.992s] Level 5:colcon.colcon_core.verb:set package '41068_ignition_bringup' build argument 'catkin_cmake_args' from command line to 'None'
[1.993s] Level 5:colcon.colcon_core.verb:set package '41068_ignition_bringup' build argument 'catkin_skip_building_tests' from command line to 'False'
[1.993s] DEBUG:colcon.colcon_core.verb:Building package '41068_ignition_bringup' with the following arguments: {'ament_cmake_args': None, 'build_base': '/home/tajw/git/team25_rs1/RS1-Gr25/build/41068_ignition_bringup', 'catkin_cmake_args': None, 'catkin_skip_building_tests': False, 'cmake_args': None, 'cmake_clean_cache': False, 'cmake_clean_first': False, 'cmake_force_configure': False, 'cmake_target': None, 'cmake_target_skip_unavailable': False, 'install_base': '/home/tajw/git/team25_rs1/RS1-Gr25/install/41068_ignition_bringup', 'merge_install': False, 'path': '/home/tajw/git/team25_rs1/RS1-Gr25/src/41068_ignition_bringup_v1/41068_ignition_bringup', 'symlink_install': False, 'test_result_base': None}
[1.993s] INFO:colcon.colcon_core.executor:Executing jobs using 'parallel' executor
[1.996s] DEBUG:colcon.colcon_parallel_executor.executor.parallel:run_until_complete
[1.998s] INFO:colcon.colcon_ros.task.ament_cmake.build:Building ROS package in '/home/tajw/git/team25_rs1/RS1-Gr25/src/41068_ignition_bringup_v1/41068_ignition_bringup' with build type 'ament_cmake'
[1.998s] INFO:colcon.colcon_cmake.task.cmake.build:Building CMake package in '/home/tajw/git/team25_rs1/RS1-Gr25/src/41068_ignition_bringup_v1/41068_ignition_bringup'
[2.011s] INFO:colcon.colcon_core.plugin_system:Skipping extension 'colcon_core.shell.bat': Not used on non-Windows systems
[2.011s] INFO:colcon.colcon_core.shell:Skip shell extension 'powershell' for command environment: Not usable outside of PowerShell
[2.011s] DEBUG:colcon.colcon_core.shell:Skip shell extension 'dsv' for command environment
[2.043s] DEBUG:colcon.colcon_core.event_handler.log_command:Invoking command in '/home/tajw/git/team25_rs1/RS1-Gr25/build/41068_ignition_bringup': CMAKE_PREFIX_PATH=${CMAKE_PREFIX_PATH}:/opt/ros/humble /usr/bin/cmake --build /home/tajw/git/team25_rs1/RS1-Gr25/build/41068_ignition_bringup -- -j8 -l8
[2.409s] DEBUG:colcon.colcon_core.event_handler.log_command:Invoked command in '/home/tajw/git/team25_rs1/RS1-Gr25/build/41068_ignition_bringup' returned '0': CMAKE_PREFIX_PATH=${CMAKE_PREFIX_PATH}:/opt/ros/humble /usr/bin/cmake --build /home/tajw/git/team25_rs1/RS1-Gr25/build/41068_ignition_bringup -- -j8 -l8
[2.423s] DEBUG:colcon.colcon_core.event_handler.log_command:Invoking command in '/home/tajw/git/team25_rs1/RS1-Gr25/build/41068_ignition_bringup': CMAKE_PREFIX_PATH=${CMAKE_PREFIX_PATH}:/opt/ros/humble /usr/bin/cmake --install /home/tajw/git/team25_rs1/RS1-Gr25/build/41068_ignition_bringup
[2.508s] Level 1:colcon.colcon_core.environment:create_environment_scripts_only(41068_ignition_bringup)
[2.508s] DEBUG:colcon.colcon_core.event_handler.log_command:Invoked command in '/home/tajw/git/team25_rs1/RS1-Gr25/build/41068_ignition_bringup' returned '0': CMAKE_PREFIX_PATH=${CMAKE_PREFIX_PATH}:/opt/ros/humble /usr/bin/cmake --install /home/tajw/git/team25_rs1/RS1-Gr25/build/41068_ignition_bringup
[2.520s] Level 1:colcon.colcon_core.environment:checking '/home/tajw/git/team25_rs1/RS1-Gr25/install/41068_ignition_bringup' for CMake module files
[2.520s] Level 1:colcon.colcon_core.environment:checking '/home/tajw/git/team25_rs1/RS1-Gr25/install/41068_ignition_bringup' for CMake config files
[2.526s] Level 1:colcon.colcon_core.shell:create_environment_hook('41068_ignition_bringup', 'cmake_prefix_path')
[2.526s] INFO:colcon.colcon_core.shell:Creating environment hook '/home/tajw/git/team25_rs1/RS1-Gr25/install/41068_ignition_bringup/share/41068_ignition_bringup/hook/cmake_prefix_path.ps1'
[2.527s] INFO:colcon.colcon_core.shell:Creating environment descriptor '/home/tajw/git/team25_rs1/RS1-Gr25/install/41068_ignition_bringup/share/41068_ignition_bringup/hook/cmake_prefix_path.dsv'
[2.529s] INFO:colcon.colcon_core.shell:Creating environment hook '/home/tajw/git/team25_rs1/RS1-Gr25/install/41068_ignition_bringup/share/41068_ignition_bringup/hook/cmake_prefix_path.sh'
[2.531s] Level 1:colcon.colcon_core.environment:checking '/home/tajw/git/team25_rs1/RS1-Gr25/install/41068_ignition_bringup/lib'
[2.532s] Level 1:colcon.colcon_core.environment:checking '/home/tajw/git/team25_rs1/RS1-Gr25/install/41068_ignition_bringup/bin'
[2.532s] Level 1:colcon.colcon_core.environment:checking '/home/tajw/git/team25_rs1/RS1-Gr25/install/41068_ignition_bringup/lib/pkgconfig/41068_ignition_bringup.pc'
[2.532s] Level 1:colcon.colcon_core.environment:checking '/home/tajw/git/team25_rs1/RS1-Gr25/install/41068_ignition_bringup/lib/python3.10/site-packages'
[2.533s] Level 1:colcon.colcon_core.environment:checking '/home/tajw/git/team25_rs1/RS1-Gr25/install/41068_ignition_bringup/bin'
[2.533s] INFO:colcon.colcon_core.shell:Creating package script '/home/tajw/git/team25_rs1/RS1-Gr25/install/41068_ignition_bringup/share/41068_ignition_bringup/package.ps1'
[2.535s] INFO:colcon.colcon_core.shell:Creating package descriptor '/home/tajw/git/team25_rs1/RS1-Gr25/install/41068_ignition_bringup/share/41068_ignition_bringup/package.dsv'
[2.536s] INFO:colcon.colcon_core.shell:Creating package script '/home/tajw/git/team25_rs1/RS1-Gr25/install/41068_ignition_bringup/share/41068_ignition_bringup/package.sh'
[2.538s] INFO:colcon.colcon_core.shell:Creating package script '/home/tajw/git/team25_rs1/RS1-Gr25/install/41068_ignition_bringup/share/41068_ignition_bringup/package.bash'
[2.540s] INFO:colcon.colcon_core.shell:Creating package script '/home/tajw/git/team25_rs1/RS1-Gr25/install/41068_ignition_bringup/share/41068_ignition_bringup/package.zsh'
[2.541s] Level 1:colcon.colcon_core.environment:create_file_with_runtime_dependencies(/home/tajw/git/team25_rs1/RS1-Gr25/install/41068_ignition_bringup/share/colcon-core/packages/41068_ignition_bringup)
[2.542s] Level 1:colcon.colcon_core.environment:create_environment_scripts_only(41068_ignition_bringup)
[2.542s] Level 1:colcon.colcon_core.environment:checking '/home/tajw/git/team25_rs1/RS1-Gr25/install/41068_ignition_bringup' for CMake module files
[2.543s] Level 1:colcon.colcon_core.environment:checking '/home/tajw/git/team25_rs1/RS1-Gr25/install/41068_ignition_bringup' for CMake config files
[2.544s] Level 1:colcon.colcon_core.shell:create_environment_hook('41068_ignition_bringup', 'cmake_prefix_path')
[2.544s] INFO:colcon.colcon_core.shell:Creating environment hook '/home/tajw/git/team25_rs1/RS1-Gr25/install/41068_ignition_bringup/share/41068_ignition_bringup/hook/cmake_prefix_path.ps1'
[2.545s] INFO:colcon.colcon_core.shell:Creating environment descriptor '/home/tajw/git/team25_rs1/RS1-Gr25/install/41068_ignition_bringup/share/41068_ignition_bringup/hook/cmake_prefix_path.dsv'
[2.546s] INFO:colcon.colcon_core.shell:Creating environment hook '/home/tajw/git/team25_rs1/RS1-Gr25/install/41068_ignition_bringup/share/41068_ignition_bringup/hook/cmake_prefix_path.sh'
[2.547s] Level 1:colcon.colcon_core.environment:checking '/home/tajw/git/team25_rs1/RS1-Gr25/install/41068_ignition_bringup/lib'
[2.547s] Level 1:colcon.colcon_core.environment:checking '/home/tajw/git/team25_rs1/RS1-Gr25/install/41068_ignition_bringup/bin'
[2.547s] Level 1:colcon.colcon_core.environment:checking '/home/tajw/git/team25_rs1/RS1-Gr25/install/41068_ignition_bringup/lib/pkgconfig/41068_ignition_bringup.pc'
[2.547s] Level 1:colcon.colcon_core.environment:checking '/home/tajw/git/team25_rs1/RS1-Gr25/install/41068_ignition_bringup/lib/python3.10/site-packages'
[2.548s] Level 1:colcon.colcon_core.environment:checking '/home/tajw/git/team25_rs1/RS1-Gr25/install/41068_ignition_bringup/bin'
[2.548s] INFO:colcon.colcon_core.shell:Creating package script '/home/tajw/git/team25_rs1/RS1-Gr25/install/41068_ignition_bringup/share/41068_ignition_bringup/package.ps1'
[2.549s] INFO:colcon.colcon_core.shell:Creating package descriptor '/home/tajw/git/team25_rs1/RS1-Gr25/install/41068_ignition_bringup/share/41068_ignition_bringup/package.dsv'
[2.549s] INFO:colcon.colcon_core.shell:Creating package script '/home/tajw/git/team25_rs1/RS1-Gr25/install/41068_ignition_bringup/share/41068_ignition_bringup/package.sh'
[2.550s] INFO:colcon.colcon_core.shell:Creating package script '/home/tajw/git/team25_rs1/RS1-Gr25/install/41068_ignition_bringup/share/41068_ignition_bringup/package.bash'
[2.551s] INFO:colcon.colcon_core.shell:Creating package script '/home/tajw/git/team25_rs1/RS1-Gr25/install/41068_ignition_bringup/share/41068_ignition_bringup/package.zsh'
[2.551s] Level 1:colcon.colcon_core.environment:create_file_with_runtime_dependencies(/home/tajw/git/team25_rs1/RS1-Gr25/install/41068_ignition_bringup/share/colcon-core/packages/41068_ignition_bringup)
[2.551s] DEBUG:colcon.colcon_parallel_executor.executor.parallel:closing loop
[2.552s] DEBUG:colcon.colcon_parallel_executor.executor.parallel:loop closed
[2.553s] DEBUG:colcon.colcon_parallel_executor.executor.parallel:run_until_complete finished with '0'
[2.553s] DEBUG:colcon.colcon_core.event_reactor:joining thread
[2.605s] INFO:colcon.colcon_core.plugin_system:Skipping extension 'colcon_notification.desktop_notification.notify_send': Could not find 'notify-send'
[2.605s] INFO:colcon.colcon_core.plugin_system:Skipping extension 'colcon_notification.desktop_notification.terminal_notifier': Not used on non-Darwin systems
[2.605s] INFO:colcon.colcon_core.plugin_system:Skipping extension 'colcon_notification.desktop_notification.win32': Not used on non-Windows systems
[2.606s] INFO:colcon.colcon_notification.desktop_notification:Sending desktop notification using 'notify2'
[2.628s] DEBUG:colcon.colcon_notification.desktop_notification.notify2:Failed to initialize notify2: org.freedesktop.DBus.Error.ServiceUnknown: The name org.freedesktop.Notifications was not provided by any .service files
[2.628s] DEBUG:colcon.colcon_core.event_reactor:joined thread
[2.628s] INFO:colcon.colcon_core.shell:Creating prefix script '/home/tajw/git/team25_rs1/RS1-Gr25/install/local_setup.ps1'
[2.631s] INFO:colcon.colcon_core.shell:Creating prefix util module '/home/tajw/git/team25_rs1/RS1-Gr25/install/_local_setup_util_ps1.py'
[2.633s] INFO:colcon.colcon_core.shell:Creating prefix chain script '/home/tajw/git/team25_rs1/RS1-Gr25/install/setup.ps1'
[2.636s] INFO:colcon.colcon_core.shell:Creating prefix script '/home/tajw/git/team25_rs1/RS1-Gr25/install/local_setup.sh'
[2.638s] INFO:colcon.colcon_core.shell:Creating prefix util module '/home/tajw/git/team25_rs1/RS1-Gr25/install/_local_setup_util_sh.py'
[2.639s] INFO:colcon.colcon_core.shell:Creating prefix chain script '/home/tajw/git/team25_rs1/RS1-Gr25/install/setup.sh'
[2.641s] INFO:colcon.colcon_core.shell:Creating prefix script '/home/tajw/git/team25_rs1/RS1-Gr25/install/local_setup.bash'
[2.642s] INFO:colcon.colcon_core.shell:Creating prefix chain script '/home/tajw/git/team25_rs1/RS1-Gr25/install/setup.bash'
[2.644s] INFO:colcon.colcon_core.shell:Creating prefix script '/home/tajw/git/team25_rs1/RS1-Gr25/install/local_setup.zsh'
[2.646s] INFO:colcon.colcon_core.shell:Creating prefix chain script '/home/tajw/git/team25_rs1/RS1-Gr25/install/setup.zsh'
